{"type":"FeatureCollection","metadata":{"schema_version":1,"id":"station-one-central-peterborough-accuracy-inventory","area":"Ten-times Station 1 central Peterborough accuracy district","coordinate_reference":"EPSG:4326","generated_at":"2026-08-17T18:05:42.163Z","source":{"id":"city-open-data-and-openstreetmap","name":"City of Peterborough open geospatial data and OpenStreetMap","licence":"Open Government Licence - Ontario; Open Data Commons Open Database Licence (ODbL)"},"sources":[{"id":"city-of-peterborough","name":"City of Peterborough road surfaces and curb edges","licence":"City of Peterborough Open Data Licence"},{"id":"openstreetmap","name":"OpenStreetMap building, tree, and fence inventory","licence":"ODbL 1.0"}],"coverage":{"centre":{"lon":-78.3221624,"lat":44.30096873859512},"bounds":{"west":-78.32727138067858,"south":44.29730615311119,"east":-78.31705341932141,"north":44.30463132407905},"baseline_area_m2":66269.51489856302,"target_area_m2":662695.1489856303,"nominal_side_m":814.0609000471834,"feature_counts":{"tree":99,"building":441,"curb":294,"paved_area":110}},"production_policy":{"stable_features_only":true,"source_aligned_requires_visual_review":true,"render_authoritative_base_once":true}},"features":[{"type":"Feature","id":"district-osm-tree-10589020051","geometry":{"type":"Point","coordinates":[-78.3223327,44.3028856]},"properties":{"id":"district-osm-tree-10589020051","semantic_type":"tree","source_id":"openstreetmap-node-10589020051","confidence":0.8,"review_status":"source-aligned","render_in_semantic_layer":false,"source_role":"mapped-tree-inventory"}},{"type":"Feature","id":"district-osm-tree-10589020052","geometry":{"type":"Point","coordinates":[-78.3223511,44.3028966]},"properties":{"id":"district-osm-tree-10589020052","semantic_type":"tree","source_id":"openstreetmap-node-10589020052","confidence":0.8,"review_status":"source-aligned","render_in_semantic_layer":false,"source_role":"mapped-tree-inventory"}},{"type":"Feature","id":"district-osm-tree-10589020053","geometry":{"type":"Point","coordinates":[-78.3223736,44.3029024]},"properties":{"id":"district-osm-tree-10589020053","semantic_type":"tree","source_id":"openstreetmap-node-10589020053","confidence":0.8,"review_status":"source-aligned","render_in_semantic_layer":false,"source_role":"mapped-tree-inventory"}},{"type":"Feature","id":"district-osm-tree-10589020054","geometry":{"type":"Point","coordinates":[-78.3224111,44.3029039]},"properties":{"id":"district-osm-tree-10589020054","semantic_type":"tree","source_id":"openstreetmap-node-10589020054","confidence":0.8,"review_status":"source-aligned","render_in_semantic_layer":false,"source_role":"mapped-tree-inventory"}},{"type":"Feature","id":"district-osm-tree-10589020055","geometry":{"type":"Point","coordinates":[-78.3224398,44.3028996]},"properties":{"id":"district-osm-tree-10589020055","semantic_type":"tree","source_id":"openstreetmap-node-10589020055","confidence":0.8,"review_status":"source-aligned","render_in_semantic_layer":false,"source_role":"mapped-tree-inventory"}},{"type":"Feature","id":"district-osm-tree-10589020056","geometry":{"type":"Point","coordinates":[-78.3224612,44.3028918]},"properties":{"id":"district-osm-tree-10589020056","semantic_type":"tree","source_id":"openstreetmap-node-10589020056","confidence":0.8,"review_status":"source-aligned","render_in_semantic_layer":false,"source_role":"mapped-tree-inventory"}},{"type":"Feature","id":"district-osm-tree-10589020057","geometry":{"type":"Point","coordinates":[-78.322594,44.3029979]},"properties":{"id":"district-osm-tree-10589020057","semantic_type":"tree","source_id":"openstreetmap-node-10589020057","confidence":0.8,"review_status":"source-aligned","render_in_semantic_layer":false,"source_role":"mapped-tree-inventory"}},{"type":"Feature","id":"district-osm-tree-10589020058","geometry":{"type":"Point","coordinates":[-78.3225893,44.303042]},"properties":{"id":"district-osm-tree-10589020058","semantic_type":"tree","source_id":"openstreetmap-node-10589020058","confidence":0.8,"review_status":"source-aligned","render_in_semantic_layer":false,"source_role":"mapped-tree-inventory"}},{"type":"Feature","id":"district-osm-tree-10589020059","geometry":{"type":"Point","coordinates":[-78.3225819,44.3030785]},"properties":{"id":"district-osm-tree-10589020059","semantic_type":"tree","source_id":"openstreetmap-node-10589020059","confidence":0.8,"review_status":"source-aligned","render_in_semantic_layer":false,"source_role":"mapped-tree-inventory"}},{"type":"Feature","id":"district-osm-tree-10589020060","geometry":{"type":"Point","coordinates":[-78.3225421,44.3031541]},"properties":{"id":"district-osm-tree-10589020060","semantic_type":"tree","source_id":"openstreetmap-node-10589020060","confidence":0.8,"review_status":"source-aligned","render_in_semantic_layer":false,"source_role":"mapped-tree-inventory"}},{"type":"Feature","id":"district-osm-tree-10589020061","geometry":{"type":"Point","coordinates":[-78.3225491,44.3031299]},"properties":{"id":"district-osm-tree-10589020061","semantic_type":"tree","source_id":"openstreetmap-node-10589020061","confidence":0.8,"review_status":"source-aligned","render_in_semantic_layer":false,"source_role":"mapped-tree-inventory"}},{"type":"Feature","id":"district-osm-tree-10589020062","geometry":{"type":"Point","coordinates":[-78.3225796,44.3031575]},"properties":{"id":"district-osm-tree-10589020062","semantic_type":"tree","source_id":"openstreetmap-node-10589020062","confidence":0.8,"review_status":"source-aligned","render_in_semantic_layer":false,"source_role":"mapped-tree-inventory"}},{"type":"Feature","id":"district-osm-tree-10589020066","geometry":{"type":"Point","coordinates":[-78.3225477,44.3026543]},"properties":{"id":"district-osm-tree-10589020066","semantic_type":"tree","source_id":"openstreetmap-node-10589020066","confidence":0.8,"review_status":"source-aligned","render_in_semantic_layer":false,"source_role":"mapped-tree-inventory"}},{"type":"Feature","id":"district-osm-tree-10589020067","geometry":{"type":"Point","coordinates":[-78.322541,44.3026932]},"properties":{"id":"district-osm-tree-10589020067","semantic_type":"tree","source_id":"openstreetmap-node-10589020067","confidence":0.8,"review_status":"source-aligned","render_in_semantic_layer":false,"source_role":"mapped-tree-inventory"}},{"type":"Feature","id":"district-osm-tree-10589020068","geometry":{"type":"Point","coordinates":[-78.322535,44.3027292]},"properties":{"id":"district-osm-tree-10589020068","semantic_type":"tree","source_id":"openstreetmap-node-10589020068","confidence":0.8,"review_status":"source-aligned","render_in_semantic_layer":false,"source_role":"mapped-tree-inventory"}},{"type":"Feature","id":"district-osm-tree-10589020069","geometry":{"type":"Point","coordinates":[-78.3225303,44.3027681]},"properties":{"id":"district-osm-tree-10589020069","semantic_type":"tree","source_id":"openstreetmap-node-10589020069","confidence":0.8,"review_status":"source-aligned","render_in_semantic_layer":false,"source_role":"mapped-tree-inventory"}},{"type":"Feature","id":"district-osm-tree-10589020070","geometry":{"type":"Point","coordinates":[-78.3222882,44.3024518]},"properties":{"id":"district-osm-tree-10589020070","semantic_type":"tree","source_id":"openstreetmap-node-10589020070","confidence":0.8,"review_status":"source-aligned","render_in_semantic_layer":false,"source_role":"mapped-tree-inventory"}},{"type":"Feature","id":"district-osm-tree-10589020071","geometry":{"type":"Point","coordinates":[-78.3222812,44.3024868]},"properties":{"id":"district-osm-tree-10589020071","semantic_type":"tree","source_id":"openstreetmap-node-10589020071","confidence":0.8,"review_status":"source-aligned","render_in_semantic_layer":false,"source_role":"mapped-tree-inventory"}},{"type":"Feature","id":"district-osm-tree-10589020072","geometry":{"type":"Point","coordinates":[-78.3222752,44.3025264]},"properties":{"id":"district-osm-tree-10589020072","semantic_type":"tree","source_id":"openstreetmap-node-10589020072","confidence":0.8,"review_status":"source-aligned","render_in_semantic_layer":false,"source_role":"mapped-tree-inventory"}},{"type":"Feature","id":"district-osm-tree-10589020073","geometry":{"type":"Point","coordinates":[-78.3222701,44.3025708]},"properties":{"id":"district-osm-tree-10589020073","semantic_type":"tree","source_id":"openstreetmap-node-10589020073","confidence":0.8,"review_status":"source-aligned","render_in_semantic_layer":false,"source_role":"mapped-tree-inventory"}},{"type":"Feature","id":"district-osm-tree-10589020074","geometry":{"type":"Point","coordinates":[-78.3222648,44.3026039]},"properties":{"id":"district-osm-tree-10589020074","semantic_type":"tree","source_id":"openstreetmap-node-10589020074","confidence":0.8,"review_status":"source-aligned","render_in_semantic_layer":false,"source_role":"mapped-tree-inventory"}},{"type":"Feature","id":"district-osm-tree-10589020078","geometry":{"type":"Point","coordinates":[-78.3225742,44.30262]},"properties":{"id":"district-osm-tree-10589020078","semantic_type":"tree","source_id":"openstreetmap-node-10589020078","confidence":0.8,"review_status":"source-aligned","render_in_semantic_layer":false,"source_role":"mapped-tree-inventory"}},{"type":"Feature","id":"district-osm-tree-10589020079","geometry":{"type":"Point","coordinates":[-78.3226048,44.3026955]},"properties":{"id":"district-osm-tree-10589020079","semantic_type":"tree","source_id":"openstreetmap-node-10589020079","confidence":0.8,"review_status":"source-aligned","render_in_semantic_layer":false,"source_role":"mapped-tree-inventory"}},{"type":"Feature","id":"district-osm-tree-10589020080","geometry":{"type":"Point","coordinates":[-78.3225947,44.3027518]},"properties":{"id":"district-osm-tree-10589020080","semantic_type":"tree","source_id":"openstreetmap-node-10589020080","confidence":0.8,"review_status":"source-aligned","render_in_semantic_layer":false,"source_role":"mapped-tree-inventory"}},{"type":"Feature","id":"district-osm-tree-10589020081","geometry":{"type":"Point","coordinates":[-78.3225847,44.3028021]},"properties":{"id":"district-osm-tree-10589020081","semantic_type":"tree","source_id":"openstreetmap-node-10589020081","confidence":0.8,"review_status":"source-aligned","render_in_semantic_layer":false,"source_role":"mapped-tree-inventory"}},{"type":"Feature","id":"district-osm-tree-10589020082","geometry":{"type":"Point","coordinates":[-78.3225229,44.3028045]},"properties":{"id":"district-osm-tree-10589020082","semantic_type":"tree","source_id":"openstreetmap-node-10589020082","confidence":0.8,"review_status":"source-aligned","render_in_semantic_layer":false,"source_role":"mapped-tree-inventory"}},{"type":"Feature","id":"district-osm-tree-11983040739","geometry":{"type":"Point","coordinates":[-78.3177111,44.3017291]},"properties":{"id":"district-osm-tree-11983040739","semantic_type":"tree","source_id":"openstreetmap-node-11983040739","confidence":0.8,"review_status":"source-aligned","render_in_semantic_layer":false,"source_role":"mapped-tree-inventory"}},{"type":"Feature","id":"district-osm-tree-11983040740","geometry":{"type":"Point","coordinates":[-78.3176816,44.3017838]},"properties":{"id":"district-osm-tree-11983040740","semantic_type":"tree","source_id":"openstreetmap-node-11983040740","confidence":0.8,"review_status":"source-aligned","render_in_semantic_layer":false,"source_role":"mapped-tree-inventory"}},{"type":"Feature","id":"district-osm-tree-11983040749","geometry":{"type":"Point","coordinates":[-78.3181637,44.2993756]},"properties":{"id":"district-osm-tree-11983040749","semantic_type":"tree","source_id":"openstreetmap-node-11983040749","confidence":0.8,"review_status":"source-aligned","render_in_semantic_layer":false,"source_role":"mapped-tree-inventory"}},{"type":"Feature","id":"district-osm-tree-11983040750","geometry":{"type":"Point","coordinates":[-78.3181328,44.3003719]},"properties":{"id":"district-osm-tree-11983040750","semantic_type":"tree","source_id":"openstreetmap-node-11983040750","confidence":0.8,"review_status":"source-aligned","render_in_semantic_layer":false,"source_role":"mapped-tree-inventory"}},{"type":"Feature","id":"district-osm-tree-11983040751","geometry":{"type":"Point","coordinates":[-78.317984,44.2999774]},"properties":{"id":"district-osm-tree-11983040751","semantic_type":"tree","source_id":"openstreetmap-node-11983040751","confidence":0.8,"review_status":"source-aligned","render_in_semantic_layer":false,"source_role":"mapped-tree-inventory"}},{"type":"Feature","id":"district-osm-tree-11983040752","geometry":{"type":"Point","coordinates":[-78.3179766,44.299916]},"properties":{"id":"district-osm-tree-11983040752","semantic_type":"tree","source_id":"openstreetmap-node-11983040752","confidence":0.8,"review_status":"source-aligned","render_in_semantic_layer":false,"source_role":"mapped-tree-inventory"}},{"type":"Feature","id":"district-osm-tree-11983040753","geometry":{"type":"Point","coordinates":[-78.3179303,44.299653]},"properties":{"id":"district-osm-tree-11983040753","semantic_type":"tree","source_id":"openstreetmap-node-11983040753","confidence":0.8,"review_status":"source-aligned","render_in_semantic_layer":false,"source_role":"mapped-tree-inventory"}},{"type":"Feature","id":"district-osm-tree-11983040754","geometry":{"type":"Point","coordinates":[-78.3180648,44.2998788]},"properties":{"id":"district-osm-tree-11983040754","semantic_type":"tree","source_id":"openstreetmap-node-11983040754","confidence":0.8,"review_status":"source-aligned","render_in_semantic_layer":false,"source_role":"mapped-tree-inventory"}},{"type":"Feature","id":"district-osm-tree-11983040755","geometry":{"type":"Point","coordinates":[-78.318106,44.2999789]},"properties":{"id":"district-osm-tree-11983040755","semantic_type":"tree","source_id":"openstreetmap-node-11983040755","confidence":0.8,"review_status":"source-aligned","render_in_semantic_layer":false,"source_role":"mapped-tree-inventory"}},{"type":"Feature","id":"district-osm-tree-11983040756","geometry":{"type":"Point","coordinates":[-78.318154,44.3000501]},"properties":{"id":"district-osm-tree-11983040756","semantic_type":"tree","source_id":"openstreetmap-node-11983040756","confidence":0.8,"review_status":"source-aligned","render_in_semantic_layer":false,"source_role":"mapped-tree-inventory"}},{"type":"Feature","id":"district-osm-tree-11983040757","geometry":{"type":"Point","coordinates":[-78.3182197,44.3002143]},"properties":{"id":"district-osm-tree-11983040757","semantic_type":"tree","source_id":"openstreetmap-node-11983040757","confidence":0.8,"review_status":"source-aligned","render_in_semantic_layer":false,"source_role":"mapped-tree-inventory"}},{"type":"Feature","id":"district-osm-tree-11983040758","geometry":{"type":"Point","coordinates":[-78.3182371,44.3003069]},"properties":{"id":"district-osm-tree-11983040758","semantic_type":"tree","source_id":"openstreetmap-node-11983040758","confidence":0.8,"review_status":"source-aligned","render_in_semantic_layer":false,"source_role":"mapped-tree-inventory"}},{"type":"Feature","id":"district-osm-tree-11983040759","geometry":{"type":"Point","coordinates":[-78.3182736,44.3003861]},"properties":{"id":"district-osm-tree-11983040759","semantic_type":"tree","source_id":"openstreetmap-node-11983040759","confidence":0.8,"review_status":"source-aligned","render_in_semantic_layer":false,"source_role":"mapped-tree-inventory"}},{"type":"Feature","id":"district-osm-tree-11983040760","geometry":{"type":"Point","coordinates":[-78.3181476,44.3004607]},"properties":{"id":"district-osm-tree-11983040760","semantic_type":"tree","source_id":"openstreetmap-node-11983040760","confidence":0.8,"review_status":"source-aligned","render_in_semantic_layer":false,"source_role":"mapped-tree-inventory"}},{"type":"Feature","id":"district-osm-tree-11983046665","geometry":{"type":"Point","coordinates":[-78.3170868,44.3028942]},"properties":{"id":"district-osm-tree-11983046665","semantic_type":"tree","source_id":"openstreetmap-node-11983046665","confidence":0.8,"review_status":"source-aligned","render_in_semantic_layer":false,"source_role":"mapped-tree-inventory"}},{"type":"Feature","id":"district-osm-tree-11983046666","geometry":{"type":"Point","coordinates":[-78.3170901,44.3029701]},"properties":{"id":"district-osm-tree-11983046666","semantic_type":"tree","source_id":"openstreetmap-node-11983046666","confidence":0.8,"review_status":"source-aligned","render_in_semantic_layer":false,"source_role":"mapped-tree-inventory"}},{"type":"Feature","id":"district-osm-tree-11983046673","geometry":{"type":"Point","coordinates":[-78.3171625,44.3027388]},"properties":{"id":"district-osm-tree-11983046673","semantic_type":"tree","source_id":"openstreetmap-node-11983046673","confidence":0.8,"review_status":"source-aligned","render_in_semantic_layer":false,"source_role":"mapped-tree-inventory"}},{"type":"Feature","id":"district-osm-tree-11983046676","geometry":{"type":"Point","coordinates":[-78.3173087,44.3021459]},"properties":{"id":"district-osm-tree-11983046676","semantic_type":"tree","source_id":"openstreetmap-node-11983046676","confidence":0.8,"review_status":"source-aligned","render_in_semantic_layer":false,"source_role":"mapped-tree-inventory"}},{"type":"Feature","id":"district-osm-tree-11983046677","geometry":{"type":"Point","coordinates":[-78.3172269,44.3021723]},"properties":{"id":"district-osm-tree-11983046677","semantic_type":"tree","source_id":"openstreetmap-node-11983046677","confidence":0.8,"review_status":"source-aligned","render_in_semantic_layer":false,"source_role":"mapped-tree-inventory"}},{"type":"Feature","id":"district-osm-tree-11983046678","geometry":{"type":"Point","coordinates":[-78.3172242,44.3022138]},"properties":{"id":"district-osm-tree-11983046678","semantic_type":"tree","source_id":"openstreetmap-node-11983046678","confidence":0.8,"review_status":"source-aligned","render_in_semantic_layer":false,"source_role":"mapped-tree-inventory"}},{"type":"Feature","id":"district-osm-tree-11983046714","geometry":{"type":"Point","coordinates":[-78.3184312,44.3009464]},"properties":{"id":"district-osm-tree-11983046714","semantic_type":"tree","source_id":"openstreetmap-node-11983046714","confidence":0.8,"review_status":"source-aligned","render_in_semantic_layer":false,"source_role":"mapped-tree-inventory"}},{"type":"Feature","id":"district-osm-tree-11983046715","geometry":{"type":"Point","coordinates":[-78.3181731,44.3011546]},"properties":{"id":"district-osm-tree-11983046715","semantic_type":"tree","source_id":"openstreetmap-node-11983046715","confidence":0.8,"review_status":"source-aligned","render_in_semantic_layer":false,"source_role":"mapped-tree-inventory"}},{"type":"Feature","id":"district-osm-tree-11983046716","geometry":{"type":"Point","coordinates":[-78.3181885,44.3011038]},"properties":{"id":"district-osm-tree-11983046716","semantic_type":"tree","source_id":"openstreetmap-node-11983046716","confidence":0.8,"review_status":"source-aligned","render_in_semantic_layer":false,"source_role":"mapped-tree-inventory"}},{"type":"Feature","id":"district-osm-tree-11983046717","geometry":{"type":"Point","coordinates":[-78.318452,44.3011268]},"properties":{"id":"district-osm-tree-11983046717","semantic_type":"tree","source_id":"openstreetmap-node-11983046717","confidence":0.8,"review_status":"source-aligned","render_in_semantic_layer":false,"source_role":"mapped-tree-inventory"}},{"type":"Feature","id":"district-osm-tree-11983046718","geometry":{"type":"Point","coordinates":[-78.3181965,44.3012597]},"properties":{"id":"district-osm-tree-11983046718","semantic_type":"tree","source_id":"openstreetmap-node-11983046718","confidence":0.8,"review_status":"source-aligned","render_in_semantic_layer":false,"source_role":"mapped-tree-inventory"}},{"type":"Feature","id":"district-osm-tree-11983046719","geometry":{"type":"Point","coordinates":[-78.3182488,44.3014522]},"properties":{"id":"district-osm-tree-11983046719","semantic_type":"tree","source_id":"openstreetmap-node-11983046719","confidence":0.8,"review_status":"source-aligned","render_in_semantic_layer":false,"source_role":"mapped-tree-inventory"}},{"type":"Feature","id":"district-osm-tree-11983046720","geometry":{"type":"Point","coordinates":[-78.3182743,44.3013816]},"properties":{"id":"district-osm-tree-11983046720","semantic_type":"tree","source_id":"openstreetmap-node-11983046720","confidence":0.8,"review_status":"source-aligned","render_in_semantic_layer":false,"source_role":"mapped-tree-inventory"}},{"type":"Feature","id":"district-osm-tree-11983046721","geometry":{"type":"Point","coordinates":[-78.3181228,44.3016341]},"properties":{"id":"district-osm-tree-11983046721","semantic_type":"tree","source_id":"openstreetmap-node-11983046721","confidence":0.8,"review_status":"source-aligned","render_in_semantic_layer":false,"source_role":"mapped-tree-inventory"}},{"type":"Feature","id":"district-osm-tree-11983046722","geometry":{"type":"Point","coordinates":[-78.3180115,44.301599]},"properties":{"id":"district-osm-tree-11983046722","semantic_type":"tree","source_id":"openstreetmap-node-11983046722","confidence":0.8,"review_status":"source-aligned","render_in_semantic_layer":false,"source_role":"mapped-tree-inventory"}},{"type":"Feature","id":"district-osm-tree-11983046723","geometry":{"type":"Point","coordinates":[-78.3180698,44.3015184]},"properties":{"id":"district-osm-tree-11983046723","semantic_type":"tree","source_id":"openstreetmap-node-11983046723","confidence":0.8,"review_status":"source-aligned","render_in_semantic_layer":false,"source_role":"mapped-tree-inventory"}},{"type":"Feature","id":"district-osm-tree-11983046724","geometry":{"type":"Point","coordinates":[-78.3175018,44.3015601]},"properties":{"id":"district-osm-tree-11983046724","semantic_type":"tree","source_id":"openstreetmap-node-11983046724","confidence":0.8,"review_status":"source-aligned","render_in_semantic_layer":false,"source_role":"mapped-tree-inventory"}},{"type":"Feature","id":"district-osm-tree-11983046725","geometry":{"type":"Point","coordinates":[-78.3172484,44.3017679]},"properties":{"id":"district-osm-tree-11983046725","semantic_type":"tree","source_id":"openstreetmap-node-11983046725","confidence":0.8,"review_status":"source-aligned","render_in_semantic_layer":false,"source_role":"mapped-tree-inventory"}},{"type":"Feature","id":"district-osm-tree-11983046726","geometry":{"type":"Point","coordinates":[-78.3171954,44.3018582]},"properties":{"id":"district-osm-tree-11983046726","semantic_type":"tree","source_id":"openstreetmap-node-11983046726","confidence":0.8,"review_status":"source-aligned","render_in_semantic_layer":false,"source_role":"mapped-tree-inventory"}},{"type":"Feature","id":"district-osm-tree-11983046727","geometry":{"type":"Point","coordinates":[-78.3171652,44.3019421]},"properties":{"id":"district-osm-tree-11983046727","semantic_type":"tree","source_id":"openstreetmap-node-11983046727","confidence":0.8,"review_status":"source-aligned","render_in_semantic_layer":false,"source_role":"mapped-tree-inventory"}},{"type":"Feature","id":"district-osm-tree-11983046728","geometry":{"type":"Point","coordinates":[-78.3171029,44.3020328]},"properties":{"id":"district-osm-tree-11983046728","semantic_type":"tree","source_id":"openstreetmap-node-11983046728","confidence":0.8,"review_status":"source-aligned","render_in_semantic_layer":false,"source_role":"mapped-tree-inventory"}},{"type":"Feature","id":"district-osm-tree-11983046731","geometry":{"type":"Point","coordinates":[-78.3171565,44.3023107]},"properties":{"id":"district-osm-tree-11983046731","semantic_type":"tree","source_id":"openstreetmap-node-11983046731","confidence":0.8,"review_status":"source-aligned","render_in_semantic_layer":false,"source_role":"mapped-tree-inventory"}},{"type":"Feature","id":"district-osm-tree-11983046732","geometry":{"type":"Point","coordinates":[-78.3171009,44.3023788]},"properties":{"id":"district-osm-tree-11983046732","semantic_type":"tree","source_id":"openstreetmap-node-11983046732","confidence":0.8,"review_status":"source-aligned","render_in_semantic_layer":false,"source_role":"mapped-tree-inventory"}},{"type":"Feature","id":"district-osm-tree-11983046733","geometry":{"type":"Point","coordinates":[-78.3173402,44.3025612]},"properties":{"id":"district-osm-tree-11983046733","semantic_type":"tree","source_id":"openstreetmap-node-11983046733","confidence":0.8,"review_status":"source-aligned","render_in_semantic_layer":false,"source_role":"mapped-tree-inventory"}},{"type":"Feature","id":"district-osm-tree-11983046734","geometry":{"type":"Point","coordinates":[-78.3174019,44.3024859]},"properties":{"id":"district-osm-tree-11983046734","semantic_type":"tree","source_id":"openstreetmap-node-11983046734","confidence":0.8,"review_status":"source-aligned","render_in_semantic_layer":false,"source_role":"mapped-tree-inventory"}},{"type":"Feature","id":"district-osm-tree-11983046735","geometry":{"type":"Point","coordinates":[-78.3174033,44.3023817]},"properties":{"id":"district-osm-tree-11983046735","semantic_type":"tree","source_id":"openstreetmap-node-11983046735","confidence":0.8,"review_status":"source-aligned","render_in_semantic_layer":false,"source_role":"mapped-tree-inventory"}},{"type":"Feature","id":"district-osm-tree-11983046736","geometry":{"type":"Point","coordinates":[-78.3175696,44.302208]},"properties":{"id":"district-osm-tree-11983046736","semantic_type":"tree","source_id":"openstreetmap-node-11983046736","confidence":0.8,"review_status":"source-aligned","render_in_semantic_layer":false,"source_role":"mapped-tree-inventory"}},{"type":"Feature","id":"district-osm-tree-11983046737","geometry":{"type":"Point","coordinates":[-78.3178841,44.3017751]},"properties":{"id":"district-osm-tree-11983046737","semantic_type":"tree","source_id":"openstreetmap-node-11983046737","confidence":0.8,"review_status":"source-aligned","render_in_semantic_layer":false,"source_role":"mapped-tree-inventory"}},{"type":"Feature","id":"district-osm-tree-11983046738","geometry":{"type":"Point","coordinates":[-78.3177761,44.3019369]},"properties":{"id":"district-osm-tree-11983046738","semantic_type":"tree","source_id":"openstreetmap-node-11983046738","confidence":0.8,"review_status":"source-aligned","render_in_semantic_layer":false,"source_role":"mapped-tree-inventory"}},{"type":"Feature","id":"district-osm-tree-11983046739","geometry":{"type":"Point","coordinates":[-78.3185982,44.3019733]},"properties":{"id":"district-osm-tree-11983046739","semantic_type":"tree","source_id":"openstreetmap-node-11983046739","confidence":0.8,"review_status":"source-aligned","render_in_semantic_layer":false,"source_role":"mapped-tree-inventory"}},{"type":"Feature","id":"district-osm-tree-11983046740","geometry":{"type":"Point","coordinates":[-78.3185016,44.3019373]},"properties":{"id":"district-osm-tree-11983046740","semantic_type":"tree","source_id":"openstreetmap-node-11983046740","confidence":0.8,"review_status":"source-aligned","render_in_semantic_layer":false,"source_role":"mapped-tree-inventory"}},{"type":"Feature","id":"district-osm-tree-11983046741","geometry":{"type":"Point","coordinates":[-78.318511,44.3018015]},"properties":{"id":"district-osm-tree-11983046741","semantic_type":"tree","source_id":"openstreetmap-node-11983046741","confidence":0.8,"review_status":"source-aligned","render_in_semantic_layer":false,"source_role":"mapped-tree-inventory"}},{"type":"Feature","id":"district-osm-tree-11983046742","geometry":{"type":"Point","coordinates":[-78.3185801,44.3017629]},"properties":{"id":"district-osm-tree-11983046742","semantic_type":"tree","source_id":"openstreetmap-node-11983046742","confidence":0.8,"review_status":"source-aligned","render_in_semantic_layer":false,"source_role":"mapped-tree-inventory"}},{"type":"Feature","id":"district-osm-tree-11983046743","geometry":{"type":"Point","coordinates":[-78.318571,44.3018061]},"properties":{"id":"district-osm-tree-11983046743","semantic_type":"tree","source_id":"openstreetmap-node-11983046743","confidence":0.8,"review_status":"source-aligned","render_in_semantic_layer":false,"source_role":"mapped-tree-inventory"}},{"type":"Feature","id":"district-osm-tree-11983046744","geometry":{"type":"Point","coordinates":[-78.3186347,44.3017845]},"properties":{"id":"district-osm-tree-11983046744","semantic_type":"tree","source_id":"openstreetmap-node-11983046744","confidence":0.8,"review_status":"source-aligned","render_in_semantic_layer":false,"source_role":"mapped-tree-inventory"}},{"type":"Feature","id":"district-osm-tree-11983046745","geometry":{"type":"Point","coordinates":[-78.3186639,44.3017408]},"properties":{"id":"district-osm-tree-11983046745","semantic_type":"tree","source_id":"openstreetmap-node-11983046745","confidence":0.8,"review_status":"source-aligned","render_in_semantic_layer":false,"source_role":"mapped-tree-inventory"}},{"type":"Feature","id":"district-osm-tree-11983046746","geometry":{"type":"Point","coordinates":[-78.3187038,44.3017787]},"properties":{"id":"district-osm-tree-11983046746","semantic_type":"tree","source_id":"openstreetmap-node-11983046746","confidence":0.8,"review_status":"source-aligned","render_in_semantic_layer":false,"source_role":"mapped-tree-inventory"}},{"type":"Feature","id":"district-osm-tree-11983046747","geometry":{"type":"Point","coordinates":[-78.3187491,44.3017461]},"properties":{"id":"district-osm-tree-11983046747","semantic_type":"tree","source_id":"openstreetmap-node-11983046747","confidence":0.8,"review_status":"source-aligned","render_in_semantic_layer":false,"source_role":"mapped-tree-inventory"}},{"type":"Feature","id":"district-osm-tree-11983046748","geometry":{"type":"Point","coordinates":[-78.3187699,44.3017883]},"properties":{"id":"district-osm-tree-11983046748","semantic_type":"tree","source_id":"openstreetmap-node-11983046748","confidence":0.8,"review_status":"source-aligned","render_in_semantic_layer":false,"source_role":"mapped-tree-inventory"}},{"type":"Feature","id":"district-osm-tree-11983046749","geometry":{"type":"Point","coordinates":[-78.3188349,44.3017699]},"properties":{"id":"district-osm-tree-11983046749","semantic_type":"tree","source_id":"openstreetmap-node-11983046749","confidence":0.8,"review_status":"source-aligned","render_in_semantic_layer":false,"source_role":"mapped-tree-inventory"}},{"type":"Feature","id":"district-osm-tree-11983046750","geometry":{"type":"Point","coordinates":[-78.3189492,44.3019292]},"properties":{"id":"district-osm-tree-11983046750","semantic_type":"tree","source_id":"openstreetmap-node-11983046750","confidence":0.8,"review_status":"source-aligned","render_in_semantic_layer":false,"source_role":"mapped-tree-inventory"}},{"type":"Feature","id":"district-osm-tree-11983046751","geometry":{"type":"Point","coordinates":[-78.3189383,44.3018667]},"properties":{"id":"district-osm-tree-11983046751","semantic_type":"tree","source_id":"openstreetmap-node-11983046751","confidence":0.8,"review_status":"source-aligned","render_in_semantic_layer":false,"source_role":"mapped-tree-inventory"}},{"type":"Feature","id":"district-osm-tree-11983046752","geometry":{"type":"Point","coordinates":[-78.3188939,44.3018116]},"properties":{"id":"district-osm-tree-11983046752","semantic_type":"tree","source_id":"openstreetmap-node-11983046752","confidence":0.8,"review_status":"source-aligned","render_in_semantic_layer":false,"source_role":"mapped-tree-inventory"}},{"type":"Feature","id":"district-osm-tree-11983046753","geometry":{"type":"Point","coordinates":[-78.3188309,44.301814]},"properties":{"id":"district-osm-tree-11983046753","semantic_type":"tree","source_id":"openstreetmap-node-11983046753","confidence":0.8,"review_status":"source-aligned","render_in_semantic_layer":false,"source_role":"mapped-tree-inventory"}},{"type":"Feature","id":"district-osm-tree-11983046754","geometry":{"type":"Point","coordinates":[-78.3188765,44.3018543]},"properties":{"id":"district-osm-tree-11983046754","semantic_type":"tree","source_id":"openstreetmap-node-11983046754","confidence":0.8,"review_status":"source-aligned","render_in_semantic_layer":false,"source_role":"mapped-tree-inventory"}},{"type":"Feature","id":"district-osm-tree-11983046755","geometry":{"type":"Point","coordinates":[-78.3183541,44.3019354]},"properties":{"id":"district-osm-tree-11983046755","semantic_type":"tree","source_id":"openstreetmap-node-11983046755","confidence":0.8,"review_status":"source-aligned","render_in_semantic_layer":false,"source_role":"mapped-tree-inventory"}},{"type":"Feature","id":"district-osm-tree-11983046756","geometry":{"type":"Point","coordinates":[-78.3182763,44.301981]},"properties":{"id":"district-osm-tree-11983046756","semantic_type":"tree","source_id":"openstreetmap-node-11983046756","confidence":0.8,"review_status":"source-aligned","render_in_semantic_layer":false,"source_role":"mapped-tree-inventory"}},{"type":"Feature","id":"district-osm-tree-11983046757","geometry":{"type":"Point","coordinates":[-78.318169,44.3020146]},"properties":{"id":"district-osm-tree-11983046757","semantic_type":"tree","source_id":"openstreetmap-node-11983046757","confidence":0.8,"review_status":"source-aligned","render_in_semantic_layer":false,"source_role":"mapped-tree-inventory"}},{"type":"Feature","id":"district-osm-tree-11983046758","geometry":{"type":"Point","coordinates":[-78.3180698,44.3020088]},"properties":{"id":"district-osm-tree-11983046758","semantic_type":"tree","source_id":"openstreetmap-node-11983046758","confidence":0.8,"review_status":"source-aligned","render_in_semantic_layer":false,"source_role":"mapped-tree-inventory"}},{"type":"Feature","id":"district-osm-tree-11983046759","geometry":{"type":"Point","coordinates":[-78.3184044,44.3017478]},"properties":{"id":"district-osm-tree-11983046759","semantic_type":"tree","source_id":"openstreetmap-node-11983046759","confidence":0.8,"review_status":"source-aligned","render_in_semantic_layer":false,"source_role":"mapped-tree-inventory"}},{"type":"Feature","id":"district-osm-tree-11983046760","geometry":{"type":"Point","coordinates":[-78.3183005,44.3017137]},"properties":{"id":"district-osm-tree-11983046760","semantic_type":"tree","source_id":"openstreetmap-node-11983046760","confidence":0.8,"review_status":"source-aligned","render_in_semantic_layer":false,"source_role":"mapped-tree-inventory"}},{"type":"Feature","id":"district-osm-tree-11983046761","geometry":{"type":"Point","coordinates":[-78.31811,44.3017118]},"properties":{"id":"district-osm-tree-11983046761","semantic_type":"tree","source_id":"openstreetmap-node-11983046761","confidence":0.8,"review_status":"source-aligned","render_in_semantic_layer":false,"source_role":"mapped-tree-inventory"}},{"type":"Feature","id":"district-osm-tree-11983046762","geometry":{"type":"Point","coordinates":[-78.3175193,44.302041]},"properties":{"id":"district-osm-tree-11983046762","semantic_type":"tree","source_id":"openstreetmap-node-11983046762","confidence":0.8,"review_status":"source-aligned","render_in_semantic_layer":false,"source_role":"mapped-tree-inventory"}},{"type":"Feature","id":"district-osm-tree-11983046763","geometry":{"type":"Point","coordinates":[-78.3180249,44.3018078]},"properties":{"id":"district-osm-tree-11983046763","semantic_type":"tree","source_id":"openstreetmap-node-11983046763","confidence":0.8,"review_status":"source-aligned","render_in_semantic_layer":false,"source_role":"mapped-tree-inventory"}},{"type":"Feature","id":"district-osm-tree-12810720528","geometry":{"type":"Point","coordinates":[-78.3225752,44.3028837]},"properties":{"id":"district-osm-tree-12810720528","semantic_type":"tree","source_id":"openstreetmap-node-12810720528","confidence":0.8,"review_status":"source-aligned","render_in_semantic_layer":false,"source_role":"mapped-tree-inventory"}},{"type":"Feature","id":"district-osm-tree-12810720529","geometry":{"type":"Point","coordinates":[-78.3225813,44.3028439]},"properties":{"id":"district-osm-tree-12810720529","semantic_type":"tree","source_id":"openstreetmap-node-12810720529","confidence":0.8,"review_status":"source-aligned","render_in_semantic_layer":false,"source_role":"mapped-tree-inventory"}},{"type":"Feature","id":"district-osm-tree-12810720531","geometry":{"type":"Point","coordinates":[-78.3221575,44.3032129]},"properties":{"id":"district-osm-tree-12810720531","semantic_type":"tree","source_id":"openstreetmap-node-12810720531","confidence":0.8,"review_status":"source-aligned","render_in_semantic_layer":false,"source_role":"mapped-tree-inventory"}},{"type":"Feature","id":"district-osm-tree-12810720532","geometry":{"type":"Point","coordinates":[-78.3221622,44.3031822]},"properties":{"id":"district-osm-tree-12810720532","semantic_type":"tree","source_id":"openstreetmap-node-12810720532","confidence":0.8,"review_status":"source-aligned","render_in_semantic_layer":false,"source_role":"mapped-tree-inventory"}},{"type":"Feature","id":"district-osm-tree-12810720541","geometry":{"type":"Point","coordinates":[-78.3226192,44.3031611]},"properties":{"id":"district-osm-tree-12810720541","semantic_type":"tree","source_id":"openstreetmap-node-12810720541","confidence":0.8,"review_status":"source-aligned","render_in_semantic_layer":false,"source_role":"mapped-tree-inventory"}},{"type":"Feature","id":"district-osm-building-77772916","geometry":{"type":"Polygon","coordinates":[[[-78.319283,44.2985354],[-78.3187857,44.2986418],[-78.3187209,44.2984804],[-78.3186985,44.2984864],[-78.3186875,44.2984638],[-78.3187149,44.2984572],[-78.3186815,44.2983765],[-78.3187981,44.2983483],[-78.3187609,44.2982617],[-78.3187087,44.2982641],[-78.3186955,44.2980909],[-78.3188381,44.2980856],[-78.3188395,44.2981],[-78.3188937,44.2980977],[-78.31886,44.2976504],[-78.3186922,44.2976573],[-78.3186767,44.2974473],[-78.3191036,44.2974307],[-78.3191324,44.2978109],[-78.3191344,44.297811],[-78.3191368,44.2978478],[-78.3191358,44.2978477],[-78.3191646,44.2982287],[-78.3191495,44.298229],[-78.3191594,44.2982768],[-78.3191766,44.2982729],[-78.3191968,44.2983228],[-78.3192111,44.29832],[-78.3192014,44.2982963],[-78.3192768,44.29828],[-78.3193113,44.2983623],[-78.3192346,44.2983786],[-78.3192285,44.2983623],[-78.319214,44.2983651],[-78.319283,44.2985354]]]},"properties":{"id":"district-osm-building-77772916","semantic_type":"building","source_id":"openstreetmap-way-77772916","confidence":0.86,"review_status":"source-aligned","render_in_semantic_layer":false,"source_role":"building-footprint-inventory","building_class":"yes","height":null,"levels":"3","roof_shape":null}},{"type":"Feature","id":"district-osm-building-77774650","geometry":{"type":"Polygon","coordinates":[[[-78.3197783,44.3039057],[-78.3197904,44.3040445],[-78.3198176,44.3043375],[-78.3198035,44.304349],[-78.3196759,44.3043554],[-78.3196536,44.3043368],[-78.3196484,44.3043425],[-78.3196122,44.3043445],[-78.3195266,44.3042863],[-78.3194974,44.3043118],[-78.3194785,44.3043277],[-78.319462,44.3043388],[-78.3194941,44.3043605],[-78.3195021,44.3043531],[-78.319598,44.3044114],[-78.3195739,44.3044323],[-78.3195068,44.3044865],[-78.3195084,44.3045308],[-78.3194715,44.3045622],[-78.3194656,44.3045672],[-78.3193651,44.3045713],[-78.3193258,44.3046039],[-78.3190344,44.3046173],[-78.3190001,44.3045937],[-78.3189936,44.3045151],[-78.3190801,44.3044444],[-78.3189602,44.3043681],[-78.3189354,44.3040974],[-78.3189562,44.3040806],[-78.3189537,44.3040489],[-78.3189389,44.3040421],[-78.3189311,44.3039509],[-78.3189243,44.3038782],[-78.3189494,44.3038565],[-78.318997,44.3038893],[-78.3190393,44.3038874],[-78.3191561,44.3039606],[-78.3192089,44.3039937],[-78.3192501,44.3039925],[-78.3192915,44.3039562],[-78.3193384,44.3039184],[-78.3193888,44.3038762],[-78.3193829,44.3038069],[-78.319408,44.3037852],[-78.3194029,44.3037267],[-78.3193981,44.3036718],[-78.3194074,44.3036663],[-78.3194064,44.3036493],[-78.3194057,44.3036375],[-78.3194183,44.3036255],[-78.3194874,44.3036718],[-78.3195403,44.3036698],[-78.3195589,44.3039119],[-78.3196241,44.30391],[-78.3196755,44.3039085],[-78.3197569,44.3039062],[-78.3197783,44.3039057]]]},"properties":{"id":"district-osm-building-77774650","semantic_type":"building","source_id":"openstreetmap-way-77774650","confidence":0.86,"review_status":"source-aligned","render_in_semantic_layer":false,"source_role":"building-footprint-inventory","building_class":"yes","height":null,"levels":"4","roof_shape":null}},{"type":"Feature","id":"district-osm-building-177046403","geometry":{"type":"Polygon","coordinates":[[[-78.3240891,44.303084],[-78.3237078,44.3030965],[-78.3234141,44.3031078],[-78.323404,44.3029542],[-78.3237037,44.3029427],[-78.3239104,44.3029363],[-78.324079,44.3029304],[-78.3240891,44.303084]]]},"properties":{"id":"district-osm-building-177046403","semantic_type":"building","source_id":"openstreetmap-way-177046403","confidence":0.86,"review_status":"source-aligned","render_in_semantic_layer":false,"source_role":"building-footprint-inventory","building_class":"apartments","height":null,"levels":"14","roof_shape":null}},{"type":"Feature","id":"district-osm-building-194192338","geometry":{"type":"Polygon","coordinates":[[[-78.3240374,44.3028145],[-78.3238214,44.3028216],[-78.3237839,44.3022784],[-78.3239999,44.3022713],[-78.3240374,44.3028145]]]},"properties":{"id":"district-osm-building-194192338","semantic_type":"building","source_id":"openstreetmap-way-194192338","confidence":0.86,"review_status":"source-aligned","render_in_semantic_layer":false,"source_role":"building-footprint-inventory","building_class":"apartments","height":null,"levels":"9","roof_shape":null}},{"type":"Feature","id":"district-osm-building-194192413","geometry":{"type":"Polygon","coordinates":[[[-78.3219334,44.3023528],[-78.3214035,44.3023741],[-78.3214049,44.3024057],[-78.3213079,44.30241],[-78.3213068,44.3023789],[-78.3212898,44.3023797],[-78.3212498,44.3023817],[-78.3212651,44.302663],[-78.3207656,44.3026885],[-78.3206403,44.3025944],[-78.320475,44.3026012],[-78.3204721,44.3025242],[-78.3204074,44.3025283],[-78.3203806,44.302157],[-78.3204489,44.3021554],[-78.3204443,44.3020965],[-78.3212742,44.3020661],[-78.3219132,44.3020399],[-78.3219162,44.3020745],[-78.3219743,44.3020728],[-78.321989,44.3023001],[-78.3219317,44.3023031],[-78.3219334,44.3023528]]]},"properties":{"id":"district-osm-building-194192413","semantic_type":"building","source_id":"openstreetmap-way-194192413","confidence":0.86,"review_status":"source-aligned","render_in_semantic_layer":false,"source_role":"building-footprint-inventory","building_class":"parking","height":null,"levels":"3","roof_shape":null}},{"type":"Feature","id":"district-osm-building-194192530","geometry":{"type":"Polygon","coordinates":[[[-78.3215868,44.3011751],[-78.3213929,44.301182],[-78.3213698,44.3008524],[-78.3215636,44.3008454],[-78.3215868,44.3011751]]]},"properties":{"id":"district-osm-building-194192530","semantic_type":"building","source_id":"openstreetmap-way-194192530","confidence":0.86,"review_status":"source-aligned","render_in_semantic_layer":false,"source_role":"building-footprint-inventory","building_class":"yes","height":null,"levels":"1","roof_shape":null}},{"type":"Feature","id":"district-osm-building-194192910","geometry":{"type":"Polygon","coordinates":[[[-78.3229645,44.3024591],[-78.3229012,44.3024613],[-78.3229013,44.3024584],[-78.3227185,44.3024649],[-78.322711,44.3023646],[-78.3229039,44.3023576],[-78.3229039,44.3023553],[-78.3229042,44.3023526],[-78.3229564,44.3023502],[-78.3229645,44.3024591]]]},"properties":{"id":"district-osm-building-194192910","semantic_type":"building","source_id":"openstreetmap-way-194192910","confidence":0.86,"review_status":"source-aligned","render_in_semantic_layer":false,"source_role":"building-footprint-inventory","building_class":"yes","height":null,"levels":"1","roof_shape":null}},{"type":"Feature","id":"district-osm-building-194193065","geometry":{"type":"Polygon","coordinates":[[[-78.3262997,44.3008835],[-78.326257,44.300887],[-78.3262592,44.3009083],[-78.3262198,44.3009082],[-78.3262286,44.3009715],[-78.3262029,44.3009726],[-78.3262066,44.3010206],[-78.3262262,44.3010189],[-78.3262557,44.3013549],[-78.3262069,44.3013572],[-78.3262091,44.301381],[-78.3260921,44.3013858],[-78.3260908,44.3013619],[-78.3260293,44.3013627],[-78.3259994,44.3010307],[-78.3260188,44.3010305],[-78.3260124,44.3009759],[-78.3260291,44.3009762],[-78.3260234,44.3009304],[-78.3257622,44.3009421],[-78.3257586,44.3008984],[-78.3257431,44.3008991],[-78.3257232,44.3006664],[-78.3257441,44.3006655],[-78.3257381,44.3006261],[-78.3259463,44.3006161],[-78.325946,44.3006116],[-78.3261907,44.300601],[-78.3261992,44.3006886],[-78.3262372,44.3006867],[-78.3262406,44.3007228],[-78.3262837,44.3007197],[-78.3262997,44.3008835]]]},"properties":{"id":"district-osm-building-194193065","semantic_type":"building","source_id":"openstreetmap-way-194193065","confidence":0.86,"review_status":"source-aligned","render_in_semantic_layer":false,"source_role":"building-footprint-inventory","building_class":"residential","height":null,"levels":"3","roof_shape":null}},{"type":"Feature","id":"district-osm-building-204867795","geometry":{"type":"Polygon","coordinates":[[[-78.3269142,44.2983025],[-78.3268489,44.2983045],[-78.3268485,44.29829],[-78.326498,44.2983013],[-78.3264906,44.2981787],[-78.3264765,44.2981791],[-78.3264729,44.2981264],[-78.3265472,44.2981238],[-78.3265468,44.2981325],[-78.3267978,44.2981254],[-78.3267959,44.2981008],[-78.3268532,44.2980986],[-78.3268543,44.2981188],[-78.3269336,44.298117],[-78.3269434,44.2982872],[-78.3269142,44.2982881],[-78.3269142,44.2983025]]]},"properties":{"id":"district-osm-building-204867795","semantic_type":"building","source_id":"openstreetmap-way-204867795","confidence":0.86,"review_status":"source-aligned","render_in_semantic_layer":false,"source_role":"building-footprint-inventory","building_class":"church","height":null,"levels":"2","roof_shape":null}},{"type":"Feature","id":"district-osm-building-472446143","geometry":{"type":"Polygon","coordinates":[[[-78.3264553,44.303349],[-78.3264413,44.3033494],[-78.3264435,44.3033877],[-78.3264315,44.3033881],[-78.326432,44.3033989],[-78.3263637,44.3034002],[-78.3263639,44.3034053],[-78.3262832,44.303407],[-78.3262822,44.3033839],[-78.326229,44.3033848],[-78.3262286,44.3033718],[-78.3262287,44.3032979],[-78.3261718,44.3033038],[-78.3261605,44.303304],[-78.3260902,44.3033059],[-78.3260876,44.3032379],[-78.3262297,44.3032353],[-78.3262301,44.3032732],[-78.3262773,44.3032721],[-78.3262761,44.3032548],[-78.3264237,44.3032511],[-78.326425,44.3032662],[-78.326438,44.3032658],[-78.3264393,44.3033047],[-78.3264533,44.3033043],[-78.3264553,44.303349]]]},"properties":{"id":"district-osm-building-472446143","semantic_type":"building","source_id":"openstreetmap-way-472446143","confidence":0.86,"review_status":"source-aligned","render_in_semantic_layer":false,"source_role":"building-footprint-inventory","building_class":"yes","height":null,"levels":"2","roof_shape":null}},{"type":"Feature","id":"district-osm-building-488564704","geometry":{"type":"Polygon","coordinates":[[[-78.3264867,44.3038734],[-78.326319,44.3038781],[-78.3263185,44.3038666],[-78.3262712,44.3038679],[-78.3262678,44.3037899],[-78.326306,44.3037885],[-78.3263038,44.3037481],[-78.3262538,44.3037494],[-78.3262438,44.3036753],[-78.3263012,44.3036739],[-78.3262998,44.3036601],[-78.3262564,44.3036616],[-78.3262509,44.3036202],[-78.3262956,44.303619],[-78.3262933,44.3035822],[-78.3262452,44.3035838],[-78.3262406,44.3034967],[-78.3262852,44.3034956],[-78.3262847,44.3034841],[-78.3264303,44.3034795],[-78.3264308,44.3034911],[-78.3264639,44.3034904],[-78.3264672,44.303551],[-78.3264441,44.3035519],[-78.3264451,44.3035526],[-78.3264509,44.3036457],[-78.3264699,44.3036454],[-78.3264725,44.3036995],[-78.3264564,44.3036998],[-78.3264623,44.303813],[-78.3264834,44.3038121],[-78.3264867,44.3038734]]]},"properties":{"id":"district-osm-building-488564704","semantic_type":"building","source_id":"openstreetmap-way-488564704","confidence":0.86,"review_status":"source-aligned","render_in_semantic_layer":false,"source_role":"building-footprint-inventory","building_class":"residential","height":null,"levels":"2","roof_shape":null}},{"type":"Feature","id":"district-osm-building-488564705","geometry":{"type":"Polygon","coordinates":[[[-78.3264602,44.3042566],[-78.3263918,44.3042615],[-78.3263904,44.3042492],[-78.3261821,44.3042638],[-78.3261664,44.3041468],[-78.326106,44.3041504],[-78.3260866,44.3039913],[-78.3263055,44.3039757],[-78.3263084,44.3040003],[-78.3264251,44.3039922],[-78.3264602,44.3042566]]]},"properties":{"id":"district-osm-building-488564705","semantic_type":"building","source_id":"openstreetmap-way-488564705","confidence":0.86,"review_status":"source-aligned","render_in_semantic_layer":false,"source_role":"building-footprint-inventory","building_class":"yes","height":null,"levels":"2","roof_shape":null}},{"type":"Feature","id":"district-osm-building-556303207","geometry":{"type":"Polygon","coordinates":[[[-78.3240408,44.3021037],[-78.3240045,44.3021288],[-78.3240073,44.3021562],[-78.3233935,44.3021793],[-78.3233907,44.3021519],[-78.3233516,44.3021293],[-78.3233445,44.3020211],[-78.3240327,44.3019955],[-78.3240408,44.3021037]]]},"properties":{"id":"district-osm-building-556303207","semantic_type":"building","source_id":"openstreetmap-way-556303207","confidence":0.86,"review_status":"source-aligned","render_in_semantic_layer":false,"source_role":"building-footprint-inventory","building_class":"apartments","height":null,"levels":"7","roof_shape":null}},{"type":"Feature","id":"district-osm-building-563720825","geometry":{"type":"Polygon","coordinates":[[[-78.3197863,44.3002552],[-78.3197666,44.2999737],[-78.3202679,44.2999553],[-78.320281,44.3001433],[-78.320219,44.3001457],[-78.3201985,44.3001464],[-78.3202047,44.3002383],[-78.3197863,44.3002552]]]},"properties":{"id":"district-osm-building-563720825","semantic_type":"building","source_id":"openstreetmap-way-563720825","confidence":0.86,"review_status":"source-aligned","render_in_semantic_layer":false,"source_role":"building-footprint-inventory","building_class":"commercial","height":null,"levels":"2","roof_shape":null}},{"type":"Feature","id":"district-osm-building-749414218","geometry":{"type":"Polygon","coordinates":[[[-78.3270868,44.300089],[-78.3270476,44.3000902],[-78.3270481,44.3001003],[-78.3269546,44.3001035],[-78.3269552,44.3001147],[-78.3269566,44.3001356],[-78.3268498,44.3001389],[-78.3268471,44.3000884],[-78.326578,44.3000965],[-78.3265738,44.3000345],[-78.3265376,44.3000351],[-78.3265342,44.2999788],[-78.3265723,44.2999775],[-78.326569,44.2999184],[-78.32657,44.2999184],[-78.3269205,44.2999072],[-78.3269198,44.2999007],[-78.3270253,44.2998967],[-78.3270277,44.2999313],[-78.3270709,44.2999302],[-78.3270787,44.3000449],[-78.3270838,44.3000443],[-78.3270868,44.300089]]]},"properties":{"id":"district-osm-building-749414218","semantic_type":"building","source_id":"openstreetmap-way-749414218","confidence":0.86,"review_status":"source-aligned","render_in_semantic_layer":false,"source_role":"building-footprint-inventory","building_class":"yes","height":null,"levels":"1","roof_shape":null}},{"type":"Feature","id":"district-osm-building-749414219","geometry":{"type":"Polygon","coordinates":[[[-78.3269246,44.3003934],[-78.326813,44.3003972],[-78.3268121,44.3003866],[-78.326587,44.3003965],[-78.3265864,44.3003885],[-78.3265563,44.3003893],[-78.3265499,44.3003077],[-78.3265811,44.300307],[-78.3265803,44.3003005],[-78.3267502,44.300293],[-78.326743,44.3002071],[-78.3267782,44.300205],[-78.3267794,44.3002238],[-78.3269,44.3002187],[-78.3269039,44.3002656],[-78.3269129,44.3002651],[-78.3269138,44.3002666],[-78.3269246,44.3003934]]]},"properties":{"id":"district-osm-building-749414219","semantic_type":"building","source_id":"openstreetmap-way-749414219","confidence":0.86,"review_status":"source-aligned","render_in_semantic_layer":false,"source_role":"building-footprint-inventory","building_class":"church","height":null,"levels":"1","roof_shape":null}},{"type":"Feature","id":"district-osm-building-755554888","geometry":{"type":"Polygon","coordinates":[[[-78.3195426,44.3006964],[-78.3191166,44.3007145],[-78.3191107,44.3006452],[-78.3188414,44.3006562],[-78.318801,44.3001524],[-78.3194936,44.3001367],[-78.3195079,44.3003124],[-78.3195159,44.3003126],[-78.319525,44.3004223],[-78.319521,44.3004229],[-78.3195426,44.3006964]]]},"properties":{"id":"district-osm-building-755554888","semantic_type":"building","source_id":"openstreetmap-way-755554888","confidence":0.86,"review_status":"source-aligned","render_in_semantic_layer":false,"source_role":"building-footprint-inventory","building_class":"yes","height":null,"levels":"1","roof_shape":null}},{"type":"Feature","id":"district-osm-building-755554892","geometry":{"type":"Polygon","coordinates":[[[-78.318634,44.3014649],[-78.3184554,44.3014888],[-78.3184272,44.3013823],[-78.3186058,44.3013584],[-78.318634,44.3014649]]]},"properties":{"id":"district-osm-building-755554892","semantic_type":"building","source_id":"openstreetmap-way-755554892","confidence":0.86,"review_status":"source-aligned","render_in_semantic_layer":false,"source_role":"building-footprint-inventory","building_class":"yes","height":null,"levels":"1","roof_shape":null}},{"type":"Feature","id":"district-osm-building-755555932","geometry":{"type":"Polygon","coordinates":[[[-78.3200849,44.2974684],[-78.3201043,44.2977501],[-78.3201802,44.2977478],[-78.320198,44.2979836],[-78.3202639,44.2979826],[-78.3202675,44.2980523],[-78.3201238,44.2980571],[-78.3201245,44.2980683],[-78.3198371,44.2980767],[-78.3198034,44.2974738],[-78.3200849,44.2974684]]]},"properties":{"id":"district-osm-building-755555932","semantic_type":"building","source_id":"openstreetmap-way-755555932","confidence":0.86,"review_status":"source-aligned","render_in_semantic_layer":false,"source_role":"building-footprint-inventory","building_class":"yes","height":null,"levels":"1","roof_shape":null}},{"type":"Feature","id":"district-osm-building-755555933","geometry":{"type":"Polygon","coordinates":[[[-78.32019,44.2982394],[-78.3201956,44.2983452],[-78.3200497,44.2983492],[-78.3200492,44.2983396],[-78.3198837,44.2983441],[-78.3198795,44.2982638],[-78.3199298,44.2982624],[-78.319929,44.2982466],[-78.32019,44.2982394]]]},"properties":{"id":"district-osm-building-755555933","semantic_type":"building","source_id":"openstreetmap-way-755555933","confidence":0.86,"review_status":"source-aligned","render_in_semantic_layer":false,"source_role":"building-footprint-inventory","building_class":"yes","height":null,"levels":"1","roof_shape":null}},{"type":"Feature","id":"district-osm-building-846927294","geometry":{"type":"Polygon","coordinates":[[[-78.3204141,44.3017358],[-78.3204304,44.3019189],[-78.3199241,44.3019389],[-78.3199069,44.3017596],[-78.3202235,44.3017461],[-78.3204141,44.3017358]]]},"properties":{"id":"district-osm-building-846927294","semantic_type":"building","source_id":"openstreetmap-way-846927294","confidence":0.86,"review_status":"source-aligned","render_in_semantic_layer":false,"source_role":"building-footprint-inventory","building_class":"commercial","height":null,"levels":"3","roof_shape":null}},{"type":"Feature","id":"district-osm-building-846927295","geometry":{"type":"Polygon","coordinates":[[[-78.3202243,44.3011962],[-78.3202397,44.3013811],[-78.3198767,44.3013965],[-78.3198613,44.3012116],[-78.3202243,44.3011962]]]},"properties":{"id":"district-osm-building-846927295","semantic_type":"building","source_id":"openstreetmap-way-846927295","confidence":0.86,"review_status":"source-aligned","render_in_semantic_layer":false,"source_role":"building-footprint-inventory","building_class":"commercial","height":null,"levels":"2","roof_shape":null}},{"type":"Feature","id":"district-osm-building-846927296","geometry":{"type":"Polygon","coordinates":[[[-78.3198528,44.3009775],[-78.3198458,44.3008727],[-78.3200388,44.3008643],[-78.3200479,44.3009725],[-78.3200067,44.3009737],[-78.3198528,44.3009775]]]},"properties":{"id":"district-osm-building-846927296","semantic_type":"building","source_id":"openstreetmap-way-846927296","confidence":0.86,"review_status":"source-aligned","render_in_semantic_layer":false,"source_role":"building-footprint-inventory","building_class":"yes","height":null,"levels":"2","roof_shape":null}},{"type":"Feature","id":"district-osm-building-846928783","geometry":{"type":"Polygon","coordinates":[[[-78.3205199,44.304367],[-78.3205396,44.3045459],[-78.3200902,44.3045647],[-78.3200665,44.3043835],[-78.3205199,44.304367]]]},"properties":{"id":"district-osm-building-846928783","semantic_type":"building","source_id":"openstreetmap-way-846928783","confidence":0.86,"review_status":"source-aligned","render_in_semantic_layer":false,"source_role":"building-footprint-inventory","building_class":"yes","height":null,"levels":"3","roof_shape":null}},{"type":"Feature","id":"district-osm-building-930494669","geometry":{"type":"Polygon","coordinates":[[[-78.3183682,44.3030203],[-78.318684,44.3030066],[-78.3186867,44.3030764],[-78.3183753,44.3030878],[-78.3183715,44.3030545],[-78.3183682,44.3030203]]]},"properties":{"id":"district-osm-building-930494669","semantic_type":"building","source_id":"openstreetmap-way-930494669","confidence":0.86,"review_status":"source-aligned","render_in_semantic_layer":false,"source_role":"building-footprint-inventory","building_class":"roof","height":null,"levels":"1","roof_shape":"round"}},{"type":"Feature","id":"district-osm-building-945902121","geometry":{"type":"Polygon","coordinates":[[[-78.3191731,44.3031967],[-78.3191714,44.303163],[-78.3191378,44.3031323],[-78.3190902,44.3031595],[-78.3191232,44.3031908],[-78.3191238,44.303198],[-78.3191731,44.3031967]]]},"properties":{"id":"district-osm-building-945902121","semantic_type":"building","source_id":"openstreetmap-way-945902121","confidence":0.86,"review_status":"source-aligned","render_in_semantic_layer":false,"source_role":"building-footprint-inventory","building_class":"roof","height":null,"levels":null,"roof_shape":null}},{"type":"Feature","id":"district-osm-building-946074429","geometry":{"type":"Polygon","coordinates":[[[-78.3195296,44.3035938],[-78.3194676,44.3035962],[-78.3194644,44.3035546],[-78.3195257,44.3035517],[-78.3195262,44.3035565],[-78.3195296,44.3035938]]]},"properties":{"id":"district-osm-building-946074429","semantic_type":"building","source_id":"openstreetmap-way-946074429","confidence":0.86,"review_status":"source-aligned","render_in_semantic_layer":false,"source_role":"building-footprint-inventory","building_class":"roof","height":null,"levels":"1","roof_shape":"pyramidal"}},{"type":"Feature","id":"district-osm-building-946710761","geometry":{"type":"Polygon","coordinates":[[[-78.3235511,44.3027767],[-78.3235802,44.3028277],[-78.323508,44.3028491],[-78.3234786,44.3027975],[-78.3235511,44.3027767]]]},"properties":{"id":"district-osm-building-946710761","semantic_type":"building","source_id":"openstreetmap-way-946710761","confidence":0.86,"review_status":"source-aligned","render_in_semantic_layer":false,"source_role":"building-footprint-inventory","building_class":"roof","height":null,"levels":null,"roof_shape":"pyramidal"}},{"type":"Feature","id":"district-osm-building-946710762","geometry":{"type":"Polygon","coordinates":[[[-78.3237004,44.3024302],[-78.3236287,44.3024506],[-78.3235988,44.3023997],[-78.3236709,44.3023786],[-78.3237004,44.3024302]]]},"properties":{"id":"district-osm-building-946710762","semantic_type":"building","source_id":"openstreetmap-way-946710762","confidence":0.86,"review_status":"source-aligned","render_in_semantic_layer":false,"source_role":"building-footprint-inventory","building_class":"roof","height":null,"levels":null,"roof_shape":"pyramidal"}},{"type":"Feature","id":"district-osm-building-995885331","geometry":{"type":"Polygon","coordinates":[[[-78.3197851,44.3039055],[-78.3197783,44.3039057],[-78.3197569,44.3039062],[-78.3196755,44.3039085],[-78.3196241,44.30391],[-78.3195589,44.3039119],[-78.3195403,44.3036698],[-78.3195394,44.3036564],[-78.3195351,44.303656],[-78.3195298,44.3035961],[-78.3195296,44.3035938],[-78.3195262,44.3035565],[-78.3195257,44.3035517],[-78.319525,44.3035437],[-78.3196024,44.3035401],[-78.3196077,44.3035399],[-78.3196498,44.3035375],[-78.319686,44.3035362],[-78.3196935,44.3035357],[-78.3197619,44.3035328],[-78.319764,44.3035811],[-78.3197707,44.3036696],[-78.3197729,44.3036696],[-78.3197795,44.303763],[-78.3197762,44.3037632],[-78.3197851,44.3039055]]]},"properties":{"id":"district-osm-building-995885331","semantic_type":"building","source_id":"openstreetmap-way-995885331","confidence":0.86,"review_status":"source-aligned","render_in_semantic_layer":false,"source_role":"building-footprint-inventory","building_class":"yes","height":"36","levels":null,"roof_shape":null}},{"type":"Feature","id":"district-osm-building-995887447","geometry":{"type":"Polygon","coordinates":[[[-78.3184411,44.3033842],[-78.3184053,44.303386],[-78.3184071,44.3034106],[-78.3173732,44.3034635],[-78.317371,44.303435],[-78.3173285,44.3034362],[-78.3173061,44.3031869],[-78.3173502,44.3031849],[-78.3173466,44.3031539],[-78.3176605,44.3031381],[-78.3180212,44.3031199],[-78.3181246,44.3031147],[-78.3181225,44.3030636],[-78.3181194,44.3030237],[-78.3180841,44.3030255],[-78.3180818,44.3030076],[-78.3180557,44.3026542],[-78.3180728,44.3026535],[-78.3180727,44.302649],[-78.3186235,44.3026258],[-78.3186237,44.3026313],[-78.3187198,44.302628],[-78.318722,44.3026319],[-78.3187759,44.3026287],[-78.3186989,44.302963],[-78.3186454,44.3029649],[-78.318647,44.3029989],[-78.3183673,44.3030112],[-78.3183682,44.3030203],[-78.3183715,44.3030545],[-78.3183753,44.3030878],[-78.3183804,44.3031388],[-78.3184169,44.3031371],[-78.3184411,44.3033842]]]},"properties":{"id":"district-osm-building-995887447","semantic_type":"building","source_id":"openstreetmap-way-995887447","confidence":0.86,"review_status":"source-aligned","render_in_semantic_layer":false,"source_role":"building-footprint-inventory","building_class":"yes","height":"24","levels":null,"roof_shape":null}},{"type":"Feature","id":"district-osm-building-1006217214","geometry":{"type":"Polygon","coordinates":[[[-78.3254184,44.3043296],[-78.3252858,44.304334],[-78.3252389,44.3043356],[-78.3252388,44.3043336],[-78.3251596,44.3043363],[-78.325157,44.3042972],[-78.3252362,44.3042946],[-78.325234,44.3042609],[-78.3252809,44.3042594],[-78.3252804,44.3042528],[-78.325238,44.3042542],[-78.325237,44.3042384],[-78.3251508,44.3042413],[-78.3251467,44.3041791],[-78.3252329,44.3041762],[-78.3252318,44.3041603],[-78.3252743,44.3041589],[-78.3252727,44.3041356],[-78.3252266,44.3041371],[-78.3252195,44.3040299],[-78.3252657,44.3040284],[-78.3253983,44.3040239],[-78.3254001,44.3040523],[-78.3254072,44.3040521],[-78.325411,44.3041098],[-78.3254039,44.30411],[-78.3254053,44.3041311],[-78.3254078,44.3041694],[-78.3254167,44.3041691],[-78.3254207,44.3042305],[-78.3254119,44.3042308],[-78.3254135,44.3042549],[-78.3254224,44.3042546],[-78.3254248,44.30429],[-78.3254158,44.3042903],[-78.3254184,44.3043296]]]},"properties":{"id":"district-osm-building-1006217214","semantic_type":"building","source_id":"openstreetmap-way-1006217214","confidence":0.86,"review_status":"source-aligned","render_in_semantic_layer":false,"source_role":"building-footprint-inventory","building_class":"yes","height":null,"levels":null,"roof_shape":null}},{"type":"Feature","id":"district-osm-building-1006217215","geometry":{"type":"Polygon","coordinates":[[[-78.3263826,44.3044654],[-78.3263839,44.3044794],[-78.3264232,44.3044776],[-78.3264297,44.30455],[-78.3264323,44.3045781],[-78.3263544,44.3045817],[-78.3263519,44.3045536],[-78.3262935,44.3045563],[-78.3262869,44.3044839],[-78.3263269,44.304482],[-78.3263257,44.304468],[-78.3263826,44.3044654]]]},"properties":{"id":"district-osm-building-1006217215","semantic_type":"building","source_id":"openstreetmap-way-1006217215","confidence":0.86,"review_status":"source-aligned","render_in_semantic_layer":false,"source_role":"building-footprint-inventory","building_class":"yes","height":null,"levels":null,"roof_shape":null}},{"type":"Feature","id":"district-osm-building-1006217216","geometry":{"type":"Polygon","coordinates":[[[-78.3238252,44.304295],[-78.3239919,44.3042873],[-78.3239949,44.3043206],[-78.3240157,44.3043197],[-78.3240125,44.3042839],[-78.3240726,44.3042811],[-78.3240758,44.3043169],[-78.3241172,44.304315],[-78.3241235,44.3043857],[-78.3238312,44.3043991],[-78.3238248,44.3043284],[-78.3238281,44.3043283],[-78.3238252,44.304295]]]},"properties":{"id":"district-osm-building-1006217216","semantic_type":"building","source_id":"openstreetmap-way-1006217216","confidence":0.86,"review_status":"source-aligned","render_in_semantic_layer":false,"source_role":"building-footprint-inventory","building_class":"yes","height":null,"levels":null,"roof_shape":null}},{"type":"Feature","id":"district-osm-building-1006217217","geometry":{"type":"Polygon","coordinates":[[[-78.3258931,44.3041621],[-78.3258948,44.3041799],[-78.3259159,44.3041789],[-78.3259209,44.3042325],[-78.3259387,44.3042317],[-78.3259454,44.304304],[-78.3259275,44.3043048],[-78.3257376,44.3043137],[-78.3257336,44.304271],[-78.3257027,44.3042725],[-78.3256991,44.3042332],[-78.32573,44.3042317],[-78.325726,44.3041878],[-78.3257693,44.3041858],[-78.3257664,44.3041539],[-78.3258274,44.3041511],[-78.3258287,44.3041651],[-78.3258931,44.3041621]]]},"properties":{"id":"district-osm-building-1006217217","semantic_type":"building","source_id":"openstreetmap-way-1006217217","confidence":0.86,"review_status":"source-aligned","render_in_semantic_layer":false,"source_role":"building-footprint-inventory","building_class":"yes","height":null,"levels":null,"roof_shape":null}},{"type":"Feature","id":"district-osm-building-1006217221","geometry":{"type":"Polygon","coordinates":[[[-78.324198,44.3042197],[-78.3241805,44.3039577],[-78.324147,44.3039557],[-78.3241376,44.3038137],[-78.3238734,44.3038291],[-78.3237273,44.3038636],[-78.3236944,44.3037854],[-78.3233685,44.3037945],[-78.3233839,44.3039836],[-78.3233967,44.3040445],[-78.3234456,44.3041448],[-78.3237373,44.3041367],[-78.3237306,44.3041007],[-78.3238339,44.3041031],[-78.3239479,44.3041208],[-78.3239505,44.3041362],[-78.3240223,44.3041467],[-78.3240277,44.304163],[-78.3240873,44.3041712],[-78.3241095,44.3042221],[-78.324198,44.3042197]]]},"properties":{"id":"district-osm-building-1006217221","semantic_type":"building","source_id":"openstreetmap-way-1006217221","confidence":0.86,"review_status":"source-aligned","render_in_semantic_layer":false,"source_role":"building-footprint-inventory","building_class":"yes","height":null,"levels":null,"roof_shape":null}},{"type":"Feature","id":"district-osm-building-1006217241","geometry":{"type":"Polygon","coordinates":[[[-78.3264819,44.3044864],[-78.3264804,44.30447],[-78.326565,44.3044661],[-78.3265665,44.3044825],[-78.3265741,44.3044822],[-78.326582,44.3045696],[-78.3264809,44.3045743],[-78.326473,44.3044868],[-78.3264819,44.3044864]]]},"properties":{"id":"district-osm-building-1006217241","semantic_type":"building","source_id":"openstreetmap-way-1006217241","confidence":0.86,"review_status":"source-aligned","render_in_semantic_layer":false,"source_role":"building-footprint-inventory","building_class":"yes","height":null,"levels":null,"roof_shape":null}},{"type":"Feature","id":"district-osm-building-1006217242","geometry":{"type":"Polygon","coordinates":[[[-78.3249191,44.3034797],[-78.325354,44.3034595],[-78.3253419,44.3033309],[-78.3252615,44.3032818],[-78.3249,44.3033026],[-78.3249191,44.3034797]]]},"properties":{"id":"district-osm-building-1006217242","semantic_type":"building","source_id":"openstreetmap-way-1006217242","confidence":0.86,"review_status":"source-aligned","render_in_semantic_layer":false,"source_role":"building-footprint-inventory","building_class":"yes","height":null,"levels":"3","roof_shape":null}},{"type":"Feature","id":"district-osm-building-1006217243","geometry":{"type":"Polygon","coordinates":[[[-78.3249235,44.303521],[-78.3249191,44.3034797],[-78.3249,44.3033026],[-78.3244501,44.3033247],[-78.3244655,44.303543],[-78.3249235,44.303521]]]},"properties":{"id":"district-osm-building-1006217243","semantic_type":"building","source_id":"openstreetmap-way-1006217243","confidence":0.86,"review_status":"source-aligned","render_in_semantic_layer":false,"source_role":"building-footprint-inventory","building_class":"yes","height":null,"levels":"3","roof_shape":null}},{"type":"Feature","id":"district-osm-building-1006217244","geometry":{"type":"Polygon","coordinates":[[[-78.3241893,44.3033669],[-78.3242121,44.3035651],[-78.3241249,44.303568],[-78.3240666,44.3036107],[-78.323618,44.3036313],[-78.3235884,44.3033621],[-78.3241403,44.3033362],[-78.3241893,44.3033669]]]},"properties":{"id":"district-osm-building-1006217244","semantic_type":"building","source_id":"openstreetmap-way-1006217244","confidence":0.86,"review_status":"source-aligned","render_in_semantic_layer":false,"source_role":"building-footprint-inventory","building_class":"yes","height":null,"levels":null,"roof_shape":null}},{"type":"Feature","id":"district-osm-building-1006217246","geometry":{"type":"Polygon","coordinates":[[[-78.3260695,44.3042797],[-78.3259627,44.3042847],[-78.3259506,44.3041532],[-78.3260574,44.3041482],[-78.3260695,44.3042797]]]},"properties":{"id":"district-osm-building-1006217246","semantic_type":"building","source_id":"openstreetmap-way-1006217246","confidence":0.86,"review_status":"source-aligned","render_in_semantic_layer":false,"source_role":"building-footprint-inventory","building_class":"yes","height":null,"levels":null,"roof_shape":null}},{"type":"Feature","id":"district-osm-building-1006217247","geometry":{"type":"Polygon","coordinates":[[[-78.3256971,44.3038366],[-78.3256954,44.3037966],[-78.3258888,44.3037926],[-78.3258938,44.3039159],[-78.3257005,44.30392],[-78.3256987,44.3038779],[-78.3256705,44.3038785],[-78.3256688,44.3038372],[-78.3256971,44.3038366]]]},"properties":{"id":"district-osm-building-1006217247","semantic_type":"building","source_id":"openstreetmap-way-1006217247","confidence":0.86,"review_status":"source-aligned","render_in_semantic_layer":false,"source_role":"building-footprint-inventory","building_class":"yes","height":null,"levels":null,"roof_shape":null}},{"type":"Feature","id":"district-osm-building-1006217248","geometry":{"type":"Polygon","coordinates":[[[-78.3259863,44.303333],[-78.3259562,44.3033338],[-78.3259516,44.3032485],[-78.3260433,44.303246],[-78.3260477,44.3033263],[-78.3260547,44.3033261],[-78.3260641,44.3035008],[-78.3259954,44.3035027],[-78.3259863,44.303333]]]},"properties":{"id":"district-osm-building-1006217248","semantic_type":"building","source_id":"openstreetmap-way-1006217248","confidence":0.86,"review_status":"source-aligned","render_in_semantic_layer":false,"source_role":"building-footprint-inventory","building_class":"yes","height":null,"levels":null,"roof_shape":null}},{"type":"Feature","id":"district-osm-building-1006217250","geometry":{"type":"Polygon","coordinates":[[[-78.3268889,44.3033981],[-78.3267434,44.3034035],[-78.3267293,44.3032077],[-78.3268748,44.3032023],[-78.3268889,44.3033981]]]},"properties":{"id":"district-osm-building-1006217250","semantic_type":"building","source_id":"openstreetmap-way-1006217250","confidence":0.86,"review_status":"source-aligned","render_in_semantic_layer":false,"source_role":"building-footprint-inventory","building_class":"yes","height":null,"levels":null,"roof_shape":null}},{"type":"Feature","id":"district-osm-building-1006217251","geometry":{"type":"Polygon","coordinates":[[[-78.3269201,44.3033077],[-78.3269101,44.3032165],[-78.3269768,44.3032127],[-78.3269786,44.3032294],[-78.3270652,44.3032245],[-78.3270735,44.3033002],[-78.3270496,44.3033016],[-78.327055,44.3033505],[-78.327027,44.3033521],[-78.3270285,44.3033654],[-78.3269825,44.303368],[-78.326981,44.3033544],[-78.3269436,44.3033565],[-78.3269381,44.3033067],[-78.3269201,44.3033077]]]},"properties":{"id":"district-osm-building-1006217251","semantic_type":"building","source_id":"openstreetmap-way-1006217251","confidence":0.86,"review_status":"source-aligned","render_in_semantic_layer":false,"source_role":"building-footprint-inventory","building_class":"yes","height":null,"levels":null,"roof_shape":null}},{"type":"Feature","id":"district-osm-building-1006217252","geometry":{"type":"Polygon","coordinates":[[[-78.3271929,44.303186],[-78.3270681,44.3031923],[-78.3270711,44.3032226],[-78.3270788,44.3033011],[-78.3270797,44.3033104],[-78.3270976,44.3033095],[-78.3271026,44.3033605],[-78.3271682,44.3033572],[-78.3271635,44.3033093],[-78.3272048,44.3033072],[-78.3271929,44.303186]]]},"properties":{"id":"district-osm-building-1006217252","semantic_type":"building","source_id":"openstreetmap-way-1006217252","confidence":0.86,"review_status":"source-aligned","render_in_semantic_layer":false,"source_role":"building-footprint-inventory","building_class":"yes","height":null,"levels":null,"roof_shape":null}},{"type":"Feature","id":"district-osm-building-1006223799","geometry":{"type":"Polygon","coordinates":[[[-78.3220354,44.3041669],[-78.3220234,44.3039889],[-78.32203,44.3039886],[-78.3220281,44.3039601],[-78.3221583,44.3039555],[-78.3221603,44.3039841],[-78.3221724,44.3041621],[-78.3221611,44.3041628],[-78.3221626,44.3041846],[-78.3220934,44.304187],[-78.3220921,44.3041667],[-78.3220861,44.304167],[-78.3220421,44.3041667],[-78.3220354,44.3041669]]]},"properties":{"id":"district-osm-building-1006223799","semantic_type":"building","source_id":"openstreetmap-way-1006223799","confidence":0.86,"review_status":"source-aligned","render_in_semantic_layer":false,"source_role":"building-footprint-inventory","building_class":"yes","height":null,"levels":null,"roof_shape":null}},{"type":"Feature","id":"district-osm-building-1006223800","geometry":{"type":"Polygon","coordinates":[[[-78.3221185,44.3043313],[-78.3221166,44.3043041],[-78.3221777,44.3043019],[-78.3221796,44.3043291],[-78.322182,44.3043624],[-78.3222406,44.3043603],[-78.3222458,44.3044335],[-78.3222083,44.3044349],[-78.3222098,44.3044558],[-78.3221439,44.3044582],[-78.3221424,44.3044373],[-78.3221261,44.3044379],[-78.3221085,44.3044385],[-78.3221033,44.3043653],[-78.322101,44.3043319],[-78.3221185,44.3043313]]]},"properties":{"id":"district-osm-building-1006223800","semantic_type":"building","source_id":"openstreetmap-way-1006223800","confidence":0.86,"review_status":"source-aligned","render_in_semantic_layer":false,"source_role":"building-footprint-inventory","building_class":"yes","height":null,"levels":null,"roof_shape":null}},{"type":"Feature","id":"district-osm-building-1006223801","geometry":{"type":"Polygon","coordinates":[[[-78.322655,44.3036505],[-78.3230244,44.3036295],[-78.3230936,44.3036256],[-78.323101,44.3036923],[-78.3231071,44.3037469],[-78.3230379,44.3037508],[-78.3230337,44.3037132],[-78.3228026,44.3037264],[-78.3228007,44.3037094],[-78.3226624,44.3037172],[-78.322655,44.3036505]]]},"properties":{"id":"district-osm-building-1006223801","semantic_type":"building","source_id":"openstreetmap-way-1006223801","confidence":0.86,"review_status":"source-aligned","render_in_semantic_layer":false,"source_role":"building-footprint-inventory","building_class":"yes","height":null,"levels":null,"roof_shape":null}},{"type":"Feature","id":"district-osm-building-1006223802","geometry":{"type":"Polygon","coordinates":[[[-78.320056,44.304235],[-78.3200665,44.3043835],[-78.3205199,44.304367],[-78.3205094,44.3042186],[-78.3202689,44.3042273],[-78.320056,44.304235]]]},"properties":{"id":"district-osm-building-1006223802","semantic_type":"building","source_id":"openstreetmap-way-1006223802","confidence":0.86,"review_status":"source-aligned","render_in_semantic_layer":false,"source_role":"building-footprint-inventory","building_class":"yes","height":null,"levels":null,"roof_shape":null}},{"type":"Feature","id":"district-osm-building-1006223803","geometry":{"type":"Polygon","coordinates":[[[-78.3200482,44.3041248],[-78.320056,44.304235],[-78.3202689,44.3042273],[-78.3202635,44.3041517],[-78.3205544,44.3041412],[-78.3205496,44.304074],[-78.3202567,44.3040846],[-78.320259,44.3041172],[-78.3200482,44.3041248]]]},"properties":{"id":"district-osm-building-1006223803","semantic_type":"building","source_id":"openstreetmap-way-1006223803","confidence":0.86,"review_status":"source-aligned","render_in_semantic_layer":false,"source_role":"building-footprint-inventory","building_class":"yes","height":null,"levels":null,"roof_shape":null}},{"type":"Feature","id":"district-osm-building-1006223804","geometry":{"type":"Polygon","coordinates":[[[-78.3200396,44.3040038],[-78.3200482,44.3041248],[-78.320259,44.3041172],[-78.3202567,44.3040846],[-78.3205496,44.304074],[-78.3205458,44.3040208],[-78.32025,44.3040315],[-78.3202475,44.3039963],[-78.3200396,44.3040038]]]},"properties":{"id":"district-osm-building-1006223804","semantic_type":"building","source_id":"openstreetmap-way-1006223804","confidence":0.86,"review_status":"source-aligned","render_in_semantic_layer":false,"source_role":"building-footprint-inventory","building_class":"yes","height":null,"levels":null,"roof_shape":null}},{"type":"Feature","id":"district-osm-building-1006223805","geometry":{"type":"Polygon","coordinates":[[[-78.3200359,44.3039522],[-78.3200396,44.3040038],[-78.3202475,44.3039963],[-78.32025,44.3040315],[-78.3205458,44.3040208],[-78.3207401,44.3040137],[-78.3207355,44.303949],[-78.3203884,44.3039616],[-78.3203869,44.3039395],[-78.3200359,44.3039522]]]},"properties":{"id":"district-osm-building-1006223805","semantic_type":"building","source_id":"openstreetmap-way-1006223805","confidence":0.86,"review_status":"source-aligned","render_in_semantic_layer":false,"source_role":"building-footprint-inventory","building_class":"yes","height":null,"levels":null,"roof_shape":null}},{"type":"Feature","id":"district-osm-building-1006223806","geometry":{"type":"Polygon","coordinates":[[[-78.3200313,44.3038869],[-78.3200359,44.3039522],[-78.3203869,44.3039395],[-78.3203822,44.3038742],[-78.3202703,44.3038782],[-78.3200313,44.3038869]]]},"properties":{"id":"district-osm-building-1006223806","semantic_type":"building","source_id":"openstreetmap-way-1006223806","confidence":0.86,"review_status":"source-aligned","render_in_semantic_layer":false,"source_role":"building-footprint-inventory","building_class":"yes","height":null,"levels":null,"roof_shape":null}},{"type":"Feature","id":"district-osm-building-1006223807","geometry":{"type":"Polygon","coordinates":[[[-78.3200278,44.3038377],[-78.3200313,44.3038869],[-78.3202703,44.3038782],[-78.3202669,44.3038291],[-78.3200278,44.3038377]]]},"properties":{"id":"district-osm-building-1006223807","semantic_type":"building","source_id":"openstreetmap-way-1006223807","confidence":0.86,"review_status":"source-aligned","render_in_semantic_layer":false,"source_role":"building-footprint-inventory","building_class":"yes","height":null,"levels":null,"roof_shape":null}},{"type":"Feature","id":"district-osm-building-1006223808","geometry":{"type":"Polygon","coordinates":[[[-78.3200183,44.3037027],[-78.3200278,44.3038377],[-78.3202669,44.3038291],[-78.3204665,44.3038218],[-78.3204569,44.3036867],[-78.3200183,44.3037027]]]},"properties":{"id":"district-osm-building-1006223808","semantic_type":"building","source_id":"openstreetmap-way-1006223808","confidence":0.86,"review_status":"source-aligned","render_in_semantic_layer":false,"source_role":"building-footprint-inventory","building_class":"yes","height":null,"levels":null,"roof_shape":null}},{"type":"Feature","id":"district-osm-building-1006223809","geometry":{"type":"Polygon","coordinates":[[[-78.3204531,44.3036333],[-78.3204569,44.3036867],[-78.3200183,44.3037027],[-78.320005,44.3035149],[-78.3204436,44.3034989],[-78.3204531,44.3036333]]]},"properties":{"id":"district-osm-building-1006223809","semantic_type":"building","source_id":"openstreetmap-way-1006223809","confidence":0.86,"review_status":"source-aligned","render_in_semantic_layer":false,"source_role":"building-footprint-inventory","building_class":"yes","height":null,"levels":null,"roof_shape":null}},{"type":"Feature","id":"district-osm-building-1006223810","geometry":{"type":"Polygon","coordinates":[[[-78.3206637,44.303491],[-78.3204436,44.3034989],[-78.3204531,44.3036333],[-78.3204926,44.3036319],[-78.3204958,44.3036771],[-78.3206219,44.3036725],[-78.3206272,44.3037466],[-78.3206817,44.3037447],[-78.3206637,44.303491]]]},"properties":{"id":"district-osm-building-1006223810","semantic_type":"building","source_id":"openstreetmap-way-1006223810","confidence":0.86,"review_status":"source-aligned","render_in_semantic_layer":false,"source_role":"building-footprint-inventory","building_class":"yes","height":null,"levels":null,"roof_shape":null}},{"type":"Feature","id":"district-osm-building-1006223811","geometry":{"type":"Polygon","coordinates":[[[-78.3207499,44.3034851],[-78.3206637,44.303491],[-78.3206817,44.3037447],[-78.3206833,44.303754],[-78.3207705,44.3037506],[-78.3207499,44.3034851]]]},"properties":{"id":"district-osm-building-1006223811","semantic_type":"building","source_id":"openstreetmap-way-1006223811","confidence":0.86,"review_status":"source-aligned","render_in_semantic_layer":false,"source_role":"building-footprint-inventory","building_class":"yes","height":null,"levels":null,"roof_shape":null}},{"type":"Feature","id":"district-osm-building-1006223812","geometry":{"type":"Polygon","coordinates":[[[-78.3209128,44.3038069],[-78.3208876,44.3034796],[-78.3207499,44.3034851],[-78.3207705,44.3037506],[-78.3207761,44.3038403],[-78.3209152,44.3038357],[-78.3209128,44.3038069]]]},"properties":{"id":"district-osm-building-1006223812","semantic_type":"building","source_id":"openstreetmap-way-1006223812","confidence":0.86,"review_status":"source-aligned","render_in_semantic_layer":false,"source_role":"building-footprint-inventory","building_class":"yes","height":null,"levels":null,"roof_shape":null}},{"type":"Feature","id":"district-osm-building-1006223813","geometry":{"type":"Polygon","coordinates":[[[-78.3210095,44.3038031],[-78.320985,44.3038041],[-78.3209733,44.3038046],[-78.3209445,44.3038057],[-78.3209128,44.3038069],[-78.3208876,44.3034796],[-78.3209535,44.3034765],[-78.3209843,44.3034758],[-78.3210095,44.3038031]]]},"properties":{"id":"district-osm-building-1006223813","semantic_type":"building","source_id":"openstreetmap-way-1006223813","confidence":0.86,"review_status":"source-aligned","render_in_semantic_layer":false,"source_role":"building-footprint-inventory","building_class":"yes","height":null,"levels":null,"roof_shape":null}},{"type":"Feature","id":"district-osm-building-1006223814","geometry":{"type":"Polygon","coordinates":[[[-78.3211061,44.3041789],[-78.3211007,44.3041242],[-78.3211758,44.3041208],[-78.3211631,44.3039529],[-78.321086,44.3039529],[-78.3210799,44.3038991],[-78.3209625,44.3039041],[-78.3209321,44.3039054],[-78.3209224,44.3039058],[-78.3209228,44.3039105],[-78.320785,44.303916],[-78.320794,44.3040203],[-78.3209274,44.3040155],[-78.3209418,44.3041858],[-78.3211061,44.3041789]]]},"properties":{"id":"district-osm-building-1006223814","semantic_type":"building","source_id":"openstreetmap-way-1006223814","confidence":0.86,"review_status":"source-aligned","render_in_semantic_layer":false,"source_role":"building-footprint-inventory","building_class":"yes","height":null,"levels":"4","roof_shape":null}},{"type":"Feature","id":"district-osm-building-1006223815","geometry":{"type":"Polygon","coordinates":[[[-78.3216113,44.3034487],[-78.3217371,44.3034435],[-78.3217494,44.3035977],[-78.3216929,44.3036],[-78.3216995,44.3036828],[-78.3216303,44.3036857],[-78.3216113,44.3034487]]]},"properties":{"id":"district-osm-building-1006223815","semantic_type":"building","source_id":"openstreetmap-way-1006223815","confidence":0.86,"review_status":"source-aligned","render_in_semantic_layer":false,"source_role":"building-footprint-inventory","building_class":"yes","height":null,"levels":null,"roof_shape":null}},{"type":"Feature","id":"district-osm-building-1006223816","geometry":{"type":"Polygon","coordinates":[[[-78.3211226,44.3034687],[-78.3209843,44.3034758],[-78.3210095,44.3038031],[-78.3211486,44.3037968],[-78.3211444,44.3037412],[-78.3211226,44.3034687]]]},"properties":{"id":"district-osm-building-1006223816","semantic_type":"building","source_id":"openstreetmap-way-1006223816","confidence":0.86,"review_status":"source-aligned","render_in_semantic_layer":false,"source_role":"building-footprint-inventory","building_class":"yes","height":null,"levels":null,"roof_shape":null}},{"type":"Feature","id":"district-osm-building-1006223817","geometry":{"type":"Polygon","coordinates":[[[-78.3213545,44.3037326],[-78.3211444,44.3037412],[-78.3211226,44.3034687],[-78.3213327,44.3034601],[-78.3213545,44.3037326]]]},"properties":{"id":"district-osm-building-1006223817","semantic_type":"building","source_id":"openstreetmap-way-1006223817","confidence":0.86,"review_status":"source-aligned","render_in_semantic_layer":false,"source_role":"building-footprint-inventory","building_class":"yes","height":null,"levels":null,"roof_shape":null}},{"type":"Feature","id":"district-osm-building-1006223818","geometry":{"type":"Polygon","coordinates":[[[-78.3213458,44.3036232],[-78.3213327,44.3034601],[-78.3216113,44.3034487],[-78.3216303,44.3036857],[-78.321639,44.3037949],[-78.3214955,44.3038008],[-78.3214831,44.303645],[-78.3213994,44.3036484],[-78.3214042,44.3037096],[-78.3214611,44.3037072],[-78.3214691,44.3038069],[-78.3214093,44.3038094],[-78.321403,44.3037306],[-78.3213545,44.3037326],[-78.3213458,44.3036232]]]},"properties":{"id":"district-osm-building-1006223818","semantic_type":"building","source_id":"openstreetmap-way-1006223818","confidence":0.86,"review_status":"source-aligned","render_in_semantic_layer":false,"source_role":"building-footprint-inventory","building_class":"yes","height":null,"levels":null,"roof_shape":null}},{"type":"Feature","id":"district-osm-building-1006223819","geometry":{"type":"Polygon","coordinates":[[[-78.3219295,44.30344],[-78.3217978,44.303446],[-78.3218192,44.3036854],[-78.3219509,44.3036793],[-78.3219295,44.30344]]]},"properties":{"id":"district-osm-building-1006223819","semantic_type":"building","source_id":"openstreetmap-way-1006223819","confidence":0.86,"review_status":"source-aligned","render_in_semantic_layer":false,"source_role":"building-footprint-inventory","building_class":"yes","height":null,"levels":null,"roof_shape":null}},{"type":"Feature","id":"district-osm-building-1006223820","geometry":{"type":"Polygon","coordinates":[[[-78.3220558,44.3036768],[-78.3220583,44.3037048],[-78.3219536,44.3037095],[-78.3219509,44.3036793],[-78.3219295,44.30344],[-78.3220343,44.3034352],[-78.3220558,44.3036768]]]},"properties":{"id":"district-osm-building-1006223820","semantic_type":"building","source_id":"openstreetmap-way-1006223820","confidence":0.86,"review_status":"source-aligned","render_in_semantic_layer":false,"source_role":"building-footprint-inventory","building_class":"yes","height":null,"levels":null,"roof_shape":null}},{"type":"Feature","id":"district-osm-building-1006223821","geometry":{"type":"Polygon","coordinates":[[[-78.3220558,44.3036768],[-78.3221651,44.3036718],[-78.3221435,44.3034302],[-78.3220343,44.3034352],[-78.3220558,44.3036768]]]},"properties":{"id":"district-osm-building-1006223821","semantic_type":"building","source_id":"openstreetmap-way-1006223821","confidence":0.86,"review_status":"source-aligned","render_in_semantic_layer":false,"source_role":"building-footprint-inventory","building_class":"yes","height":null,"levels":null,"roof_shape":null}},{"type":"Feature","id":"district-osm-building-1006223822","geometry":{"type":"Polygon","coordinates":[[[-78.3211641,44.30451],[-78.3214861,44.3044955],[-78.3214605,44.3042055],[-78.3211148,44.3042212],[-78.3211222,44.3043058],[-78.3211316,44.3043054],[-78.3211348,44.3043418],[-78.3211492,44.3043411],[-78.3211641,44.30451]]]},"properties":{"id":"district-osm-building-1006223822","semantic_type":"building","source_id":"openstreetmap-way-1006223822","confidence":0.86,"review_status":"source-aligned","render_in_semantic_layer":false,"source_role":"building-footprint-inventory","building_class":"yes","height":null,"levels":null,"roof_shape":null}},{"type":"Feature","id":"district-osm-building-1006223823","geometry":{"type":"Polygon","coordinates":[[[-78.3209638,44.3045191],[-78.3211641,44.30451],[-78.3211492,44.3043411],[-78.3211348,44.3043418],[-78.3211316,44.3043054],[-78.3211222,44.3043058],[-78.3210525,44.304309],[-78.3210554,44.3043412],[-78.3209485,44.304346],[-78.3209638,44.3045191]]]},"properties":{"id":"district-osm-building-1006223823","semantic_type":"building","source_id":"openstreetmap-way-1006223823","confidence":0.86,"review_status":"source-aligned","render_in_semantic_layer":false,"source_role":"building-footprint-inventory","building_class":"yes","height":null,"levels":null,"roof_shape":null}},{"type":"Feature","id":"district-osm-building-1006223824","geometry":{"type":"Polygon","coordinates":[[[-78.3208651,44.3045235],[-78.3209638,44.3045191],[-78.3209485,44.304346],[-78.3209354,44.3041978],[-78.3208554,44.3042014],[-78.3208708,44.304376],[-78.3208522,44.3043769],[-78.3208651,44.3045235]]]},"properties":{"id":"district-osm-building-1006223824","semantic_type":"building","source_id":"openstreetmap-way-1006223824","confidence":0.86,"review_status":"source-aligned","render_in_semantic_layer":false,"source_role":"building-footprint-inventory","building_class":"yes","height":null,"levels":null,"roof_shape":null}},{"type":"Feature","id":"district-osm-building-1006223825","geometry":{"type":"Polygon","coordinates":[[[-78.3207003,44.304531],[-78.3208651,44.3045235],[-78.3208522,44.3043769],[-78.3208387,44.3042239],[-78.3207901,44.3042261],[-78.320791,44.3042358],[-78.3206747,44.304241],[-78.3206809,44.3043114],[-78.3207003,44.304531]]]},"properties":{"id":"district-osm-building-1006223825","semantic_type":"building","source_id":"openstreetmap-way-1006223825","confidence":0.86,"review_status":"source-aligned","render_in_semantic_layer":false,"source_role":"building-footprint-inventory","building_class":"yes","height":null,"levels":null,"roof_shape":null}},{"type":"Feature","id":"district-osm-building-1006223826","geometry":{"type":"Polygon","coordinates":[[[-78.3207003,44.304531],[-78.3205869,44.3045361],[-78.3205676,44.3043165],[-78.3206809,44.3043114],[-78.3207003,44.304531]]]},"properties":{"id":"district-osm-building-1006223826","semantic_type":"building","source_id":"openstreetmap-way-1006223826","confidence":0.86,"review_status":"source-aligned","render_in_semantic_layer":false,"source_role":"building-footprint-inventory","building_class":"yes","height":null,"levels":null,"roof_shape":null}},{"type":"Feature","id":"district-osm-building-1006223828","geometry":{"type":"Polygon","coordinates":[[[-78.3218327,44.3044892],[-78.3217944,44.3039717],[-78.3214768,44.3039837],[-78.3214891,44.3041495],[-78.3216748,44.3041424],[-78.3217008,44.3044942],[-78.3218327,44.3044892]]]},"properties":{"id":"district-osm-building-1006223828","semantic_type":"building","source_id":"openstreetmap-way-1006223828","confidence":0.86,"review_status":"source-aligned","render_in_semantic_layer":false,"source_role":"building-footprint-inventory","building_class":"yes","height":null,"levels":null,"roof_shape":null}},{"type":"Feature","id":"district-osm-building-1006223830","geometry":{"type":"Polygon","coordinates":[[[-78.3226483,44.3036026],[-78.3226271,44.3034116],[-78.3230668,44.3033866],[-78.323088,44.3035775],[-78.3226483,44.3036026]]]},"properties":{"id":"district-osm-building-1006223830","semantic_type":"building","source_id":"openstreetmap-way-1006223830","confidence":0.86,"review_status":"source-aligned","render_in_semantic_layer":false,"source_role":"building-footprint-inventory","building_class":"yes","height":null,"levels":null,"roof_shape":null}},{"type":"Feature","id":"district-osm-building-1006223833","geometry":{"type":"Polygon","coordinates":[[[-78.3222915,44.3042856],[-78.3222876,44.3042298],[-78.3223615,44.3042271],[-78.3223735,44.3043969],[-78.3222996,44.3043996],[-78.3222988,44.3043879],[-78.3222675,44.3043891],[-78.3222602,44.3042868],[-78.3222915,44.3042856]]]},"properties":{"id":"district-osm-building-1006223833","semantic_type":"building","source_id":"openstreetmap-way-1006223833","confidence":0.86,"review_status":"source-aligned","render_in_semantic_layer":false,"source_role":"building-footprint-inventory","building_class":"yes","height":null,"levels":null,"roof_shape":null}},{"type":"Feature","id":"district-osm-building-1006223834","geometry":{"type":"Polygon","coordinates":[[[-78.3224983,44.3044602],[-78.3224864,44.3043184],[-78.322632,44.3043136],[-78.322632,44.3043205],[-78.3227137,44.3043169],[-78.3226992,44.3041741],[-78.3226915,44.3040979],[-78.3229788,44.3040848],[-78.3230061,44.304101],[-78.3230061,44.3040845],[-78.3231152,44.304081],[-78.3231233,44.3041866],[-78.3231167,44.3041868],[-78.3231189,44.3042237],[-78.3229649,44.3043448],[-78.3229696,44.3044009],[-78.3229611,44.3044013],[-78.3229618,44.304414],[-78.3229217,44.3044162],[-78.3229237,44.3044421],[-78.3228863,44.3044431],[-78.3228841,44.3044178],[-78.3227601,44.3044229],[-78.3227621,44.3044483],[-78.3227241,44.3044495],[-78.3227239,44.3044408],[-78.3226733,44.3044426],[-78.3226736,44.304451],[-78.3224983,44.3044602]]]},"properties":{"id":"district-osm-building-1006223834","semantic_type":"building","source_id":"openstreetmap-way-1006223834","confidence":0.86,"review_status":"source-aligned","render_in_semantic_layer":false,"source_role":"building-footprint-inventory","building_class":"yes","height":null,"levels":null,"roof_shape":null}},{"type":"Feature","id":"district-osm-building-1006284147","geometry":{"type":"Polygon","coordinates":[[[-78.3264031,44.2978167],[-78.3264004,44.2977891],[-78.3265174,44.2977832],[-78.326569,44.2977807],[-78.3265717,44.2978083],[-78.3265744,44.2978365],[-78.3265229,44.2978391],[-78.3265238,44.2978484],[-78.3264068,44.2978543],[-78.3264059,44.2978449],[-78.326374,44.2978465],[-78.3263712,44.2978183],[-78.3264031,44.2978167]]]},"properties":{"id":"district-osm-building-1006284147","semantic_type":"building","source_id":"openstreetmap-way-1006284147","confidence":0.86,"review_status":"source-aligned","render_in_semantic_layer":false,"source_role":"building-footprint-inventory","building_class":"yes","height":null,"levels":null,"roof_shape":null}},{"type":"Feature","id":"district-osm-building-1006284149","geometry":{"type":"Polygon","coordinates":[[[-78.3263831,44.2978737],[-78.3265892,44.2978634],[-78.3266138,44.2978622],[-78.326612,44.2978432],[-78.3267558,44.297836],[-78.3267577,44.297855],[-78.3267635,44.2979147],[-78.3266196,44.2979219],[-78.326595,44.2979232],[-78.3265954,44.297927],[-78.3265565,44.2979289],[-78.3265577,44.2979407],[-78.3264285,44.2979471],[-78.3264273,44.2979354],[-78.3263893,44.2979373],[-78.326389,44.2979335],[-78.3263831,44.2978737]]]},"properties":{"id":"district-osm-building-1006284149","semantic_type":"building","source_id":"openstreetmap-way-1006284149","confidence":0.86,"review_status":"source-aligned","render_in_semantic_layer":false,"source_role":"building-footprint-inventory","building_class":"yes","height":null,"levels":null,"roof_shape":null}},{"type":"Feature","id":"district-osm-building-1006284151","geometry":{"type":"Polygon","coordinates":[[[-78.3258574,44.2975245],[-78.3258509,44.2974574],[-78.3259729,44.2974513],[-78.3259939,44.2974502],[-78.3260004,44.2975174],[-78.3259795,44.2975184],[-78.3259816,44.2975409],[-78.3259826,44.2975503],[-78.3259112,44.2975538],[-78.3259103,44.2975444],[-78.3258596,44.297547],[-78.3258574,44.2975245]]]},"properties":{"id":"district-osm-building-1006284151","semantic_type":"building","source_id":"openstreetmap-way-1006284151","confidence":0.86,"review_status":"source-aligned","render_in_semantic_layer":false,"source_role":"building-footprint-inventory","building_class":"yes","height":null,"levels":null,"roof_shape":null}},{"type":"Feature","id":"district-osm-building-1006284155","geometry":{"type":"Polygon","coordinates":[[[-78.3254378,44.2979671],[-78.3254331,44.2978966],[-78.3255469,44.2978927],[-78.3256309,44.2978898],[-78.3256357,44.2979603],[-78.3256365,44.2979733],[-78.3255525,44.2979762],[-78.3255516,44.2979631],[-78.3254378,44.2979671]]]},"properties":{"id":"district-osm-building-1006284155","semantic_type":"building","source_id":"openstreetmap-way-1006284155","confidence":0.86,"review_status":"source-aligned","render_in_semantic_layer":false,"source_role":"building-footprint-inventory","building_class":"yes","height":null,"levels":null,"roof_shape":null}},{"type":"Feature","id":"district-osm-building-1006284156","geometry":{"type":"Polygon","coordinates":[[[-78.3253828,44.2976253],[-78.3253353,44.297627],[-78.3253363,44.2976417],[-78.3253841,44.29764],[-78.3253895,44.2977213],[-78.3253418,44.297723],[-78.3253426,44.2977357],[-78.325218,44.29774],[-78.3252045,44.2975375],[-78.325329,44.2975332],[-78.3253297,44.2975437],[-78.3253773,44.297542],[-78.3253828,44.2976253]]]},"properties":{"id":"district-osm-building-1006284156","semantic_type":"building","source_id":"openstreetmap-way-1006284156","confidence":0.86,"review_status":"source-aligned","render_in_semantic_layer":false,"source_role":"building-footprint-inventory","building_class":"yes","height":null,"levels":null,"roof_shape":null}},{"type":"Feature","id":"district-osm-building-1006284168","geometry":{"type":"Polygon","coordinates":[[[-78.3269871,44.2975005],[-78.3269865,44.297494],[-78.3271712,44.2974847],[-78.3271836,44.2976118],[-78.3269989,44.297621],[-78.3269983,44.2976152],[-78.3269593,44.2976172],[-78.3269481,44.2975024],[-78.3269871,44.2975005]]]},"properties":{"id":"district-osm-building-1006284168","semantic_type":"building","source_id":"openstreetmap-way-1006284168","confidence":0.86,"review_status":"source-aligned","render_in_semantic_layer":false,"source_role":"building-footprint-inventory","building_class":"yes","height":null,"levels":null,"roof_shape":null}},{"type":"Feature","id":"district-osm-building-1006284169","geometry":{"type":"Polygon","coordinates":[[[-78.3271264,44.2978755],[-78.3271196,44.2978759],[-78.3271099,44.2977767],[-78.3272098,44.2977717],[-78.3272194,44.2978709],[-78.3272091,44.2978714],[-78.3272103,44.2978837],[-78.3271276,44.2978879],[-78.3271264,44.2978755]]]},"properties":{"id":"district-osm-building-1006284169","semantic_type":"building","source_id":"openstreetmap-way-1006284169","confidence":0.86,"review_status":"source-aligned","render_in_semantic_layer":false,"source_role":"building-footprint-inventory","building_class":"yes","height":null,"levels":null,"roof_shape":null}},{"type":"Feature","id":"district-osm-building-1006284170","geometry":{"type":"Polygon","coordinates":[[[-78.3270487,44.2977784],[-78.3270972,44.2977759],[-78.3271068,44.2978749],[-78.3270583,44.2978773],[-78.3270596,44.29789],[-78.3270148,44.2978923],[-78.3270136,44.2978796],[-78.3270039,44.2977806],[-78.3270487,44.2977784]]]},"properties":{"id":"district-osm-building-1006284170","semantic_type":"building","source_id":"openstreetmap-way-1006284170","confidence":0.86,"review_status":"source-aligned","render_in_semantic_layer":false,"source_role":"building-footprint-inventory","building_class":"yes","height":null,"levels":null,"roof_shape":null}},{"type":"Feature","id":"district-osm-building-1006284173","geometry":{"type":"Polygon","coordinates":[[[-78.3263598,44.2975159],[-78.3263493,44.2974083],[-78.3265784,44.2973969],[-78.3265889,44.2975045],[-78.3263598,44.2975159]]]},"properties":{"id":"district-osm-building-1006284173","semantic_type":"building","source_id":"openstreetmap-way-1006284173","confidence":0.86,"review_status":"source-aligned","render_in_semantic_layer":false,"source_role":"building-footprint-inventory","building_class":"yes","height":null,"levels":null,"roof_shape":null}},{"type":"Feature","id":"district-osm-building-1006284174","geometry":{"type":"Polygon","coordinates":[[[-78.3269995,44.2977765],[-78.3270094,44.2978779],[-78.3269164,44.2978826],[-78.3269065,44.2977812],[-78.3269995,44.2977765]]]},"properties":{"id":"district-osm-building-1006284174","semantic_type":"building","source_id":"openstreetmap-way-1006284174","confidence":0.86,"review_status":"source-aligned","render_in_semantic_layer":false,"source_role":"building-footprint-inventory","building_class":"yes","height":null,"levels":null,"roof_shape":null}},{"type":"Feature","id":"district-osm-building-1006284175","geometry":{"type":"Polygon","coordinates":[[[-78.3267971,44.2978026],[-78.326793,44.2977605],[-78.3268654,44.2977568],[-78.3268695,44.297799],[-78.3268862,44.2977981],[-78.3268942,44.2978796],[-78.3268775,44.2978804],[-78.3268051,44.297884],[-78.3267971,44.2978026]]]},"properties":{"id":"district-osm-building-1006284175","semantic_type":"building","source_id":"openstreetmap-way-1006284175","confidence":0.86,"review_status":"source-aligned","render_in_semantic_layer":false,"source_role":"building-footprint-inventory","building_class":"yes","height":null,"levels":null,"roof_shape":null}},{"type":"Feature","id":"district-osm-building-1006284176","geometry":{"type":"Polygon","coordinates":[[[-78.3265727,44.2976525],[-78.3265734,44.2976594],[-78.3264289,44.2976666],[-78.3264271,44.2976485],[-78.3264108,44.2976493],[-78.3264061,44.2976016],[-78.3265174,44.2975961],[-78.3265188,44.2976105],[-78.3265684,44.2976081],[-78.3265689,44.2976132],[-78.3265934,44.297612],[-78.3265972,44.2976513],[-78.3265727,44.2976525]]]},"properties":{"id":"district-osm-building-1006284176","semantic_type":"building","source_id":"openstreetmap-way-1006284176","confidence":0.86,"review_status":"source-aligned","render_in_semantic_layer":false,"source_role":"building-footprint-inventory","building_class":"yes","height":null,"levels":null,"roof_shape":null}},{"type":"Feature","id":"district-osm-building-1006284177","geometry":{"type":"Polygon","coordinates":[[[-78.3265027,44.297753],[-78.3265033,44.2977598],[-78.3263893,44.2977655],[-78.3263833,44.2977035],[-78.3264973,44.2976978],[-78.3264993,44.297718],[-78.3265469,44.2977156],[-78.3265503,44.2977506],[-78.3265027,44.297753]]]},"properties":{"id":"district-osm-building-1006284177","semantic_type":"building","source_id":"openstreetmap-way-1006284177","confidence":0.86,"review_status":"source-aligned","render_in_semantic_layer":false,"source_role":"building-footprint-inventory","building_class":"yes","height":null,"levels":null,"roof_shape":null}},{"type":"Feature","id":"district-osm-building-1006284178","geometry":{"type":"Polygon","coordinates":[[[-78.3259379,44.2979229],[-78.3258703,44.2979263],[-78.3258633,44.2978545],[-78.3260219,44.2978466],[-78.3260289,44.2979183],[-78.3260103,44.2979193],[-78.3260131,44.2979481],[-78.3259407,44.2979517],[-78.3259379,44.2979229]]]},"properties":{"id":"district-osm-building-1006284178","semantic_type":"building","source_id":"openstreetmap-way-1006284178","confidence":0.86,"review_status":"source-aligned","render_in_semantic_layer":false,"source_role":"building-footprint-inventory","building_class":"yes","height":null,"levels":null,"roof_shape":null}},{"type":"Feature","id":"district-osm-building-1006284179","geometry":{"type":"Polygon","coordinates":[[[-78.3259281,44.2977713],[-78.3258817,44.2977736],[-78.3258768,44.2977233],[-78.3260118,44.2977165],[-78.3260167,44.2977669],[-78.3260088,44.2977673],[-78.3260134,44.2978147],[-78.3259327,44.2978188],[-78.3259281,44.2977713]]]},"properties":{"id":"district-osm-building-1006284179","semantic_type":"building","source_id":"openstreetmap-way-1006284179","confidence":0.86,"review_status":"source-aligned","render_in_semantic_layer":false,"source_role":"building-footprint-inventory","building_class":"yes","height":null,"levels":null,"roof_shape":null}},{"type":"Feature","id":"district-osm-building-1006284180","geometry":{"type":"Polygon","coordinates":[[[-78.3257282,44.29774],[-78.3257245,44.2977024],[-78.3257979,44.2976988],[-78.3258016,44.2977364],[-78.3257282,44.29774]]]},"properties":{"id":"district-osm-building-1006284180","semantic_type":"building","source_id":"openstreetmap-way-1006284180","confidence":0.86,"review_status":"source-aligned","render_in_semantic_layer":false,"source_role":"building-footprint-inventory","building_class":"yes","height":null,"levels":null,"roof_shape":null}},{"type":"Feature","id":"district-osm-building-1006284181","geometry":{"type":"Polygon","coordinates":[[[-78.3259141,44.2976421],[-78.3258944,44.297643],[-78.3258891,44.2975884],[-78.3260031,44.2975827],[-78.3260085,44.2976373],[-78.3259866,44.2976384],[-78.3259911,44.2976846],[-78.3259186,44.2976882],[-78.3259141,44.2976421]]]},"properties":{"id":"district-osm-building-1006284181","semantic_type":"building","source_id":"openstreetmap-way-1006284181","confidence":0.86,"review_status":"source-aligned","render_in_semantic_layer":false,"source_role":"building-footprint-inventory","building_class":"yes","height":null,"levels":null,"roof_shape":null}},{"type":"Feature","id":"district-osm-building-1006284182","geometry":{"type":"Polygon","coordinates":[[[-78.3259627,44.2973186],[-78.3259845,44.2973175],[-78.3259897,44.297371],[-78.3259679,44.2973721],[-78.3259723,44.2974166],[-78.3258645,44.297422],[-78.3258601,44.2973775],[-78.3258549,44.2973239],[-78.3259627,44.2973186]]]},"properties":{"id":"district-osm-building-1006284182","semantic_type":"building","source_id":"openstreetmap-way-1006284182","confidence":0.86,"review_status":"source-aligned","render_in_semantic_layer":false,"source_role":"building-footprint-inventory","building_class":"yes","height":null,"levels":null,"roof_shape":null}},{"type":"Feature","id":"district-osm-building-1006284184","geometry":{"type":"Polygon","coordinates":[[[-78.3253066,44.2979688],[-78.3252447,44.2979709],[-78.3252399,44.2978998],[-78.3253019,44.2978977],[-78.3253782,44.2978951],[-78.3253829,44.2979661],[-78.325384,44.2979827],[-78.3253077,44.2979853],[-78.3253066,44.2979688]]]},"properties":{"id":"district-osm-building-1006284184","semantic_type":"building","source_id":"openstreetmap-way-1006284184","confidence":0.86,"review_status":"source-aligned","render_in_semantic_layer":false,"source_role":"building-footprint-inventory","building_class":"yes","height":null,"levels":null,"roof_shape":null}},{"type":"Feature","id":"district-osm-building-1006284185","geometry":{"type":"Polygon","coordinates":[[[-78.3254579,44.2978461],[-78.3252582,44.297853],[-78.3252514,44.297752],[-78.3254512,44.2977452],[-78.3254579,44.2978461]]]},"properties":{"id":"district-osm-building-1006284185","semantic_type":"building","source_id":"openstreetmap-way-1006284185","confidence":0.86,"review_status":"source-aligned","render_in_semantic_layer":false,"source_role":"building-footprint-inventory","building_class":"yes","height":null,"levels":null,"roof_shape":null}},{"type":"Feature","id":"district-osm-building-1006284186","geometry":{"type":"Polygon","coordinates":[[[-78.3253332,44.297527],[-78.3252031,44.2975314],[-78.3251964,44.2974319],[-78.3253266,44.2974275],[-78.3253332,44.297527]]]},"properties":{"id":"district-osm-building-1006284186","semantic_type":"building","source_id":"openstreetmap-way-1006284186","confidence":0.86,"review_status":"source-aligned","render_in_semantic_layer":false,"source_role":"building-footprint-inventory","building_class":"yes","height":null,"levels":null,"roof_shape":null}},{"type":"Feature","id":"district-osm-building-1006575660","geometry":{"type":"Polygon","coordinates":[[[-78.320986,44.2993142],[-78.3209753,44.2991995],[-78.3210189,44.2991974],[-78.3210752,44.2991947],[-78.321086,44.2993094],[-78.3210886,44.2993374],[-78.3210323,44.2993401],[-78.3210297,44.2993121],[-78.320986,44.2993142]]]},"properties":{"id":"district-osm-building-1006575660","semantic_type":"building","source_id":"openstreetmap-way-1006575660","confidence":0.86,"review_status":"source-aligned","render_in_semantic_layer":false,"source_role":"building-footprint-inventory","building_class":"yes","height":null,"levels":null,"roof_shape":null}},{"type":"Feature","id":"district-osm-building-1006575661","geometry":{"type":"Polygon","coordinates":[[[-78.326443,44.2986082],[-78.3264409,44.2985752],[-78.32647,44.2985742],[-78.3264663,44.2985164],[-78.3264309,44.2985175],[-78.3264289,44.2984865],[-78.3264643,44.2984853],[-78.3264625,44.2984573],[-78.3265717,44.2984537],[-78.3265723,44.2984631],[-78.3266184,44.2984616],[-78.3266234,44.2985386],[-78.3265773,44.2985402],[-78.3265781,44.2985528],[-78.3266259,44.2985512],[-78.3266307,44.2986265],[-78.3265829,44.298628],[-78.3265837,44.2986406],[-78.3264745,44.2986442],[-78.3264721,44.2986073],[-78.326443,44.2986082]]]},"properties":{"id":"district-osm-building-1006575661","semantic_type":"building","source_id":"openstreetmap-way-1006575661","confidence":0.86,"review_status":"source-aligned","render_in_semantic_layer":false,"source_role":"building-footprint-inventory","building_class":"yes","height":null,"levels":null,"roof_shape":null}},{"type":"Feature","id":"district-osm-building-1006575662","geometry":{"type":"Polygon","coordinates":[[[-78.3248632,44.3003369],[-78.3248603,44.3003081],[-78.3249168,44.3003052],[-78.3249197,44.300334],[-78.3249301,44.3003334],[-78.3249336,44.3003676],[-78.3249428,44.3004597],[-78.3248759,44.3004632],[-78.3248498,44.3004645],[-78.3248405,44.3003724],[-78.3248666,44.300371],[-78.3248632,44.3003369]]]},"properties":{"id":"district-osm-building-1006575662","semantic_type":"building","source_id":"openstreetmap-way-1006575662","confidence":0.86,"review_status":"source-aligned","render_in_semantic_layer":false,"source_role":"building-footprint-inventory","building_class":"yes","height":null,"levels":null,"roof_shape":null}},{"type":"Feature","id":"district-osm-building-1006575663","geometry":{"type":"Polygon","coordinates":[[[-78.3247136,44.3004674],[-78.3247052,44.3003834],[-78.3247011,44.3003424],[-78.3247713,44.3003388],[-78.3247754,44.3003798],[-78.3247975,44.3003786],[-78.3248059,44.3004627],[-78.3247839,44.3004638],[-78.3247136,44.3004674]]]},"properties":{"id":"district-osm-building-1006575663","semantic_type":"building","source_id":"openstreetmap-way-1006575663","confidence":0.86,"review_status":"source-aligned","render_in_semantic_layer":false,"source_role":"building-footprint-inventory","building_class":"yes","height":null,"levels":null,"roof_shape":null}},{"type":"Feature","id":"district-osm-building-1006575664","geometry":{"type":"Polygon","coordinates":[[[-78.3242922,44.3002246],[-78.3244028,44.3002189],[-78.3244757,44.3002151],[-78.3244787,44.3002449],[-78.32448,44.3002572],[-78.324407,44.300261],[-78.3244089,44.3002793],[-78.3242983,44.300285],[-78.3242964,44.3002667],[-78.3242952,44.3002544],[-78.3242681,44.3002558],[-78.3242651,44.300226],[-78.3242922,44.3002246]]]},"properties":{"id":"district-osm-building-1006575664","semantic_type":"building","source_id":"openstreetmap-way-1006575664","confidence":0.86,"review_status":"source-aligned","render_in_semantic_layer":false,"source_role":"building-footprint-inventory","building_class":"yes","height":null,"levels":null,"roof_shape":null}},{"type":"Feature","id":"district-osm-building-1006575665","geometry":{"type":"Polygon","coordinates":[[[-78.3230094,44.2978372],[-78.3230024,44.2978375],[-78.322998,44.2977864],[-78.3231348,44.2977804],[-78.323137,44.2978059],[-78.3232005,44.2978032],[-78.3232025,44.2978259],[-78.3232388,44.2978243],[-78.3232428,44.2978713],[-78.3230668,44.297879],[-78.3230657,44.2978663],[-78.3230121,44.2978687],[-78.3230094,44.2978372]]]},"properties":{"id":"district-osm-building-1006575665","semantic_type":"building","source_id":"openstreetmap-way-1006575665","confidence":0.86,"review_status":"source-aligned","render_in_semantic_layer":false,"source_role":"building-footprint-inventory","building_class":"yes","height":null,"levels":null,"roof_shape":null}},{"type":"Feature","id":"district-osm-building-1006575666","geometry":{"type":"Polygon","coordinates":[[[-78.3260896,44.2984903],[-78.3260903,44.2985013],[-78.3259615,44.2985055],[-78.3259609,44.2984962],[-78.3258978,44.2984983],[-78.3258925,44.2984148],[-78.3259556,44.2984127],[-78.3259551,44.2984054],[-78.3260839,44.2984011],[-78.3261087,44.2984003],[-78.3261144,44.2984894],[-78.3260896,44.2984903]]]},"properties":{"id":"district-osm-building-1006575666","semantic_type":"building","source_id":"openstreetmap-way-1006575666","confidence":0.86,"review_status":"source-aligned","render_in_semantic_layer":false,"source_role":"building-footprint-inventory","building_class":"yes","height":null,"levels":null,"roof_shape":null}},{"type":"Feature","id":"district-osm-building-1006575667","geometry":{"type":"Polygon","coordinates":[[[-78.3203463,44.2987292],[-78.3203212,44.2987365],[-78.3203343,44.2987594],[-78.3201536,44.2988119],[-78.3201734,44.2988469],[-78.3200352,44.2988871],[-78.3200154,44.2988522],[-78.3199152,44.2988813],[-78.3198544,44.2987744],[-78.3199556,44.2987449],[-78.3199467,44.2987292],[-78.3202897,44.2986294],[-78.3203463,44.2987292]]]},"properties":{"id":"district-osm-building-1006575667","semantic_type":"building","source_id":"openstreetmap-way-1006575667","confidence":0.86,"review_status":"source-aligned","render_in_semantic_layer":false,"source_role":"building-footprint-inventory","building_class":"yes","height":null,"levels":null,"roof_shape":null}},{"type":"Feature","id":"district-osm-building-1006575668","geometry":{"type":"Polygon","coordinates":[[[-78.3236226,44.2980328],[-78.3236178,44.2979757],[-78.3236145,44.297937],[-78.3237071,44.297933],[-78.3237104,44.2979716],[-78.3237162,44.2979714],[-78.3237211,44.2980285],[-78.3237153,44.2980287],[-78.3236226,44.2980328]]]},"properties":{"id":"district-osm-building-1006575668","semantic_type":"building","source_id":"openstreetmap-way-1006575668","confidence":0.86,"review_status":"source-aligned","render_in_semantic_layer":false,"source_role":"building-footprint-inventory","building_class":"yes","height":null,"levels":null,"roof_shape":null}},{"type":"Feature","id":"district-osm-building-1006575669","geometry":{"type":"Polygon","coordinates":[[[-78.3258677,44.2992026],[-78.3257754,44.2992056],[-78.3257746,44.299193],[-78.3257653,44.2991933],[-78.3257622,44.2991448],[-78.325759,44.2990951],[-78.3257641,44.2990949],[-78.325763,44.299079],[-78.3258315,44.2990768],[-78.3258326,44.2990927],[-78.3258691,44.2990915],[-78.3258993,44.2990905],[-78.3259025,44.2991402],[-78.3258723,44.2991412],[-78.3258754,44.2991896],[-78.3258668,44.2991899],[-78.3258677,44.2992026]]]},"properties":{"id":"district-osm-building-1006575669","semantic_type":"building","source_id":"openstreetmap-way-1006575669","confidence":0.86,"review_status":"source-aligned","render_in_semantic_layer":false,"source_role":"building-footprint-inventory","building_class":"yes","height":null,"levels":null,"roof_shape":null}},{"type":"Feature","id":"district-osm-building-1006575670","geometry":{"type":"Polygon","coordinates":[[[-78.3257369,44.2991851],[-78.3256583,44.2991877],[-78.3256576,44.2991762],[-78.3256523,44.2991764],[-78.3256457,44.2990742],[-78.3256539,44.299074],[-78.3256504,44.2990195],[-78.3257292,44.2990169],[-78.3257327,44.2990714],[-78.3257377,44.2990712],[-78.3257443,44.2991733],[-78.3257362,44.2991736],[-78.3257369,44.2991851]]]},"properties":{"id":"district-osm-building-1006575670","semantic_type":"building","source_id":"openstreetmap-way-1006575670","confidence":0.86,"review_status":"source-aligned","render_in_semantic_layer":false,"source_role":"building-footprint-inventory","building_class":"yes","height":null,"levels":null,"roof_shape":null}},{"type":"Feature","id":"district-osm-building-1006575671","geometry":{"type":"Polygon","coordinates":[[[-78.3254757,44.2991184],[-78.3254885,44.299118],[-78.3254844,44.2990543],[-78.325511,44.2990534],[-78.3255092,44.2990265],[-78.3255745,44.2990243],[-78.3255803,44.2991149],[-78.3255826,44.29915],[-78.3255843,44.2991777],[-78.3254926,44.2991807],[-78.3254797,44.2991811],[-78.325478,44.2991535],[-78.3254365,44.2991549],[-78.3254342,44.2991197],[-78.3254757,44.2991184]]]},"properties":{"id":"district-osm-building-1006575671","semantic_type":"building","source_id":"openstreetmap-way-1006575671","confidence":0.86,"review_status":"source-aligned","render_in_semantic_layer":false,"source_role":"building-footprint-inventory","building_class":"yes","height":null,"levels":null,"roof_shape":null}},{"type":"Feature","id":"district-osm-building-1006575672","geometry":{"type":"Polygon","coordinates":[[[-78.3254774,44.2987892],[-78.3254783,44.2988033],[-78.3255364,44.2988014],[-78.3255366,44.298804],[-78.3255829,44.2988025],[-78.325586,44.2988513],[-78.3255397,44.2988528],[-78.3255401,44.2988587],[-78.325482,44.2988607],[-78.3253503,44.298865],[-78.3253498,44.2988576],[-78.3253292,44.2988583],[-78.3253273,44.298828],[-78.3253479,44.2988273],[-78.3253466,44.2988076],[-78.3253457,44.2987935],[-78.3254774,44.2987892]]]},"properties":{"id":"district-osm-building-1006575672","semantic_type":"building","source_id":"openstreetmap-way-1006575672","confidence":0.86,"review_status":"source-aligned","render_in_semantic_layer":false,"source_role":"building-footprint-inventory","building_class":"yes","height":null,"levels":null,"roof_shape":null}},{"type":"Feature","id":"district-osm-building-1006575673","geometry":{"type":"Polygon","coordinates":[[[-78.325469,44.2985816],[-78.3254702,44.2985994],[-78.3255332,44.2985973],[-78.3255368,44.2986527],[-78.3255377,44.2986675],[-78.3253444,44.2986739],[-78.3253435,44.298659],[-78.3253346,44.2986593],[-78.325331,44.298604],[-78.3253399,44.2986037],[-78.3253936,44.2986019],[-78.3253925,44.2985841],[-78.325469,44.2985816]]]},"properties":{"id":"district-osm-building-1006575673","semantic_type":"building","source_id":"openstreetmap-way-1006575673","confidence":0.86,"review_status":"source-aligned","render_in_semantic_layer":false,"source_role":"building-footprint-inventory","building_class":"yes","height":null,"levels":null,"roof_shape":null}},{"type":"Feature","id":"district-osm-building-1006575674","geometry":{"type":"Polygon","coordinates":[[[-78.3253059,44.2985342],[-78.3253037,44.2985005],[-78.3253252,44.2984998],[-78.3254888,44.2984944],[-78.3254909,44.2985281],[-78.3254928,44.298557],[-78.3254931,44.2985626],[-78.3253296,44.298568],[-78.3253292,44.2985624],[-78.3253077,44.2985631],[-78.3252905,44.2985637],[-78.3252886,44.2985348],[-78.3253059,44.2985342]]]},"properties":{"id":"district-osm-building-1006575674","semantic_type":"building","source_id":"openstreetmap-way-1006575674","confidence":0.86,"review_status":"source-aligned","render_in_semantic_layer":false,"source_role":"building-footprint-inventory","building_class":"yes","height":null,"levels":null,"roof_shape":null}},{"type":"Feature","id":"district-osm-building-1006575675","geometry":{"type":"Polygon","coordinates":[[[-78.3248042,44.299558],[-78.3247945,44.2994624],[-78.3248272,44.2994607],[-78.3248853,44.2994577],[-78.3248949,44.2995533],[-78.3248978,44.2995819],[-78.3248397,44.2995849],[-78.3248368,44.2995563],[-78.3248042,44.299558]]]},"properties":{"id":"district-osm-building-1006575675","semantic_type":"building","source_id":"openstreetmap-way-1006575675","confidence":0.86,"review_status":"source-aligned","render_in_semantic_layer":false,"source_role":"building-footprint-inventory","building_class":"yes","height":null,"levels":null,"roof_shape":null}},{"type":"Feature","id":"district-osm-building-1006575676","geometry":{"type":"Polygon","coordinates":[[[-78.3250852,44.2994536],[-78.3250955,44.2994531],[-78.3251046,44.2995436],[-78.3250943,44.2995441],[-78.3250999,44.2995997],[-78.3250704,44.2996013],[-78.3250113,44.2996043],[-78.3250057,44.2995487],[-78.3249966,44.2994582],[-78.3249945,44.2994372],[-78.3250536,44.2994342],[-78.3250557,44.2994551],[-78.3250852,44.2994536]]]},"properties":{"id":"district-osm-building-1006575676","semantic_type":"building","source_id":"openstreetmap-way-1006575676","confidence":0.86,"review_status":"source-aligned","render_in_semantic_layer":false,"source_role":"building-footprint-inventory","building_class":"yes","height":null,"levels":null,"roof_shape":null}},{"type":"Feature","id":"district-osm-building-1006575677","geometry":{"type":"Polygon","coordinates":[[[-78.3254856,44.2994651],[-78.325527,44.299463],[-78.3255309,44.2995014],[-78.3254392,44.2995062],[-78.3254365,44.2994796],[-78.3253393,44.2994846],[-78.3253371,44.2994628],[-78.3253238,44.2994634],[-78.3253186,44.2994111],[-78.3253318,44.2994105],[-78.3254492,44.2994044],[-78.3254511,44.299423],[-78.3254813,44.2994214],[-78.3254856,44.2994651]]]},"properties":{"id":"district-osm-building-1006575677","semantic_type":"building","source_id":"openstreetmap-way-1006575677","confidence":0.86,"review_status":"source-aligned","render_in_semantic_layer":false,"source_role":"building-footprint-inventory","building_class":"yes","height":null,"levels":null,"roof_shape":null}},{"type":"Feature","id":"district-osm-building-1006575678","geometry":{"type":"Polygon","coordinates":[[[-78.3255159,44.2996249],[-78.3255167,44.2996327],[-78.3253372,44.299642],[-78.3253275,44.2995447],[-78.3255069,44.2995354],[-78.3255083,44.2995491],[-78.3255404,44.2995474],[-78.3255435,44.299578],[-78.3255505,44.2995777],[-78.325555,44.2996229],[-78.325548,44.2996233],[-78.3255159,44.2996249]]]},"properties":{"id":"district-osm-building-1006575678","semantic_type":"building","source_id":"openstreetmap-way-1006575678","confidence":0.86,"review_status":"source-aligned","render_in_semantic_layer":false,"source_role":"building-footprint-inventory","building_class":"yes","height":null,"levels":null,"roof_shape":null}},{"type":"Feature","id":"district-osm-building-1006575679","geometry":{"type":"Polygon","coordinates":[[[-78.3255442,44.2998278],[-78.3255451,44.2998373],[-78.3254206,44.2998437],[-78.325413,44.2997682],[-78.3255375,44.2997618],[-78.3255394,44.2997808],[-78.3256531,44.2997749],[-78.3256578,44.299822],[-78.3255442,44.2998278]]]},"properties":{"id":"district-osm-building-1006575679","semantic_type":"building","source_id":"openstreetmap-way-1006575679","confidence":0.86,"review_status":"source-aligned","render_in_semantic_layer":false,"source_role":"building-footprint-inventory","building_class":"yes","height":null,"levels":null,"roof_shape":null}},{"type":"Feature","id":"district-osm-building-1006575680","geometry":{"type":"Polygon","coordinates":[[[-78.3254073,44.3000079],[-78.3254042,44.2999764],[-78.3254281,44.2999752],[-78.3254262,44.2999568],[-78.3255438,44.2999508],[-78.3255456,44.2999691],[-78.3256356,44.2999645],[-78.3256404,44.3000116],[-78.3255504,44.3000162],[-78.3254328,44.3000223],[-78.3254312,44.3000067],[-78.3254073,44.3000079]]]},"properties":{"id":"district-osm-building-1006575680","semantic_type":"building","source_id":"openstreetmap-way-1006575680","confidence":0.86,"review_status":"source-aligned","render_in_semantic_layer":false,"source_role":"building-footprint-inventory","building_class":"yes","height":null,"levels":null,"roof_shape":null}},{"type":"Feature","id":"district-osm-building-1006575681","geometry":{"type":"Polygon","coordinates":[[[-78.3256571,44.300454],[-78.3256312,44.3001964],[-78.3256691,44.3001944],[-78.3256628,44.3001322],[-78.3253976,44.3001459],[-78.3253962,44.3001323],[-78.3253842,44.3001329],[-78.3253737,44.3000287],[-78.3256883,44.3000125],[-78.3256891,44.3000201],[-78.3258114,44.3000138],[-78.3258119,44.300018],[-78.3258225,44.300124],[-78.3258288,44.3001862],[-78.3258547,44.3004438],[-78.325695,44.300452],[-78.3256571,44.300454]]]},"properties":{"id":"district-osm-building-1006575681","semantic_type":"building","source_id":"openstreetmap-way-1006575681","confidence":0.86,"review_status":"source-aligned","render_in_semantic_layer":false,"source_role":"building-footprint-inventory","building_class":"yes","height":null,"levels":null,"roof_shape":null}},{"type":"Feature","id":"district-osm-building-1006575682","geometry":{"type":"Polygon","coordinates":[[[-78.3249805,44.2992316],[-78.3249161,44.2992338],[-78.3249158,44.2992289],[-78.3248748,44.2992302],[-78.3248756,44.2992427],[-78.3247897,44.2992456],[-78.3247854,44.2991774],[-78.3248643,44.2991748],[-78.3248636,44.2991641],[-78.3250211,44.2991589],[-78.3250253,44.2992253],[-78.3249802,44.2992267],[-78.3249805,44.2992316]]]},"properties":{"id":"district-osm-building-1006575682","semantic_type":"building","source_id":"openstreetmap-way-1006575682","confidence":0.86,"review_status":"source-aligned","render_in_semantic_layer":false,"source_role":"building-footprint-inventory","building_class":"yes","height":null,"levels":null,"roof_shape":null}},{"type":"Feature","id":"district-osm-building-1006575683","geometry":{"type":"Polygon","coordinates":[[[-78.324828,44.298691],[-78.3248257,44.2986561],[-78.324862,44.2986549],[-78.3248607,44.2986349],[-78.3249705,44.2986313],[-78.324972,44.2986546],[-78.3249886,44.2986541],[-78.3249919,44.2987058],[-78.3249753,44.2987064],[-78.3248655,44.29871],[-78.3248642,44.2986898],[-78.324828,44.298691]]]},"properties":{"id":"district-osm-building-1006575683","semantic_type":"building","source_id":"openstreetmap-way-1006575683","confidence":0.86,"review_status":"source-aligned","render_in_semantic_layer":false,"source_role":"building-footprint-inventory","building_class":"yes","height":null,"levels":null,"roof_shape":null}},{"type":"Feature","id":"district-osm-building-1006575684","geometry":{"type":"Polygon","coordinates":[[[-78.3259365,44.2995813],[-78.3259344,44.2995604],[-78.3260229,44.2995558],[-78.3261156,44.2995511],[-78.3261174,44.2995689],[-78.3261434,44.2995675],[-78.3261473,44.299606],[-78.3261212,44.2996073],[-78.3261225,44.2996197],[-78.3260298,44.2996244],[-78.3260329,44.2996559],[-78.3259444,44.2996604],[-78.3258987,44.2996628],[-78.3258908,44.2995837],[-78.3259365,44.2995813]]]},"properties":{"id":"district-osm-building-1006575684","semantic_type":"building","source_id":"openstreetmap-way-1006575684","confidence":0.86,"review_status":"source-aligned","render_in_semantic_layer":false,"source_role":"building-footprint-inventory","building_class":"yes","height":null,"levels":null,"roof_shape":null}},{"type":"Feature","id":"district-osm-building-1006575685","geometry":{"type":"Polygon","coordinates":[[[-78.3247167,44.2986298],[-78.324713,44.2985728],[-78.324773,44.2985708],[-78.3247732,44.2985741],[-78.3248739,44.2985708],[-78.3248741,44.2985743],[-78.3248984,44.2985735],[-78.3249004,44.2986039],[-78.3248761,44.2986047],[-78.3248776,44.2986284],[-78.3247686,44.298632],[-78.3247684,44.2986281],[-78.3247167,44.2986298]]]},"properties":{"id":"district-osm-building-1006575685","semantic_type":"building","source_id":"openstreetmap-way-1006575685","confidence":0.86,"review_status":"source-aligned","render_in_semantic_layer":false,"source_role":"building-footprint-inventory","building_class":"yes","height":null,"levels":null,"roof_shape":null}},{"type":"Feature","id":"district-osm-building-1006575686","geometry":{"type":"Polygon","coordinates":[[[-78.3211061,44.2997811],[-78.3210964,44.2996655],[-78.3210948,44.2996464],[-78.3211865,44.2996424],[-78.3211881,44.2996616],[-78.3211979,44.2996612],[-78.3212076,44.2997768],[-78.3212001,44.2997771],[-78.3212037,44.2998207],[-78.3211416,44.2998234],[-78.321138,44.2997798],[-78.3211061,44.2997811]]]},"properties":{"id":"district-osm-building-1006575686","semantic_type":"building","source_id":"openstreetmap-way-1006575686","confidence":0.86,"review_status":"source-aligned","render_in_semantic_layer":false,"source_role":"building-footprint-inventory","building_class":"yes","height":null,"levels":null,"roof_shape":null}},{"type":"Feature","id":"district-osm-building-1006575687","geometry":{"type":"Polygon","coordinates":[[[-78.3248467,44.2984652],[-78.3248433,44.2984123],[-78.3248417,44.2983873],[-78.324953,44.2983836],[-78.3249546,44.2984087],[-78.3249715,44.2984081],[-78.3249749,44.298461],[-78.324958,44.2984615],[-78.3248467,44.2984652]]]},"properties":{"id":"district-osm-building-1006575687","semantic_type":"building","source_id":"openstreetmap-way-1006575687","confidence":0.86,"review_status":"source-aligned","render_in_semantic_layer":false,"source_role":"building-footprint-inventory","building_class":"yes","height":null,"levels":null,"roof_shape":null}},{"type":"Feature","id":"district-osm-building-1006575688","geometry":{"type":"Polygon","coordinates":[[[-78.3260707,44.2994722],[-78.3260661,44.2994724],[-78.3260564,44.2993761],[-78.3262258,44.2993674],[-78.3262355,44.2994637],[-78.3262214,44.2994644],[-78.3262247,44.299497],[-78.3261293,44.2995019],[-78.3261302,44.2995107],[-78.3260749,44.2995136],[-78.326074,44.2995048],[-78.3260707,44.2994722]]]},"properties":{"id":"district-osm-building-1006575688","semantic_type":"building","source_id":"openstreetmap-way-1006575688","confidence":0.86,"review_status":"source-aligned","render_in_semantic_layer":false,"source_role":"building-footprint-inventory","building_class":"yes","height":null,"levels":null,"roof_shape":null}},{"type":"Feature","id":"district-osm-building-1006575689","geometry":{"type":"Polygon","coordinates":[[[-78.3214206,44.2996187],[-78.3214822,44.2996161],[-78.3214913,44.2997255],[-78.321497,44.2997929],[-78.3214353,44.2997955],[-78.3214326,44.2997625],[-78.3214125,44.2997634],[-78.3214096,44.2997289],[-78.3214011,44.2997293],[-78.321397,44.2996799],[-78.3213857,44.2996804],[-78.3213807,44.2996204],[-78.321392,44.2996199],[-78.3214206,44.2996187]]]},"properties":{"id":"district-osm-building-1006575689","semantic_type":"building","source_id":"openstreetmap-way-1006575689","confidence":0.86,"review_status":"source-aligned","render_in_semantic_layer":false,"source_role":"building-footprint-inventory","building_class":"yes","height":null,"levels":null,"roof_shape":null}},{"type":"Feature","id":"district-osm-building-1006575690","geometry":{"type":"Polygon","coordinates":[[[-78.3244689,44.2982051],[-78.3244696,44.2982162],[-78.3245003,44.2982152],[-78.3244993,44.2981994],[-78.3245309,44.2981984],[-78.3245319,44.2982142],[-78.3245428,44.2982138],[-78.3245487,44.2983054],[-78.3244121,44.2983099],[-78.3244062,44.2982183],[-78.3244424,44.2982171],[-78.3244417,44.298206],[-78.3244689,44.2982051]]]},"properties":{"id":"district-osm-building-1006575690","semantic_type":"building","source_id":"openstreetmap-way-1006575690","confidence":0.86,"review_status":"source-aligned","render_in_semantic_layer":false,"source_role":"building-footprint-inventory","building_class":"yes","height":null,"levels":null,"roof_shape":null}},{"type":"Feature","id":"district-osm-building-1006575691","geometry":{"type":"Polygon","coordinates":[[[-78.3265047,44.2996861],[-78.3264992,44.2996321],[-78.3265284,44.2996306],[-78.3266713,44.2996233],[-78.3266767,44.2996773],[-78.3266771,44.2996807],[-78.3266347,44.2996829],[-78.3266354,44.2996899],[-78.3265741,44.2996931],[-78.3265734,44.299686],[-78.3265342,44.299688],[-78.3265338,44.2996846],[-78.3265047,44.2996861]]]},"properties":{"id":"district-osm-building-1006575691","semantic_type":"building","source_id":"openstreetmap-way-1006575691","confidence":0.86,"review_status":"source-aligned","render_in_semantic_layer":false,"source_role":"building-footprint-inventory","building_class":"yes","height":null,"levels":null,"roof_shape":null}},{"type":"Feature","id":"district-osm-building-1006575692","geometry":{"type":"Polygon","coordinates":[[[-78.3216519,44.2995973],[-78.3216563,44.2996504],[-78.3216834,44.2996492],[-78.3216838,44.2996549],[-78.3216972,44.2996543],[-78.3217002,44.2996904],[-78.3216868,44.299691],[-78.3216874,44.2996981],[-78.3216604,44.2996993],[-78.3216707,44.2998228],[-78.3215889,44.2998263],[-78.3215781,44.2996973],[-78.3215466,44.2996986],[-78.3215386,44.2996022],[-78.3215701,44.2996008],[-78.3216519,44.2995973]]]},"properties":{"id":"district-osm-building-1006575692","semantic_type":"building","source_id":"openstreetmap-way-1006575692","confidence":0.86,"review_status":"source-aligned","render_in_semantic_layer":false,"source_role":"building-footprint-inventory","building_class":"yes","height":null,"levels":null,"roof_shape":null}},{"type":"Feature","id":"district-osm-building-1006575693","geometry":{"type":"Polygon","coordinates":[[[-78.3219811,44.299702],[-78.3219725,44.2995987],[-78.3219887,44.299598],[-78.3220616,44.2995949],[-78.3220702,44.2996982],[-78.3220768,44.299778],[-78.3220039,44.2997811],[-78.3219973,44.2997013],[-78.3219811,44.299702]]]},"properties":{"id":"district-osm-building-1006575693","semantic_type":"building","source_id":"openstreetmap-way-1006575693","confidence":0.86,"review_status":"source-aligned","render_in_semantic_layer":false,"source_role":"building-footprint-inventory","building_class":"yes","height":null,"levels":null,"roof_shape":null}},{"type":"Feature","id":"district-osm-building-1006575694","geometry":{"type":"Polygon","coordinates":[[[-78.3242134,44.2988501],[-78.3242119,44.2988261],[-78.3242094,44.2987868],[-78.3243253,44.2987829],[-78.3243279,44.2988223],[-78.3244293,44.2988189],[-78.3244309,44.2988429],[-78.3243294,44.2988463],[-78.3242134,44.2988501]]]},"properties":{"id":"district-osm-building-1006575694","semantic_type":"building","source_id":"openstreetmap-way-1006575694","confidence":0.86,"review_status":"source-aligned","render_in_semantic_layer":false,"source_role":"building-footprint-inventory","building_class":"yes","height":null,"levels":null,"roof_shape":null}},{"type":"Feature","id":"district-osm-building-1006575695","geometry":{"type":"Polygon","coordinates":[[[-78.3222426,44.2995753],[-78.3223349,44.2995713],[-78.322337,44.2995965],[-78.3223848,44.2995945],[-78.3223914,44.2996731],[-78.3223435,44.2996752],[-78.3223446,44.299688],[-78.3223509,44.2997644],[-78.3222587,44.2997683],[-78.32224,44.2997691],[-78.3222336,44.2996928],[-78.3222524,44.299692],[-78.3222513,44.2996791],[-78.3222333,44.2996799],[-78.3222029,44.2996812],[-78.3221977,44.2996189],[-78.3222281,44.2996176],[-78.3222267,44.2996012],[-78.3222246,44.299576],[-78.3222426,44.2995753]]]},"properties":{"id":"district-osm-building-1006575695","semantic_type":"building","source_id":"openstreetmap-way-1006575695","confidence":0.86,"review_status":"source-aligned","render_in_semantic_layer":false,"source_role":"building-footprint-inventory","building_class":"yes","height":null,"levels":null,"roof_shape":null}},{"type":"Feature","id":"district-osm-building-1006575696","geometry":{"type":"Polygon","coordinates":[[[-78.3236957,44.2992292],[-78.32369,44.2991397],[-78.3237163,44.2991388],[-78.3237132,44.2990905],[-78.3237334,44.2990899],[-78.3237315,44.2990605],[-78.3237822,44.2990589],[-78.3237841,44.2990882],[-78.3237952,44.2990878],[-78.3237983,44.2991361],[-78.3238041,44.2992257],[-78.323722,44.2992284],[-78.3236957,44.2992292]]]},"properties":{"id":"district-osm-building-1006575696","semantic_type":"building","source_id":"openstreetmap-way-1006575696","confidence":0.86,"review_status":"source-aligned","render_in_semantic_layer":false,"source_role":"building-footprint-inventory","building_class":"yes","height":null,"levels":null,"roof_shape":null}},{"type":"Feature","id":"district-osm-building-1006575697","geometry":{"type":"Polygon","coordinates":[[[-78.3224856,44.2996547],[-78.322483,44.2996239],[-78.3225224,44.2996222],[-78.3226899,44.2996151],[-78.3226925,44.2996459],[-78.322697,44.2996999],[-78.3226985,44.2997179],[-78.322531,44.299725],[-78.3225295,44.299707],[-78.3224901,44.2997087],[-78.3224517,44.2997103],[-78.3224472,44.2996564],[-78.3224856,44.2996547]]]},"properties":{"id":"district-osm-building-1006575697","semantic_type":"building","source_id":"openstreetmap-way-1006575697","confidence":0.86,"review_status":"source-aligned","render_in_semantic_layer":false,"source_role":"building-footprint-inventory","building_class":"yes","height":null,"levels":null,"roof_shape":null}},{"type":"Feature","id":"district-osm-building-1006575698","geometry":{"type":"Polygon","coordinates":[[[-78.3231449,44.2986723],[-78.323149,44.298716],[-78.3232445,44.2987114],[-78.3232471,44.2987392],[-78.323316,44.2987359],[-78.3233196,44.2987736],[-78.3232506,44.2987769],[-78.3232509,44.2987799],[-78.3231554,44.2987845],[-78.3230379,44.2987901],[-78.3230346,44.2987551],[-78.3230155,44.298756],[-78.3230113,44.2987121],[-78.3230305,44.2987112],[-78.3230274,44.2986779],[-78.3231449,44.2986723]]]},"properties":{"id":"district-osm-building-1006575698","semantic_type":"building","source_id":"openstreetmap-way-1006575698","confidence":0.86,"review_status":"source-aligned","render_in_semantic_layer":false,"source_role":"building-footprint-inventory","building_class":"yes","height":null,"levels":null,"roof_shape":null}},{"type":"Feature","id":"district-osm-building-1006575699","geometry":{"type":"Polygon","coordinates":[[[-78.3231989,44.2985617],[-78.3231997,44.2985707],[-78.3232384,44.2985689],[-78.3232426,44.2986136],[-78.3232448,44.2986368],[-78.3230852,44.2986445],[-78.323083,44.2986213],[-78.323055,44.2986226],[-78.3230508,44.2985779],[-78.3230788,44.2985765],[-78.3231289,44.2985741],[-78.3231281,44.2985651],[-78.3231989,44.2985617]]]},"properties":{"id":"district-osm-building-1006575699","semantic_type":"building","source_id":"openstreetmap-way-1006575699","confidence":0.86,"review_status":"source-aligned","render_in_semantic_layer":false,"source_role":"building-footprint-inventory","building_class":"yes","height":null,"levels":null,"roof_shape":null}},{"type":"Feature","id":"district-osm-building-1006575700","geometry":{"type":"Polygon","coordinates":[[[-78.3231905,44.2984657],[-78.3231912,44.2984733],[-78.3232297,44.2984715],[-78.3232301,44.2984759],[-78.3232626,44.2984743],[-78.3232644,44.2984935],[-78.3233031,44.2984916],[-78.323307,44.2985325],[-78.3232682,44.2985343],[-78.3232357,44.2985359],[-78.3232362,44.2985407],[-78.3230795,44.2985482],[-78.3230773,44.2985253],[-78.3230688,44.2985257],[-78.3230644,44.2984794],[-78.323073,44.298479],[-78.3231245,44.2984765],[-78.3231238,44.2984689],[-78.3231905,44.2984657]]]},"properties":{"id":"district-osm-building-1006575700","semantic_type":"building","source_id":"openstreetmap-way-1006575700","confidence":0.86,"review_status":"source-aligned","render_in_semantic_layer":false,"source_role":"building-footprint-inventory","building_class":"yes","height":null,"levels":null,"roof_shape":null}},{"type":"Feature","id":"district-osm-building-1006575701","geometry":{"type":"Polygon","coordinates":[[[-78.3231834,44.2983702],[-78.3231841,44.298377],[-78.323227,44.298375],[-78.3232294,44.2984002],[-78.3232502,44.2983992],[-78.3232538,44.2984383],[-78.3232331,44.2984393],[-78.3232334,44.2984432],[-78.3230748,44.2984508],[-78.3230731,44.2984326],[-78.3230627,44.2984331],[-78.3230581,44.2983831],[-78.3230684,44.2983826],[-78.3231119,44.2983805],[-78.3231113,44.2983737],[-78.3231834,44.2983702]]]},"properties":{"id":"district-osm-building-1006575701","semantic_type":"building","source_id":"openstreetmap-way-1006575701","confidence":0.86,"review_status":"source-aligned","render_in_semantic_layer":false,"source_role":"building-footprint-inventory","building_class":"yes","height":null,"levels":null,"roof_shape":null}},{"type":"Feature","id":"district-osm-building-1006575702","geometry":{"type":"Polygon","coordinates":[[[-78.3211718,44.3006167],[-78.3211628,44.3005094],[-78.3211964,44.3005079],[-78.3211912,44.3004453],[-78.3212524,44.3004427],[-78.3212576,44.3005053],[-78.3212665,44.3006126],[-78.3212054,44.3006152],[-78.3211718,44.3006167]]]},"properties":{"id":"district-osm-building-1006575702","semantic_type":"building","source_id":"openstreetmap-way-1006575702","confidence":0.86,"review_status":"source-aligned","render_in_semantic_layer":false,"source_role":"building-footprint-inventory","building_class":"yes","height":null,"levels":null,"roof_shape":null}},{"type":"Feature","id":"district-osm-building-1006575703","geometry":{"type":"Polygon","coordinates":[[[-78.3217897,44.3004435],[-78.3217806,44.3004439],[-78.3217777,44.3004092],[-78.3218439,44.3004063],[-78.3218415,44.3003778],[-78.3219007,44.3003753],[-78.321903,44.3004038],[-78.3219308,44.3004026],[-78.3219328,44.3004258],[-78.3219472,44.3004251],[-78.3219583,44.3005586],[-78.3218392,44.3005637],[-78.3218431,44.3006095],[-78.3217753,44.3006123],[-78.3217678,44.3005231],[-78.3217962,44.3005219],[-78.3217897,44.3004435]]]},"properties":{"id":"district-osm-building-1006575703","semantic_type":"building","source_id":"openstreetmap-way-1006575703","confidence":0.86,"review_status":"source-aligned","render_in_semantic_layer":false,"source_role":"building-footprint-inventory","building_class":"yes","height":null,"levels":null,"roof_shape":null}},{"type":"Feature","id":"district-osm-building-1006575704","geometry":{"type":"Polygon","coordinates":[[[-78.3223318,44.3005437],[-78.3223237,44.3004463],[-78.3223511,44.3004451],[-78.3223473,44.3003988],[-78.3224319,44.3003952],[-78.3224358,44.3004415],[-78.3224439,44.3005389],[-78.3224294,44.3005396],[-78.3224305,44.3005534],[-78.3223426,44.3005572],[-78.3223414,44.3005433],[-78.3223318,44.3005437]]]},"properties":{"id":"district-osm-building-1006575704","semantic_type":"building","source_id":"openstreetmap-way-1006575704","confidence":0.86,"review_status":"source-aligned","render_in_semantic_layer":false,"source_role":"building-footprint-inventory","building_class":"yes","height":null,"levels":null,"roof_shape":null}},{"type":"Feature","id":"district-osm-building-1006575705","geometry":{"type":"Polygon","coordinates":[[[-78.3226705,44.3003886],[-78.3226929,44.3003876],[-78.3227026,44.3005051],[-78.3226803,44.300506],[-78.32252,44.3005129],[-78.3225102,44.3003954],[-78.3225061,44.3003466],[-78.3226664,44.3003398],[-78.3226705,44.3003886]]]},"properties":{"id":"district-osm-building-1006575705","semantic_type":"building","source_id":"openstreetmap-way-1006575705","confidence":0.86,"review_status":"source-aligned","render_in_semantic_layer":false,"source_role":"building-footprint-inventory","building_class":"yes","height":null,"levels":null,"roof_shape":null}},{"type":"Feature","id":"district-osm-building-1006575706","geometry":{"type":"Polygon","coordinates":[[[-78.3225672,44.2998488],[-78.3225632,44.2998013],[-78.3225976,44.2997999],[-78.3225951,44.2997694],[-78.3227168,44.2997642],[-78.3227161,44.2997552],[-78.3227671,44.2997531],[-78.3227744,44.2998407],[-78.3227548,44.2998415],[-78.3227553,44.2998471],[-78.3226021,44.2998536],[-78.3226015,44.2998473],[-78.3225672,44.2998488]]]},"properties":{"id":"district-osm-building-1006575706","semantic_type":"building","source_id":"openstreetmap-way-1006575706","confidence":0.86,"review_status":"source-aligned","render_in_semantic_layer":false,"source_role":"building-footprint-inventory","building_class":"yes","height":null,"levels":null,"roof_shape":null}},{"type":"Feature","id":"district-osm-building-1006575707","geometry":{"type":"Polygon","coordinates":[[[-78.3220676,44.2982999],[-78.3220728,44.2983688],[-78.3220846,44.2983683],[-78.3221726,44.2983649],[-78.3221803,44.2984668],[-78.3221844,44.298522],[-78.3220965,44.2985254],[-78.3220923,44.2984702],[-78.3220805,44.2984706],[-78.3220843,44.2985212],[-78.3220848,44.2985212],[-78.3221076,44.2988235],[-78.3218537,44.2988333],[-78.3218309,44.298531],[-78.3219021,44.2985282],[-78.3218918,44.2983918],[-78.3218373,44.2983939],[-78.3218328,44.2983339],[-78.3218873,44.2983318],[-78.3218854,44.2983069],[-78.3220676,44.2982999]]]},"properties":{"id":"district-osm-building-1006575707","semantic_type":"building","source_id":"openstreetmap-way-1006575707","confidence":0.86,"review_status":"source-aligned","render_in_semantic_layer":false,"source_role":"building-footprint-inventory","building_class":"yes","height":null,"levels":null,"roof_shape":null}},{"type":"Feature","id":"district-osm-building-1006575708","geometry":{"type":"Polygon","coordinates":[[[-78.3225182,44.2984499],[-78.3225415,44.2984487],[-78.3225408,44.2984416],[-78.3226886,44.2984345],[-78.3226927,44.2984786],[-78.3226962,44.2985157],[-78.3225484,44.2985228],[-78.3224962,44.2985253],[-78.3224928,44.2984882],[-78.3225217,44.2984869],[-78.3225182,44.2984499]]]},"properties":{"id":"district-osm-building-1006575708","semantic_type":"building","source_id":"openstreetmap-way-1006575708","confidence":0.86,"review_status":"source-aligned","render_in_semantic_layer":false,"source_role":"building-footprint-inventory","building_class":"yes","height":null,"levels":null,"roof_shape":null}},{"type":"Feature","id":"district-osm-building-1006575709","geometry":{"type":"Polygon","coordinates":[[[-78.3227342,44.2987709],[-78.3227081,44.2987722],[-78.3227085,44.2987771],[-78.3225805,44.2987832],[-78.3225811,44.29879],[-78.3225189,44.298793],[-78.3225137,44.2987374],[-78.322562,44.2987351],[-78.3225586,44.2986995],[-78.3227006,44.2986927],[-78.3227046,44.2987351],[-78.3227307,44.2987339],[-78.3227342,44.2987709]]]},"properties":{"id":"district-osm-building-1006575709","semantic_type":"building","source_id":"openstreetmap-way-1006575709","confidence":0.86,"review_status":"source-aligned","render_in_semantic_layer":false,"source_role":"building-footprint-inventory","building_class":"yes","height":null,"levels":null,"roof_shape":null}},{"type":"Feature","id":"district-osm-building-1006575710","geometry":{"type":"Polygon","coordinates":[[[-78.3266395,44.2986692],[-78.3266404,44.2986836],[-78.3267146,44.2986812],[-78.3267173,44.2987231],[-78.326736,44.2987224],[-78.3267385,44.2987613],[-78.3266656,44.2987637],[-78.3266639,44.2987372],[-78.3266439,44.2987378],[-78.3265281,44.2987416],[-78.3265276,44.2987328],[-78.3265074,44.2987335],[-78.3265035,44.2986737],[-78.3265237,44.298673],[-78.3266395,44.2986692]]]},"properties":{"id":"district-osm-building-1006575710","semantic_type":"building","source_id":"openstreetmap-way-1006575710","confidence":0.86,"review_status":"source-aligned","render_in_semantic_layer":false,"source_role":"building-footprint-inventory","building_class":"yes","height":null,"levels":null,"roof_shape":null}},{"type":"Feature","id":"district-osm-building-1006575711","geometry":{"type":"Polygon","coordinates":[[[-78.3222603,44.2991915],[-78.3223114,44.299189],[-78.3223231,44.2993144],[-78.3222721,44.2993169],[-78.3222252,44.2993191],[-78.3222135,44.2991937],[-78.3222125,44.2991837],[-78.3222594,44.2991815],[-78.3222603,44.2991915]]]},"properties":{"id":"district-osm-building-1006575711","semantic_type":"building","source_id":"openstreetmap-way-1006575711","confidence":0.86,"review_status":"source-aligned","render_in_semantic_layer":false,"source_role":"building-footprint-inventory","building_class":"yes","height":null,"levels":null,"roof_shape":null}},{"type":"Feature","id":"district-osm-building-1006575712","geometry":{"type":"Polygon","coordinates":[[[-78.3218395,44.2992024],[-78.3218252,44.2992031],[-78.3218182,44.2991286],[-78.3218584,44.2991266],[-78.3218564,44.2991053],[-78.3218886,44.2991037],[-78.3218912,44.299132],[-78.3218909,44.299132],[-78.321896,44.2991867],[-78.3218997,44.2991865],[-78.3219031,44.2992236],[-78.321909,44.2992233],[-78.3219174,44.2993137],[-78.3219044,44.2993143],[-78.3219058,44.2993289],[-78.3218215,44.2993329],[-78.3218202,44.2993184],[-78.3218146,44.2993186],[-78.3218061,44.2992283],[-78.3218417,44.2992266],[-78.3218395,44.2992024]]]},"properties":{"id":"district-osm-building-1006575712","semantic_type":"building","source_id":"openstreetmap-way-1006575712","confidence":0.86,"review_status":"source-aligned","render_in_semantic_layer":false,"source_role":"building-footprint-inventory","building_class":"yes","height":null,"levels":null,"roof_shape":null}},{"type":"Feature","id":"district-osm-building-1006575713","geometry":{"type":"Polygon","coordinates":[[[-78.3215932,44.2991364],[-78.3215988,44.2991957],[-78.3216095,44.2991951],[-78.3216143,44.299247],[-78.3216236,44.2993452],[-78.3216157,44.2993456],[-78.3216174,44.2993629],[-78.3215213,44.2993675],[-78.3215197,44.2993502],[-78.3215158,44.2993504],[-78.3215066,44.2992522],[-78.3215387,44.2992506],[-78.3215339,44.2991988],[-78.3215404,44.2991985],[-78.3215349,44.2991392],[-78.3215932,44.2991364]]]},"properties":{"id":"district-osm-building-1006575713","semantic_type":"building","source_id":"openstreetmap-way-1006575713","confidence":0.86,"review_status":"source-aligned","render_in_semantic_layer":false,"source_role":"building-footprint-inventory","building_class":"yes","height":null,"levels":null,"roof_shape":null}},{"type":"Feature","id":"district-osm-building-1006575730","geometry":{"type":"Polygon","coordinates":[[[-78.3197405,44.2997706],[-78.3197455,44.2998311],[-78.3201916,44.2998121],[-78.3202001,44.2999109],[-78.3203429,44.2999042],[-78.3203348,44.2998061],[-78.3203274,44.2997159],[-78.3203736,44.2997141],[-78.320366,44.2996152],[-78.3201223,44.2996255],[-78.31973,44.2996421],[-78.3197405,44.2997706]]]},"properties":{"id":"district-osm-building-1006575730","semantic_type":"building","source_id":"openstreetmap-way-1006575730","confidence":0.86,"review_status":"source-aligned","render_in_semantic_layer":false,"source_role":"building-footprint-inventory","building_class":"yes","height":null,"levels":null,"roof_shape":null}},{"type":"Feature","id":"district-osm-building-1006575731","geometry":{"type":"Polygon","coordinates":[[[-78.3198273,44.3006968],[-78.3198161,44.3005617],[-78.3201599,44.3005471],[-78.3201712,44.3006821],[-78.3198273,44.3006968]]]},"properties":{"id":"district-osm-building-1006575731","semantic_type":"building","source_id":"openstreetmap-way-1006575731","confidence":0.86,"review_status":"source-aligned","render_in_semantic_layer":false,"source_role":"building-footprint-inventory","building_class":"yes","height":null,"levels":null,"roof_shape":null}},{"type":"Feature","id":"district-osm-building-1006575732","geometry":{"type":"Polygon","coordinates":[[[-78.3199695,44.300341],[-78.3197857,44.3003489],[-78.3197789,44.3002669],[-78.3199627,44.3002591],[-78.3202089,44.3002486],[-78.3202157,44.3003305],[-78.3202217,44.3004022],[-78.3199755,44.3004127],[-78.3199695,44.300341]]]},"properties":{"id":"district-osm-building-1006575732","semantic_type":"building","source_id":"openstreetmap-way-1006575732","confidence":0.86,"review_status":"source-aligned","render_in_semantic_layer":false,"source_role":"building-footprint-inventory","building_class":"yes","height":null,"levels":null,"roof_shape":null}},{"type":"Feature","id":"district-osm-building-1006575733","geometry":{"type":"Polygon","coordinates":[[[-78.3202213,44.3002927],[-78.3202104,44.3001611],[-78.3203758,44.300154],[-78.3203868,44.3002857],[-78.3205475,44.3002788],[-78.32058,44.300669],[-78.3204193,44.3006758],[-78.3202538,44.3006829],[-78.3202213,44.3002927]]]},"properties":{"id":"district-osm-building-1006575733","semantic_type":"building","source_id":"openstreetmap-way-1006575733","confidence":0.86,"review_status":"source-aligned","render_in_semantic_layer":false,"source_role":"building-footprint-inventory","building_class":"yes","height":null,"levels":null,"roof_shape":null}},{"type":"Feature","id":"district-osm-building-1006575735","geometry":{"type":"Polygon","coordinates":[[[-78.3210375,44.2997671],[-78.3210417,44.2998171],[-78.3210383,44.2998173],[-78.3210424,44.2998656],[-78.3209746,44.2998685],[-78.3209706,44.2998202],[-78.3209486,44.2998211],[-78.3209445,44.2997711],[-78.3209344,44.2997715],[-78.3209263,44.2996746],[-78.3209364,44.2996741],[-78.3210295,44.2996702],[-78.3210375,44.2997671]]]},"properties":{"id":"district-osm-building-1006575735","semantic_type":"building","source_id":"openstreetmap-way-1006575735","confidence":0.86,"review_status":"source-aligned","render_in_semantic_layer":false,"source_role":"building-footprint-inventory","building_class":"yes","height":null,"levels":null,"roof_shape":null}},{"type":"Feature","id":"district-osm-building-1006575736","geometry":{"type":"Polygon","coordinates":[[[-78.3212581,44.2996633],[-78.3212572,44.2996533],[-78.3212813,44.2996523],[-78.3213428,44.2996496],[-78.3213559,44.2998073],[-78.32136,44.2998563],[-78.3212985,44.2998589],[-78.3212944,44.2998099],[-78.3212703,44.2998109],[-78.3212697,44.2998031],[-78.3212556,44.2998037],[-78.3212522,44.2997627],[-78.3212482,44.2997629],[-78.32124,44.2996641],[-78.3212581,44.2996633]]]},"properties":{"id":"district-osm-building-1006575736","semantic_type":"building","source_id":"openstreetmap-way-1006575736","confidence":0.86,"review_status":"source-aligned","render_in_semantic_layer":false,"source_role":"building-footprint-inventory","building_class":"yes","height":null,"levels":null,"roof_shape":null}},{"type":"Feature","id":"district-osm-building-1006575737","geometry":{"type":"Polygon","coordinates":[[[-78.3219469,44.299809],[-78.3219415,44.2997433],[-78.3219892,44.2997413],[-78.3219946,44.2998069],[-78.3219469,44.299809]]]},"properties":{"id":"district-osm-building-1006575737","semantic_type":"building","source_id":"openstreetmap-way-1006575737","confidence":0.86,"review_status":"source-aligned","render_in_semantic_layer":false,"source_role":"building-footprint-inventory","building_class":"yes","height":null,"levels":null,"roof_shape":null}},{"type":"Feature","id":"district-osm-building-1006575738","geometry":{"type":"Polygon","coordinates":[[[-78.3218088,44.2997058],[-78.3218003,44.2996033],[-78.3219295,44.2995978],[-78.321938,44.2997003],[-78.3218088,44.2997058]]]},"properties":{"id":"district-osm-building-1006575738","semantic_type":"building","source_id":"openstreetmap-way-1006575738","confidence":0.86,"review_status":"source-aligned","render_in_semantic_layer":false,"source_role":"building-footprint-inventory","building_class":"yes","height":null,"levels":null,"roof_shape":null}},{"type":"Feature","id":"district-osm-building-1006575739","geometry":{"type":"Polygon","coordinates":[[[-78.3214171,44.3005772],[-78.3214184,44.3005929],[-78.3213347,44.3005965],[-78.3213334,44.3005808],[-78.3213247,44.3005811],[-78.32131,44.3004049],[-78.3213434,44.3004035],[-78.3213421,44.3003873],[-78.3214078,44.3003845],[-78.3214092,44.3004007],[-78.3214238,44.3005769],[-78.3214171,44.3005772]]]},"properties":{"id":"district-osm-building-1006575739","semantic_type":"building","source_id":"openstreetmap-way-1006575739","confidence":0.86,"review_status":"source-aligned","render_in_semantic_layer":false,"source_role":"building-footprint-inventory","building_class":"yes","height":null,"levels":null,"roof_shape":null}},{"type":"Feature","id":"district-osm-building-1006575740","geometry":{"type":"Polygon","coordinates":[[[-78.3214689,44.3005766],[-78.3214628,44.3005768],[-78.3214539,44.3004696],[-78.3214924,44.300468],[-78.3214869,44.3004015],[-78.3215392,44.3003993],[-78.3215448,44.3004658],[-78.3215513,44.3004655],[-78.3215602,44.3005727],[-78.3215516,44.300573],[-78.3215535,44.3005959],[-78.3214708,44.3005994],[-78.3214689,44.3005766]]]},"properties":{"id":"district-osm-building-1006575740","semantic_type":"building","source_id":"openstreetmap-way-1006575740","confidence":0.86,"review_status":"source-aligned","render_in_semantic_layer":false,"source_role":"building-footprint-inventory","building_class":"yes","height":null,"levels":null,"roof_shape":null}},{"type":"Feature","id":"district-osm-building-1006575741","geometry":{"type":"Polygon","coordinates":[[[-78.3216747,44.3004546],[-78.3216864,44.3004541],[-78.3216961,44.3005706],[-78.3216844,44.3005711],[-78.3216881,44.3006157],[-78.3215895,44.3006199],[-78.3215858,44.3005753],[-78.3215761,44.3004588],[-78.3216747,44.3004546]]]},"properties":{"id":"district-osm-building-1006575741","semantic_type":"building","source_id":"openstreetmap-way-1006575741","confidence":0.86,"review_status":"source-aligned","render_in_semantic_layer":false,"source_role":"building-footprint-inventory","building_class":"yes","height":null,"levels":null,"roof_shape":null}},{"type":"Feature","id":"district-osm-building-1006575742","geometry":{"type":"Polygon","coordinates":[[[-78.3217464,44.3003618],[-78.3217331,44.3002015],[-78.3219114,44.3001939],[-78.3219247,44.3003542],[-78.3217464,44.3003618]]]},"properties":{"id":"district-osm-building-1006575742","semantic_type":"building","source_id":"openstreetmap-way-1006575742","confidence":0.86,"review_status":"source-aligned","render_in_semantic_layer":false,"source_role":"building-footprint-inventory","building_class":"yes","height":null,"levels":null,"roof_shape":null}},{"type":"Feature","id":"district-osm-building-1006575743","geometry":{"type":"Polygon","coordinates":[[[-78.322047,44.3005539],[-78.3220395,44.3005542],[-78.3220314,44.3004569],[-78.3220389,44.3004565],[-78.3220354,44.3004156],[-78.3220653,44.3004143],[-78.3220608,44.3003593],[-78.3221246,44.3003566],[-78.3221292,44.3004116],[-78.3221386,44.3004112],[-78.322142,44.3004521],[-78.3221501,44.3005495],[-78.322047,44.3005539]]]},"properties":{"id":"district-osm-building-1006575743","semantic_type":"building","source_id":"openstreetmap-way-1006575743","confidence":0.86,"review_status":"source-aligned","render_in_semantic_layer":false,"source_role":"building-footprint-inventory","building_class":"yes","height":null,"levels":null,"roof_shape":null}},{"type":"Feature","id":"district-osm-building-1006575744","geometry":{"type":"Polygon","coordinates":[[[-78.3222703,44.3004492],[-78.3222822,44.3004487],[-78.3222899,44.3005405],[-78.3221924,44.3005447],[-78.322186,44.3004678],[-78.3221729,44.3004684],[-78.3221648,44.3003708],[-78.3222634,44.3003666],[-78.3222703,44.3004492]]]},"properties":{"id":"district-osm-building-1006575744","semantic_type":"building","source_id":"openstreetmap-way-1006575744","confidence":0.86,"review_status":"source-aligned","render_in_semantic_layer":false,"source_role":"building-footprint-inventory","building_class":"yes","height":null,"levels":null,"roof_shape":null}},{"type":"Feature","id":"district-osm-building-1006575745","geometry":{"type":"Polygon","coordinates":[[[-78.3227167,44.3005209],[-78.3227043,44.3003718],[-78.3228358,44.3003662],[-78.3228482,44.3005153],[-78.3227167,44.3005209]]]},"properties":{"id":"district-osm-building-1006575745","semantic_type":"building","source_id":"openstreetmap-way-1006575745","confidence":0.86,"review_status":"source-aligned","render_in_semantic_layer":false,"source_role":"building-footprint-inventory","building_class":"yes","height":null,"levels":null,"roof_shape":null}},{"type":"Feature","id":"district-osm-building-1006575746","geometry":{"type":"Polygon","coordinates":[[[-78.3227057,44.3003522],[-78.3227023,44.3003122],[-78.3227878,44.3003086],[-78.3227911,44.3003486],[-78.3227057,44.3003522]]]},"properties":{"id":"district-osm-building-1006575746","semantic_type":"building","source_id":"openstreetmap-way-1006575746","confidence":0.86,"review_status":"source-aligned","render_in_semantic_layer":false,"source_role":"building-footprint-inventory","building_class":"yes","height":null,"levels":null,"roof_shape":null}},{"type":"Feature","id":"district-osm-building-1006575747","geometry":{"type":"Polygon","coordinates":[[[-78.3227766,44.3002945],[-78.322777,44.3002989],[-78.3226678,44.3003035],[-78.3226672,44.3002972],[-78.3226363,44.3002985],[-78.3226341,44.3002726],[-78.3226651,44.3002713],[-78.3226625,44.30024],[-78.3227717,44.3002354],[-78.322774,44.3002623],[-78.3227979,44.3002613],[-78.3228005,44.3002934],[-78.3227766,44.3002945]]]},"properties":{"id":"district-osm-building-1006575747","semantic_type":"building","source_id":"openstreetmap-way-1006575747","confidence":0.86,"review_status":"source-aligned","render_in_semantic_layer":false,"source_role":"building-footprint-inventory","building_class":"yes","height":null,"levels":null,"roof_shape":null}},{"type":"Feature","id":"district-osm-building-1006575748","geometry":{"type":"Polygon","coordinates":[[[-78.3227718,44.3002117],[-78.3227724,44.3002187],[-78.3226621,44.3002234],[-78.3226618,44.3002203],[-78.3226289,44.3002217],[-78.3226252,44.300177],[-78.3226581,44.3001756],[-78.3226567,44.300159],[-78.322767,44.3001543],[-78.3227692,44.3001808],[-78.3227929,44.3001798],[-78.3227955,44.3002107],[-78.3227718,44.3002117]]]},"properties":{"id":"district-osm-building-1006575748","semantic_type":"building","source_id":"openstreetmap-way-1006575748","confidence":0.86,"review_status":"source-aligned","render_in_semantic_layer":false,"source_role":"building-footprint-inventory","building_class":"yes","height":null,"levels":null,"roof_shape":null}},{"type":"Feature","id":"district-osm-building-1006575749","geometry":{"type":"Polygon","coordinates":[[[-78.3225246,44.3001771],[-78.322522,44.3001454],[-78.3226014,44.300142],[-78.322604,44.3001737],[-78.3225246,44.3001771]]]},"properties":{"id":"district-osm-building-1006575749","semantic_type":"building","source_id":"openstreetmap-way-1006575749","confidence":0.86,"review_status":"source-aligned","render_in_semantic_layer":false,"source_role":"building-footprint-inventory","building_class":"yes","height":null,"levels":null,"roof_shape":null}},{"type":"Feature","id":"district-osm-building-1006575750","geometry":{"type":"Polygon","coordinates":[[[-78.322529,44.3000979],[-78.3225263,44.3000653],[-78.322594,44.3000624],[-78.3225967,44.300095],[-78.322529,44.3000979]]]},"properties":{"id":"district-osm-building-1006575750","semantic_type":"building","source_id":"openstreetmap-way-1006575750","confidence":0.86,"review_status":"source-aligned","render_in_semantic_layer":false,"source_role":"building-footprint-inventory","building_class":"yes","height":null,"levels":null,"roof_shape":null}},{"type":"Feature","id":"district-osm-building-1006575751","geometry":{"type":"Polygon","coordinates":[[[-78.3227653,44.3001296],[-78.3227658,44.3001354],[-78.322655,44.3001401],[-78.3226526,44.3001106],[-78.3226255,44.3001118],[-78.3226236,44.300089],[-78.3226507,44.3000879],[-78.3226496,44.3000743],[-78.3227603,44.3000696],[-78.3227628,44.300099],[-78.3227866,44.300098],[-78.3227891,44.3001286],[-78.3227653,44.3001296]]]},"properties":{"id":"district-osm-building-1006575751","semantic_type":"building","source_id":"openstreetmap-way-1006575751","confidence":0.86,"review_status":"source-aligned","render_in_semantic_layer":false,"source_role":"building-footprint-inventory","building_class":"yes","height":null,"levels":null,"roof_shape":null}},{"type":"Feature","id":"district-osm-building-1006575752","geometry":{"type":"Polygon","coordinates":[[[-78.3225988,44.3000179],[-78.3225964,44.2999885],[-78.3227784,44.2999808],[-78.3227841,44.3000493],[-78.3226021,44.3000571],[-78.3226015,44.3000509],[-78.3225799,44.3000518],[-78.3225772,44.3000189],[-78.3225988,44.3000179]]]},"properties":{"id":"district-osm-building-1006575752","semantic_type":"building","source_id":"openstreetmap-way-1006575752","confidence":0.86,"review_status":"source-aligned","render_in_semantic_layer":false,"source_role":"building-footprint-inventory","building_class":"yes","height":null,"levels":null,"roof_shape":null}},{"type":"Feature","id":"district-osm-building-1006575753","geometry":{"type":"Polygon","coordinates":[[[-78.3227316,44.2999538],[-78.3226168,44.2999587],[-78.3226162,44.2999515],[-78.3225826,44.299953],[-78.3225802,44.2999236],[-78.3225444,44.2999251],[-78.3225412,44.299887],[-78.3226106,44.2998841],[-78.3226102,44.2998788],[-78.3227249,44.2998739],[-78.3227241,44.2998642],[-78.3227716,44.2998621],[-78.3227724,44.2998718],[-78.322779,44.2999518],[-78.3227316,44.2999538]]]},"properties":{"id":"district-osm-building-1006575753","semantic_type":"building","source_id":"openstreetmap-way-1006575753","confidence":0.86,"review_status":"source-aligned","render_in_semantic_layer":false,"source_role":"building-footprint-inventory","building_class":"yes","height":null,"levels":null,"roof_shape":null}},{"type":"Feature","id":"district-osm-building-1006575755","geometry":{"type":"Polygon","coordinates":[[[-78.3233108,44.3005471],[-78.3231628,44.3005534],[-78.3231405,44.3002855],[-78.3232885,44.3002792],[-78.3233108,44.3005471]]]},"properties":{"id":"district-osm-building-1006575755","semantic_type":"building","source_id":"openstreetmap-way-1006575755","confidence":0.86,"review_status":"source-aligned","render_in_semantic_layer":false,"source_role":"building-footprint-inventory","building_class":"yes","height":null,"levels":null,"roof_shape":null}},{"type":"Feature","id":"district-osm-building-1006575756","geometry":{"type":"Polygon","coordinates":[[[-78.323101,44.2996684],[-78.323089,44.2995247],[-78.3233222,44.2995148],[-78.3233342,44.2996584],[-78.323101,44.2996684]]]},"properties":{"id":"district-osm-building-1006575756","semantic_type":"building","source_id":"openstreetmap-way-1006575756","confidence":0.86,"review_status":"source-aligned","render_in_semantic_layer":false,"source_role":"building-footprint-inventory","building_class":"yes","height":null,"levels":null,"roof_shape":null}},{"type":"Feature","id":"district-osm-building-1006575757","geometry":{"type":"Polygon","coordinates":[[[-78.323218,44.2999325],[-78.3233198,44.2999281],[-78.3233303,44.3000537],[-78.3233072,44.3000547],[-78.3233149,44.3001473],[-78.3232362,44.3001507],[-78.3232391,44.3001857],[-78.3231301,44.3001904],[-78.3231195,44.3000627],[-78.323109,44.2999371],[-78.323218,44.2999325]]]},"properties":{"id":"district-osm-building-1006575757","semantic_type":"building","source_id":"openstreetmap-way-1006575757","confidence":0.86,"review_status":"source-aligned","render_in_semantic_layer":false,"source_role":"building-footprint-inventory","building_class":"yes","height":null,"levels":null,"roof_shape":null}},{"type":"Feature","id":"district-osm-building-1006575758","geometry":{"type":"Polygon","coordinates":[[[-78.3235031,44.3001326],[-78.3233794,44.3001378],[-78.3233712,44.3000389],[-78.3234948,44.3000336],[-78.3234809,44.2998667],[-78.3237876,44.2998536],[-78.3238015,44.3000205],[-78.3238097,44.3001195],[-78.3235031,44.3001326]]]},"properties":{"id":"district-osm-building-1006575758","semantic_type":"building","source_id":"openstreetmap-way-1006575758","confidence":0.86,"review_status":"source-aligned","render_in_semantic_layer":false,"source_role":"building-footprint-inventory","building_class":"yes","height":null,"levels":null,"roof_shape":null}},{"type":"Feature","id":"district-osm-building-1006575766","geometry":{"type":"Polygon","coordinates":[[[-78.3254653,44.3003736],[-78.3254964,44.300372],[-78.3255029,44.3004362],[-78.3254718,44.3004378],[-78.325474,44.3004602],[-78.3253949,44.3004643],[-78.3253927,44.3004419],[-78.3253862,44.3003777],[-78.3254653,44.3003736]]]},"properties":{"id":"district-osm-building-1006575766","semantic_type":"building","source_id":"openstreetmap-way-1006575766","confidence":0.86,"review_status":"source-aligned","render_in_semantic_layer":false,"source_role":"building-footprint-inventory","building_class":"yes","height":null,"levels":null,"roof_shape":null}},{"type":"Feature","id":"district-osm-building-1006575767","geometry":{"type":"Polygon","coordinates":[[[-78.3251068,44.3003434],[-78.3251177,44.3003428],[-78.3251287,44.3004521],[-78.3249834,44.3004595],[-78.3249725,44.3003503],[-78.3249784,44.30035],[-78.3249711,44.3002774],[-78.3250995,44.3002708],[-78.3251068,44.3003434]]]},"properties":{"id":"district-osm-building-1006575767","semantic_type":"building","source_id":"openstreetmap-way-1006575767","confidence":0.86,"review_status":"source-aligned","render_in_semantic_layer":false,"source_role":"building-footprint-inventory","building_class":"house","height":null,"levels":null,"roof_shape":null}},{"type":"Feature","id":"district-osm-building-1006575768","geometry":{"type":"Polygon","coordinates":[[[-78.3245476,44.3003573],[-78.3245614,44.3003566],[-78.3245729,44.3004708],[-78.3244796,44.3004756],[-78.3244681,44.3003614],[-78.3244967,44.3003599],[-78.3244941,44.3003337],[-78.324545,44.3003311],[-78.3245476,44.3003573]]]},"properties":{"id":"district-osm-building-1006575768","semantic_type":"building","source_id":"openstreetmap-way-1006575768","confidence":0.86,"review_status":"source-aligned","render_in_semantic_layer":false,"source_role":"building-footprint-inventory","building_class":"yes","height":null,"levels":null,"roof_shape":null}},{"type":"Feature","id":"district-osm-building-1006575769","geometry":{"type":"Polygon","coordinates":[[[-78.3243402,44.3004737],[-78.3242945,44.3004761],[-78.3242846,44.3003772],[-78.3243064,44.300376],[-78.3243024,44.3003362],[-78.3243737,44.3003326],[-78.3243777,44.3003724],[-78.3243864,44.3003719],[-78.3243963,44.3004708],[-78.3243807,44.3004716],[-78.3243819,44.300484],[-78.3243415,44.3004861],[-78.3243402,44.3004737]]]},"properties":{"id":"district-osm-building-1006575769","semantic_type":"building","source_id":"openstreetmap-way-1006575769","confidence":0.86,"review_status":"source-aligned","render_in_semantic_layer":false,"source_role":"building-footprint-inventory","building_class":"yes","height":null,"levels":null,"roof_shape":null}},{"type":"Feature","id":"district-osm-building-1006575770","geometry":{"type":"Polygon","coordinates":[[[-78.3246557,44.3003678],[-78.3246694,44.3003671],[-78.3246793,44.300466],[-78.3245775,44.3004713],[-78.3245676,44.3003724],[-78.3246081,44.3003703],[-78.3246051,44.3003398],[-78.3246526,44.3003374],[-78.3246557,44.3003678]]]},"properties":{"id":"district-osm-building-1006575770","semantic_type":"building","source_id":"openstreetmap-way-1006575770","confidence":0.86,"review_status":"source-aligned","render_in_semantic_layer":false,"source_role":"building-footprint-inventory","building_class":"yes","height":null,"levels":null,"roof_shape":null}},{"type":"Feature","id":"district-osm-building-1006575771","geometry":{"type":"Polygon","coordinates":[[[-78.3246305,44.3002778],[-78.3246239,44.3002128],[-78.3246841,44.3002097],[-78.3246907,44.3002748],[-78.3246305,44.3002778]]]},"properties":{"id":"district-osm-building-1006575771","semantic_type":"building","source_id":"openstreetmap-way-1006575771","confidence":0.86,"review_status":"source-aligned","render_in_semantic_layer":false,"source_role":"building-footprint-inventory","building_class":"yes","height":null,"levels":null,"roof_shape":null}},{"type":"Feature","id":"district-osm-building-1006575772","geometry":{"type":"Polygon","coordinates":[[[-78.3242845,44.3001987],[-78.3242784,44.3001386],[-78.3245286,44.3001257],[-78.3245346,44.3001858],[-78.3242845,44.3001987]]]},"properties":{"id":"district-osm-building-1006575772","semantic_type":"building","source_id":"openstreetmap-way-1006575772","confidence":0.86,"review_status":"source-aligned","render_in_semantic_layer":false,"source_role":"building-footprint-inventory","building_class":"yes","height":null,"levels":null,"roof_shape":null}},{"type":"Feature","id":"district-osm-building-1006575773","geometry":{"type":"Polygon","coordinates":[[[-78.3243797,44.2997509],[-78.3244042,44.2999948],[-78.3242577,44.3000024],[-78.3242331,44.2997585],[-78.3243797,44.2997509]]]},"properties":{"id":"district-osm-building-1006575773","semantic_type":"building","source_id":"openstreetmap-way-1006575773","confidence":0.86,"review_status":"source-aligned","render_in_semantic_layer":false,"source_role":"building-footprint-inventory","building_class":"yes","height":null,"levels":null,"roof_shape":null}},{"type":"Feature","id":"district-osm-building-1006575775","geometry":{"type":"Polygon","coordinates":[[[-78.3242369,44.2996975],[-78.3242325,44.2996538],[-78.3243509,44.2996477],[-78.3243974,44.2996453],[-78.3244018,44.299689],[-78.3243553,44.2996914],[-78.3243579,44.2997179],[-78.3242396,44.299724],[-78.3242369,44.2996975]]]},"properties":{"id":"district-osm-building-1006575775","semantic_type":"building","source_id":"openstreetmap-way-1006575775","confidence":0.86,"review_status":"source-aligned","render_in_semantic_layer":false,"source_role":"building-footprint-inventory","building_class":"yes","height":null,"levels":null,"roof_shape":null}},{"type":"Feature","id":"district-osm-building-1006575776","geometry":{"type":"Polygon","coordinates":[[[-78.3243524,44.2994959],[-78.3243636,44.2994954],[-78.3243735,44.2995939],[-78.32426,44.2995997],[-78.3242501,44.2995012],[-78.3242567,44.2995009],[-78.3242548,44.2994818],[-78.3243505,44.2994769],[-78.3243524,44.2994959]]]},"properties":{"id":"district-osm-building-1006575776","semantic_type":"building","source_id":"openstreetmap-way-1006575776","confidence":0.86,"review_status":"source-aligned","render_in_semantic_layer":false,"source_role":"building-footprint-inventory","building_class":"yes","height":null,"levels":null,"roof_shape":null}},{"type":"Feature","id":"district-osm-building-1006575777","geometry":{"type":"Polygon","coordinates":[[[-78.3245015,44.2995737],[-78.3244333,44.2995772],[-78.3244244,44.2994879],[-78.32444,44.2994871],[-78.3244381,44.2994682],[-78.3246006,44.2994598],[-78.3246025,44.2994788],[-78.3246114,44.2994783],[-78.3246203,44.2995676],[-78.3246062,44.2995683],[-78.3246085,44.2995907],[-78.3245037,44.2995961],[-78.3245015,44.2995737]]]},"properties":{"id":"district-osm-building-1006575777","semantic_type":"building","source_id":"openstreetmap-way-1006575777","confidence":0.86,"review_status":"source-aligned","render_in_semantic_layer":false,"source_role":"building-footprint-inventory","building_class":"yes","height":null,"levels":null,"roof_shape":null}},{"type":"Feature","id":"district-osm-building-1006575778","geometry":{"type":"Polygon","coordinates":[[[-78.3247779,44.2994582],[-78.3247881,44.2994577],[-78.3247983,44.2995592],[-78.3246533,44.2995666],[-78.3246431,44.2994651],[-78.324655,44.2994645],[-78.324653,44.2994453],[-78.324776,44.299439],[-78.3247779,44.2994582]]]},"properties":{"id":"district-osm-building-1006575778","semantic_type":"building","source_id":"openstreetmap-way-1006575778","confidence":0.86,"review_status":"source-aligned","render_in_semantic_layer":false,"source_role":"building-footprint-inventory","building_class":"yes","height":null,"levels":null,"roof_shape":null}},{"type":"Feature","id":"district-osm-building-1006575779","geometry":{"type":"Polygon","coordinates":[[[-78.3249148,44.2996045],[-78.3249084,44.2995407],[-78.3249738,44.2995373],[-78.3249802,44.2996012],[-78.3249148,44.2996045]]]},"properties":{"id":"district-osm-building-1006575779","semantic_type":"building","source_id":"openstreetmap-way-1006575779","confidence":0.86,"review_status":"source-aligned","render_in_semantic_layer":false,"source_role":"building-footprint-inventory","building_class":"yes","height":null,"levels":null,"roof_shape":null}},{"type":"Feature","id":"district-osm-building-1006575780","geometry":{"type":"Polygon","coordinates":[[[-78.3257126,44.2993909],[-78.3257719,44.2993878],[-78.3257838,44.2995066],[-78.3257686,44.2995074],[-78.3257731,44.2995522],[-78.325729,44.2995545],[-78.3257309,44.2995729],[-78.325664,44.2995763],[-78.3256576,44.2995131],[-78.3256457,44.2993943],[-78.3257126,44.2993909]]]},"properties":{"id":"district-osm-building-1006575780","semantic_type":"building","source_id":"openstreetmap-way-1006575780","confidence":0.86,"review_status":"source-aligned","render_in_semantic_layer":false,"source_role":"building-footprint-inventory","building_class":"yes","height":null,"levels":null,"roof_shape":null}},{"type":"Feature","id":"district-osm-building-1006575781","geometry":{"type":"Polygon","coordinates":[[[-78.3255639,44.2996549],[-78.3255604,44.2996199],[-78.325645,44.2996156],[-78.3256485,44.2996506],[-78.3255639,44.2996549]]]},"properties":{"id":"district-osm-building-1006575781","semantic_type":"building","source_id":"openstreetmap-way-1006575781","confidence":0.86,"review_status":"source-aligned","render_in_semantic_layer":false,"source_role":"building-footprint-inventory","building_class":"yes","height":null,"levels":null,"roof_shape":null}},{"type":"Feature","id":"district-osm-building-1006575782","geometry":{"type":"Polygon","coordinates":[[[-78.325524,44.2996897],[-78.3255672,44.2996875],[-78.3255719,44.2997351],[-78.3255288,44.2997373],[-78.3255292,44.2997417],[-78.325415,44.2997475],[-78.3254136,44.2997332],[-78.3253949,44.2997341],[-78.3253895,44.29968],[-78.3254081,44.299679],[-78.3255223,44.2996732],[-78.325524,44.2996897]]]},"properties":{"id":"district-osm-building-1006575782","semantic_type":"building","source_id":"openstreetmap-way-1006575782","confidence":0.86,"review_status":"source-aligned","render_in_semantic_layer":false,"source_role":"building-footprint-inventory","building_class":"yes","height":null,"levels":null,"roof_shape":null}},{"type":"Feature","id":"district-osm-building-1006575783","geometry":{"type":"Polygon","coordinates":[[[-78.3254247,44.2999195],[-78.325409,44.2999203],[-78.3254031,44.2998618],[-78.3254188,44.299861],[-78.3255813,44.2998527],[-78.3255832,44.2998712],[-78.3256326,44.2998686],[-78.325637,44.2999122],[-78.3255876,44.2999147],[-78.325589,44.2999287],[-78.3254264,44.2999371],[-78.3254247,44.2999195]]]},"properties":{"id":"district-osm-building-1006575783","semantic_type":"building","source_id":"openstreetmap-way-1006575783","confidence":0.86,"review_status":"source-aligned","render_in_semantic_layer":false,"source_role":"building-footprint-inventory","building_class":"yes","height":null,"levels":null,"roof_shape":null}},{"type":"Feature","id":"district-osm-building-1006575784","geometry":{"type":"Polygon","coordinates":[[[-78.3259461,44.3004213],[-78.3258667,44.3004254],[-78.3258549,44.3003086],[-78.3259344,44.3003045],[-78.3259461,44.3004213]]]},"properties":{"id":"district-osm-building-1006575784","semantic_type":"building","source_id":"openstreetmap-way-1006575784","confidence":0.86,"review_status":"source-aligned","render_in_semantic_layer":false,"source_role":"building-footprint-inventory","building_class":"yes","height":null,"levels":null,"roof_shape":null}},{"type":"Feature","id":"district-osm-building-1006575785","geometry":{"type":"Polygon","coordinates":[[[-78.3260842,44.3004194],[-78.3259944,44.300424],[-78.325981,44.3002908],[-78.3260708,44.3002862],[-78.3260842,44.3004194]]]},"properties":{"id":"district-osm-building-1006575785","semantic_type":"building","source_id":"openstreetmap-way-1006575785","confidence":0.86,"review_status":"source-aligned","render_in_semantic_layer":false,"source_role":"building-footprint-inventory","building_class":"yes","height":null,"levels":null,"roof_shape":null}},{"type":"Feature","id":"district-osm-building-1006575786","geometry":{"type":"Polygon","coordinates":[[[-78.3261586,44.3003695],[-78.3261493,44.30037],[-78.3261387,44.3002644],[-78.3261479,44.3002639],[-78.326284,44.3002569],[-78.3262946,44.3003625],[-78.3263008,44.3004242],[-78.3261648,44.3004312],[-78.3261586,44.3003695]]]},"properties":{"id":"district-osm-building-1006575786","semantic_type":"building","source_id":"openstreetmap-way-1006575786","confidence":0.86,"review_status":"source-aligned","render_in_semantic_layer":false,"source_role":"building-footprint-inventory","building_class":"yes","height":null,"levels":null,"roof_shape":null}},{"type":"Feature","id":"district-osm-building-1006575787","geometry":{"type":"Polygon","coordinates":[[[-78.3260896,44.3001699],[-78.3260826,44.3000999],[-78.326215,44.3000931],[-78.326222,44.3001631],[-78.3260896,44.3001699]]]},"properties":{"id":"district-osm-building-1006575787","semantic_type":"building","source_id":"openstreetmap-way-1006575787","confidence":0.86,"review_status":"source-aligned","render_in_semantic_layer":false,"source_role":"building-footprint-inventory","building_class":"yes","height":null,"levels":null,"roof_shape":null}},{"type":"Feature","id":"district-osm-building-1006575788","geometry":{"type":"Polygon","coordinates":[[[-78.3260417,44.3000453],[-78.32604,44.3000282],[-78.3262244,44.3000187],[-78.3262308,44.3000824],[-78.3260464,44.3000919],[-78.3260459,44.3000872],[-78.3259964,44.3000897],[-78.3259922,44.3000479],[-78.3260417,44.3000453]]]},"properties":{"id":"district-osm-building-1006575788","semantic_type":"building","source_id":"openstreetmap-way-1006575788","confidence":0.86,"review_status":"source-aligned","render_in_semantic_layer":false,"source_role":"building-footprint-inventory","building_class":"yes","height":null,"levels":null,"roof_shape":null}},{"type":"Feature","id":"district-osm-building-1006575789","geometry":{"type":"Polygon","coordinates":[[[-78.3261929,44.2999981],[-78.3261942,44.3000108],[-78.326046,44.3000185],[-78.3260367,44.2999255],[-78.3261848,44.2999179],[-78.326186,44.2999299],[-78.3262098,44.2999287],[-78.3262167,44.2999969],[-78.3261929,44.2999981]]]},"properties":{"id":"district-osm-building-1006575789","semantic_type":"building","source_id":"openstreetmap-way-1006575789","confidence":0.86,"review_status":"source-aligned","render_in_semantic_layer":false,"source_role":"building-footprint-inventory","building_class":"yes","height":null,"levels":null,"roof_shape":null}},{"type":"Feature","id":"district-osm-building-1006575790","geometry":{"type":"Polygon","coordinates":[[[-78.3261617,44.2999031],[-78.326163,44.2999156],[-78.3260065,44.2999237],[-78.3260058,44.299917],[-78.3259699,44.2999189],[-78.3259653,44.299873],[-78.3260012,44.2998712],[-78.3259981,44.2998408],[-78.3261018,44.2998355],[-78.326099,44.299808],[-78.3261804,44.2998038],[-78.3261902,44.2999016],[-78.3261617,44.2999031]]]},"properties":{"id":"district-osm-building-1006575790","semantic_type":"building","source_id":"openstreetmap-way-1006575790","confidence":0.86,"review_status":"source-aligned","render_in_semantic_layer":false,"source_role":"building-footprint-inventory","building_class":"yes","height":null,"levels":null,"roof_shape":null}},{"type":"Feature","id":"district-osm-building-1006575791","geometry":{"type":"Polygon","coordinates":[[[-78.3261547,44.2997411],[-78.3261731,44.2997402],[-78.3261781,44.2997903],[-78.3261597,44.2997912],[-78.3261607,44.2998008],[-78.3260034,44.2998089],[-78.3260024,44.2997993],[-78.3259974,44.2997492],[-78.3261547,44.2997411]]]},"properties":{"id":"district-osm-building-1006575791","semantic_type":"building","source_id":"openstreetmap-way-1006575791","confidence":0.86,"review_status":"source-aligned","render_in_semantic_layer":false,"source_role":"building-footprint-inventory","building_class":"yes","height":null,"levels":null,"roof_shape":null}},{"type":"Feature","id":"district-osm-building-1006575792","geometry":{"type":"Polygon","coordinates":[[[-78.3259964,44.2997292],[-78.3259907,44.2996727],[-78.3261448,44.2996648],[-78.3261701,44.2996634],[-78.3261758,44.29972],[-78.3261504,44.2997213],[-78.3261516,44.2997332],[-78.3259976,44.2997411],[-78.3259964,44.2997292]]]},"properties":{"id":"district-osm-building-1006575792","semantic_type":"building","source_id":"openstreetmap-way-1006575792","confidence":0.86,"review_status":"source-aligned","render_in_semantic_layer":false,"source_role":"building-footprint-inventory","building_class":"yes","height":null,"levels":null,"roof_shape":null}},{"type":"Feature","id":"district-osm-building-1006575793","geometry":{"type":"Polygon","coordinates":[[[-78.3265308,44.2997908],[-78.3265286,44.2997682],[-78.3266271,44.2997631],[-78.3266293,44.2997857],[-78.3266998,44.2997821],[-78.3267062,44.2998454],[-78.3266357,44.299849],[-78.3265372,44.2998541],[-78.3265308,44.2997908]]]},"properties":{"id":"district-osm-building-1006575793","semantic_type":"building","source_id":"openstreetmap-way-1006575793","confidence":0.86,"review_status":"source-aligned","render_in_semantic_layer":false,"source_role":"building-footprint-inventory","building_class":"yes","height":null,"levels":null,"roof_shape":null}},{"type":"Feature","id":"district-osm-building-1006575794","geometry":{"type":"Polygon","coordinates":[[[-78.3265104,44.2997574],[-78.3265047,44.299701],[-78.3266777,44.2996921],[-78.3266833,44.2997485],[-78.3265104,44.2997574]]]},"properties":{"id":"district-osm-building-1006575794","semantic_type":"building","source_id":"openstreetmap-way-1006575794","confidence":0.86,"review_status":"source-aligned","render_in_semantic_layer":false,"source_role":"building-footprint-inventory","building_class":"yes","height":null,"levels":null,"roof_shape":null}},{"type":"Feature","id":"district-osm-building-1006575795","geometry":{"type":"Polygon","coordinates":[[[-78.3264772,44.2996261],[-78.3264709,44.2995636],[-78.326674,44.2995532],[-78.3266803,44.2996157],[-78.3264772,44.2996261]]]},"properties":{"id":"district-osm-building-1006575795","semantic_type":"building","source_id":"openstreetmap-way-1006575795","confidence":0.86,"review_status":"source-aligned","render_in_semantic_layer":false,"source_role":"building-footprint-inventory","building_class":"yes","height":null,"levels":null,"roof_shape":null}},{"type":"Feature","id":"district-osm-building-1006575797","geometry":{"type":"Polygon","coordinates":[[[-78.326955,44.2998634],[-78.3268805,44.2998673],[-78.3268685,44.2997475],[-78.3269429,44.2997437],[-78.326955,44.2998634]]]},"properties":{"id":"district-osm-building-1006575797","semantic_type":"building","source_id":"openstreetmap-way-1006575797","confidence":0.86,"review_status":"source-aligned","render_in_semantic_layer":false,"source_role":"building-footprint-inventory","building_class":"yes","height":null,"levels":null,"roof_shape":null}},{"type":"Feature","id":"district-osm-building-1006575805","geometry":{"type":"Polygon","coordinates":[[[-78.326969,44.2994023],[-78.3269644,44.2993564],[-78.327019,44.2993535],[-78.3270236,44.2993994],[-78.326969,44.2994023]]]},"properties":{"id":"district-osm-building-1006575805","semantic_type":"building","source_id":"openstreetmap-way-1006575805","confidence":0.86,"review_status":"source-aligned","render_in_semantic_layer":false,"source_role":"building-footprint-inventory","building_class":"yes","height":null,"levels":null,"roof_shape":null}},{"type":"Feature","id":"district-osm-building-1006575806","geometry":{"type":"Polygon","coordinates":[[[-78.3268546,44.2994548],[-78.3268309,44.299456],[-78.3268222,44.2993693],[-78.3269144,44.2993646],[-78.3269231,44.2994513],[-78.3269167,44.2994516],[-78.3269201,44.2994857],[-78.3268581,44.2994889],[-78.3268546,44.2994548]]]},"properties":{"id":"district-osm-building-1006575806","semantic_type":"building","source_id":"openstreetmap-way-1006575806","confidence":0.86,"review_status":"source-aligned","render_in_semantic_layer":false,"source_role":"building-footprint-inventory","building_class":"yes","height":null,"levels":null,"roof_shape":null}},{"type":"Feature","id":"district-osm-building-1006575807","geometry":{"type":"Polygon","coordinates":[[[-78.3266221,44.2994548],[-78.3266239,44.2994729],[-78.3265087,44.2994788],[-78.3264964,44.2993568],[-78.3266116,44.2993509],[-78.3266135,44.2993696],[-78.3266735,44.2993665],[-78.326682,44.2994517],[-78.3266221,44.2994548]]]},"properties":{"id":"district-osm-building-1006575807","semantic_type":"building","source_id":"openstreetmap-way-1006575807","confidence":0.86,"review_status":"source-aligned","render_in_semantic_layer":false,"source_role":"building-footprint-inventory","building_class":"yes","height":null,"levels":null,"roof_shape":null}},{"type":"Feature","id":"district-osm-building-1006575812","geometry":{"type":"Polygon","coordinates":[[[-78.3269412,44.2984484],[-78.3269279,44.2983158],[-78.3271866,44.2983025],[-78.3272,44.2984351],[-78.3269412,44.2984484]]]},"properties":{"id":"district-osm-building-1006575812","semantic_type":"building","source_id":"openstreetmap-way-1006575812","confidence":0.86,"review_status":"source-aligned","render_in_semantic_layer":false,"source_role":"building-footprint-inventory","building_class":"yes","height":null,"levels":null,"roof_shape":null}},{"type":"Feature","id":"district-osm-building-1006575813","geometry":{"type":"Polygon","coordinates":[[[-78.3270813,44.2985961],[-78.3270797,44.2985804],[-78.3270435,44.2985823],[-78.3270394,44.2985418],[-78.3270756,44.29854],[-78.3272319,44.2985319],[-78.3272494,44.298531],[-78.327255,44.2985871],[-78.3272375,44.298588],[-78.3272383,44.2985954],[-78.327082,44.2986034],[-78.3270813,44.2985961]]]},"properties":{"id":"district-osm-building-1006575813","semantic_type":"building","source_id":"openstreetmap-way-1006575813","confidence":0.86,"review_status":"source-aligned","render_in_semantic_layer":false,"source_role":"building-footprint-inventory","building_class":"yes","height":null,"levels":null,"roof_shape":null}},{"type":"Feature","id":"district-osm-building-1006575814","geometry":{"type":"Polygon","coordinates":[[[-78.3270862,44.2986714],[-78.3270842,44.2986509],[-78.3270468,44.2986529],[-78.3270434,44.2986184],[-78.3270807,44.2986165],[-78.3272369,44.2986085],[-78.3272636,44.2986071],[-78.3272691,44.298662],[-78.3272424,44.2986634],[-78.3272433,44.2986717],[-78.3270871,44.2986797],[-78.3270862,44.2986714]]]},"properties":{"id":"district-osm-building-1006575814","semantic_type":"building","source_id":"openstreetmap-way-1006575814","confidence":0.86,"review_status":"source-aligned","render_in_semantic_layer":false,"source_role":"building-footprint-inventory","building_class":"yes","height":null,"levels":null,"roof_shape":null}},{"type":"Feature","id":"district-osm-building-1006575820","geometry":{"type":"Polygon","coordinates":[[[-78.3271186,44.2991311],[-78.3271128,44.2991314],[-78.3271035,44.2990387],[-78.3271981,44.2990338],[-78.3272074,44.2991265],[-78.3271961,44.2991271],[-78.3271974,44.2991403],[-78.3271199,44.2991443],[-78.3271186,44.2991311]]]},"properties":{"id":"district-osm-building-1006575820","semantic_type":"building","source_id":"openstreetmap-way-1006575820","confidence":0.86,"review_status":"source-aligned","render_in_semantic_layer":false,"source_role":"building-footprint-inventory","building_class":"yes","height":null,"levels":null,"roof_shape":null}},{"type":"Feature","id":"district-osm-building-1006575821","geometry":{"type":"Polygon","coordinates":[[[-78.3270113,44.2991354],[-78.3270069,44.2991357],[-78.3269979,44.2990454],[-78.3270958,44.2990404],[-78.3271048,44.2991306],[-78.3270947,44.2991311],[-78.3270958,44.2991414],[-78.3270123,44.2991457],[-78.3270113,44.2991354]]]},"properties":{"id":"district-osm-building-1006575821","semantic_type":"building","source_id":"openstreetmap-way-1006575821","confidence":0.86,"review_status":"source-aligned","render_in_semantic_layer":false,"source_role":"building-footprint-inventory","building_class":"yes","height":null,"levels":null,"roof_shape":null}},{"type":"Feature","id":"district-osm-building-1006575822","geometry":{"type":"Polygon","coordinates":[[[-78.3269955,44.2991424],[-78.3269016,44.2991472],[-78.3268919,44.2990505],[-78.3269858,44.2990456],[-78.3269955,44.2991424]]]},"properties":{"id":"district-osm-building-1006575822","semantic_type":"building","source_id":"openstreetmap-way-1006575822","confidence":0.86,"review_status":"source-aligned","render_in_semantic_layer":false,"source_role":"building-footprint-inventory","building_class":"yes","height":null,"levels":null,"roof_shape":null}},{"type":"Feature","id":"district-osm-building-1006575823","geometry":{"type":"Polygon","coordinates":[[[-78.3264944,44.299175],[-78.3264755,44.299176],[-78.3264644,44.2990657],[-78.3264833,44.2990647],[-78.3266009,44.2990586],[-78.326603,44.2990791],[-78.3266984,44.2990742],[-78.3267065,44.2991546],[-78.326611,44.2991595],[-78.326612,44.2991689],[-78.3266132,44.2991814],[-78.3264956,44.2991875],[-78.3264944,44.299175]]]},"properties":{"id":"district-osm-building-1006575823","semantic_type":"building","source_id":"openstreetmap-way-1006575823","confidence":0.86,"review_status":"source-aligned","render_in_semantic_layer":false,"source_role":"building-footprint-inventory","building_class":"yes","height":null,"levels":null,"roof_shape":null}},{"type":"Feature","id":"district-osm-building-1006575824","geometry":{"type":"Polygon","coordinates":[[[-78.3264809,44.2990231],[-78.3264574,44.2990243],[-78.326451,44.2989606],[-78.3264745,44.2989594],[-78.3265566,44.2989552],[-78.3265591,44.2989793],[-78.3266167,44.2989763],[-78.326622,44.2990291],[-78.3265644,44.2990321],[-78.3264822,44.2990363],[-78.3264809,44.2990231]]]},"properties":{"id":"district-osm-building-1006575824","semantic_type":"building","source_id":"openstreetmap-way-1006575824","confidence":0.86,"review_status":"source-aligned","render_in_semantic_layer":false,"source_role":"building-footprint-inventory","building_class":"yes","height":null,"levels":null,"roof_shape":null}},{"type":"Feature","id":"district-osm-building-1006575825","geometry":{"type":"Polygon","coordinates":[[[-78.3266475,44.2989845],[-78.3266417,44.2989269],[-78.3267719,44.2989202],[-78.3267777,44.2989778],[-78.3266475,44.2989845]]]},"properties":{"id":"district-osm-building-1006575825","semantic_type":"building","source_id":"openstreetmap-way-1006575825","confidence":0.86,"review_status":"source-aligned","render_in_semantic_layer":false,"source_role":"building-footprint-inventory","building_class":"yes","height":null,"levels":null,"roof_shape":null}},{"type":"Feature","id":"district-osm-building-1006575826","geometry":{"type":"Polygon","coordinates":[[[-78.3265478,44.2988978],[-78.3265162,44.2988994],[-78.3265127,44.298865],[-78.3266991,44.2988554],[-78.3267007,44.2988709],[-78.3267085,44.2988705],[-78.3267133,44.2989178],[-78.3265506,44.2989262],[-78.3265478,44.2988978]]]},"properties":{"id":"district-osm-building-1006575826","semantic_type":"building","source_id":"openstreetmap-way-1006575826","confidence":0.86,"review_status":"source-aligned","render_in_semantic_layer":false,"source_role":"building-footprint-inventory","building_class":"yes","height":null,"levels":null,"roof_shape":null}},{"type":"Feature","id":"district-osm-building-1006575827","geometry":{"type":"Polygon","coordinates":[[[-78.3267957,44.2988818],[-78.3267915,44.298816],[-78.3268621,44.2988136],[-78.3268663,44.2988795],[-78.3267957,44.2988818]]]},"properties":{"id":"district-osm-building-1006575827","semantic_type":"building","source_id":"openstreetmap-way-1006575827","confidence":0.86,"review_status":"source-aligned","render_in_semantic_layer":false,"source_role":"building-footprint-inventory","building_class":"yes","height":null,"levels":null,"roof_shape":null}},{"type":"Feature","id":"district-osm-building-1006575828","geometry":{"type":"Polygon","coordinates":[[[-78.3266495,44.2988201],[-78.3266502,44.2988314],[-78.3265112,44.298836],[-78.3265067,44.2987661],[-78.3266457,44.2987615],[-78.3266466,44.2987763],[-78.3266983,44.2987746],[-78.3267012,44.2988184],[-78.3266495,44.2988201]]]},"properties":{"id":"district-osm-building-1006575828","semantic_type":"building","source_id":"openstreetmap-way-1006575828","confidence":0.86,"review_status":"source-aligned","render_in_semantic_layer":false,"source_role":"building-footprint-inventory","building_class":"yes","height":null,"levels":null,"roof_shape":null}},{"type":"Feature","id":"district-osm-building-1006575829","geometry":{"type":"Polygon","coordinates":[[[-78.3264613,44.2984428],[-78.3264363,44.2984436],[-78.3264323,44.2983817],[-78.3264573,44.2983808],[-78.3266207,44.2983755],[-78.3266247,44.2984374],[-78.3266252,44.298445],[-78.3264618,44.2984503],[-78.3264613,44.2984428]]]},"properties":{"id":"district-osm-building-1006575829","semantic_type":"building","source_id":"openstreetmap-way-1006575829","confidence":0.86,"review_status":"source-aligned","render_in_semantic_layer":false,"source_role":"building-footprint-inventory","building_class":"yes","height":null,"levels":null,"roof_shape":null}},{"type":"Feature","id":"district-osm-building-1006575832","geometry":{"type":"Polygon","coordinates":[[[-78.3255528,44.298291],[-78.3255454,44.2981752],[-78.3256655,44.2981713],[-78.3256729,44.298287],[-78.3255528,44.298291]]]},"properties":{"id":"district-osm-building-1006575832","semantic_type":"building","source_id":"openstreetmap-way-1006575832","confidence":0.86,"review_status":"source-aligned","render_in_semantic_layer":false,"source_role":"building-footprint-inventory","building_class":"yes","height":null,"levels":null,"roof_shape":null}},{"type":"Feature","id":"district-osm-building-1006575833","geometry":{"type":"Polygon","coordinates":[[[-78.3257732,44.2981674],[-78.3257889,44.2981668],[-78.3257956,44.2982704],[-78.325705,44.2982733],[-78.3256983,44.2981698],[-78.3257084,44.2981695],[-78.3257074,44.2981542],[-78.3257722,44.2981521],[-78.3257732,44.2981674]]]},"properties":{"id":"district-osm-building-1006575833","semantic_type":"building","source_id":"openstreetmap-way-1006575833","confidence":0.86,"review_status":"source-aligned","render_in_semantic_layer":false,"source_role":"building-footprint-inventory","building_class":"yes","height":null,"levels":null,"roof_shape":null}},{"type":"Feature","id":"district-osm-building-1006575834","geometry":{"type":"Polygon","coordinates":[[[-78.3258884,44.2981618],[-78.3258955,44.2981616],[-78.3259022,44.2982648],[-78.3258126,44.2982678],[-78.325806,44.2981645],[-78.3258108,44.2981644],[-78.3258097,44.298147],[-78.3258873,44.2981445],[-78.3258884,44.2981618]]]},"properties":{"id":"district-osm-building-1006575834","semantic_type":"building","source_id":"openstreetmap-way-1006575834","confidence":0.86,"review_status":"source-aligned","render_in_semantic_layer":false,"source_role":"building-footprint-inventory","building_class":"yes","height":null,"levels":null,"roof_shape":null}},{"type":"Feature","id":"district-osm-building-1006575835","geometry":{"type":"Polygon","coordinates":[[[-78.3259596,44.2981582],[-78.3260021,44.2981568],[-78.3260088,44.2982612],[-78.325921,44.2982641],[-78.3259143,44.2981597],[-78.3259178,44.2981596],[-78.3259166,44.2981405],[-78.3259584,44.2981392],[-78.3259596,44.2981582]]]},"properties":{"id":"district-osm-building-1006575835","semantic_type":"building","source_id":"openstreetmap-way-1006575835","confidence":0.86,"review_status":"source-aligned","render_in_semantic_layer":false,"source_role":"building-footprint-inventory","building_class":"yes","height":null,"levels":null,"roof_shape":null}},{"type":"Feature","id":"district-osm-building-1006575836","geometry":{"type":"Polygon","coordinates":[[[-78.3261188,44.2981652],[-78.3261248,44.2982586],[-78.3260297,44.2982617],[-78.3260229,44.2981561],[-78.3260266,44.298156],[-78.3260252,44.2981345],[-78.3261213,44.2981314],[-78.3261235,44.298165],[-78.3261188,44.2981652]]]},"properties":{"id":"district-osm-building-1006575836","semantic_type":"building","source_id":"openstreetmap-way-1006575836","confidence":0.86,"review_status":"source-aligned","render_in_semantic_layer":false,"source_role":"building-footprint-inventory","building_class":"yes","height":null,"levels":null,"roof_shape":null}},{"type":"Feature","id":"district-osm-building-1006575837","geometry":{"type":"Polygon","coordinates":[[[-78.3258521,44.2983721],[-78.3258086,44.2983735],[-78.3258056,44.298326],[-78.3258491,44.2983245],[-78.3260078,44.2983193],[-78.3260109,44.2983669],[-78.3260116,44.2983789],[-78.3258529,44.2983841],[-78.3258521,44.2983721]]]},"properties":{"id":"district-osm-building-1006575837","semantic_type":"building","source_id":"openstreetmap-way-1006575837","confidence":0.86,"review_status":"source-aligned","render_in_semantic_layer":false,"source_role":"building-footprint-inventory","building_class":"yes","height":null,"levels":null,"roof_shape":null}},{"type":"Feature","id":"district-osm-building-1006575838","geometry":{"type":"Polygon","coordinates":[[[-78.3256176,44.2984914],[-78.3255974,44.2984921],[-78.3255949,44.2984524],[-78.3256151,44.2984517],[-78.3256859,44.2984494],[-78.3256885,44.2984891],[-78.3256918,44.2985401],[-78.3256209,44.2985425],[-78.3256176,44.2984914]]]},"properties":{"id":"district-osm-building-1006575838","semantic_type":"building","source_id":"openstreetmap-way-1006575838","confidence":0.86,"review_status":"source-aligned","render_in_semantic_layer":false,"source_role":"building-footprint-inventory","building_class":"yes","height":null,"levels":null,"roof_shape":null}},{"type":"Feature","id":"district-osm-building-1006575839","geometry":{"type":"Polygon","coordinates":[[[-78.3260928,44.2985258],[-78.3261212,44.2985249],[-78.3261238,44.2985655],[-78.3260954,44.2985665],[-78.3260963,44.2985804],[-78.3259101,44.2985865],[-78.3259099,44.2985838],[-78.3258757,44.298585],[-78.3258729,44.2985418],[-78.3259071,44.2985407],[-78.3259065,44.2985319],[-78.3260928,44.2985258]]]},"properties":{"id":"district-osm-building-1006575839","semantic_type":"building","source_id":"openstreetmap-way-1006575839","confidence":0.86,"review_status":"source-aligned","render_in_semantic_layer":false,"source_role":"building-footprint-inventory","building_class":"yes","height":null,"levels":null,"roof_shape":null}},{"type":"Feature","id":"district-osm-building-1006575840","geometry":{"type":"Polygon","coordinates":[[[-78.3260066,44.2986387],[-78.3258837,44.2986428],[-78.3258805,44.2985929],[-78.3261285,44.2985847],[-78.3261317,44.2986346],[-78.3261048,44.2986355],[-78.3261053,44.2986434],[-78.3260071,44.2986466],[-78.3260066,44.2986387]]]},"properties":{"id":"district-osm-building-1006575840","semantic_type":"building","source_id":"openstreetmap-way-1006575840","confidence":0.86,"review_status":"source-aligned","render_in_semantic_layer":false,"source_role":"building-footprint-inventory","building_class":"yes","height":null,"levels":null,"roof_shape":null}},{"type":"Feature","id":"district-osm-building-1006575841","geometry":{"type":"Polygon","coordinates":[[[-78.3260044,44.2986926],[-78.3260031,44.298673],[-78.3261318,44.2986688],[-78.3261553,44.298668],[-78.3261701,44.2988976],[-78.3261465,44.2988984],[-78.3261473,44.2989101],[-78.3260186,44.2989143],[-78.3259634,44.2989162],[-78.3259609,44.298876],[-78.326016,44.2988742],[-78.3260148,44.298855],[-78.3259588,44.2988568],[-78.3259541,44.2987837],[-78.3260101,44.2987819],[-78.326009,44.2987652],[-78.3259515,44.2987671],[-78.3259468,44.2986945],[-78.3260044,44.2986926]]]},"properties":{"id":"district-osm-building-1006575841","semantic_type":"building","source_id":"openstreetmap-way-1006575841","confidence":0.86,"review_status":"source-aligned","render_in_semantic_layer":false,"source_role":"building-footprint-inventory","building_class":"yes","height":null,"levels":null,"roof_shape":null}},{"type":"Feature","id":"district-osm-building-1006575842","geometry":{"type":"Polygon","coordinates":[[[-78.3261627,44.2990419],[-78.3261639,44.2990605],[-78.3259951,44.2990661],[-78.3259871,44.2989425],[-78.326156,44.298937],[-78.326157,44.2989525],[-78.3261797,44.2989517],[-78.3261855,44.2990411],[-78.3261627,44.2990419]]]},"properties":{"id":"district-osm-building-1006575842","semantic_type":"building","source_id":"openstreetmap-way-1006575842","confidence":0.86,"review_status":"source-aligned","render_in_semantic_layer":false,"source_role":"building-footprint-inventory","building_class":"yes","height":null,"levels":null,"roof_shape":null}},{"type":"Feature","id":"district-osm-building-1006575843","geometry":{"type":"Polygon","coordinates":[[[-78.326017,44.2991173],[-78.326014,44.299071],[-78.3260379,44.2990702],[-78.3261808,44.2990655],[-78.3261886,44.2991876],[-78.3260219,44.2991931],[-78.3260201,44.2991656],[-78.3260017,44.2991663],[-78.3259986,44.2991179],[-78.326017,44.2991173]]]},"properties":{"id":"district-osm-building-1006575843","semantic_type":"building","source_id":"openstreetmap-way-1006575843","confidence":0.86,"review_status":"source-aligned","render_in_semantic_layer":false,"source_role":"building-footprint-inventory","building_class":"yes","height":null,"levels":null,"roof_shape":null}},{"type":"Feature","id":"district-osm-building-1006575844","geometry":{"type":"Polygon","coordinates":[[[-78.3254308,44.2991873],[-78.3253305,44.2991906],[-78.3253222,44.2990601],[-78.3254224,44.2990568],[-78.3254308,44.2991873]]]},"properties":{"id":"district-osm-building-1006575844","semantic_type":"building","source_id":"openstreetmap-way-1006575844","confidence":0.86,"review_status":"source-aligned","render_in_semantic_layer":false,"source_role":"building-footprint-inventory","building_class":"yes","height":null,"levels":null,"roof_shape":null}},{"type":"Feature","id":"district-osm-building-1006575845","geometry":{"type":"Polygon","coordinates":[[[-78.3255448,44.29896],[-78.3255418,44.2989134],[-78.3256289,44.2989106],[-78.3256319,44.2989571],[-78.3255448,44.29896]]]},"properties":{"id":"district-osm-building-1006575845","semantic_type":"building","source_id":"openstreetmap-way-1006575845","confidence":0.86,"review_status":"source-aligned","render_in_semantic_layer":false,"source_role":"building-footprint-inventory","building_class":"yes","height":null,"levels":null,"roof_shape":null}},{"type":"Feature","id":"district-osm-building-1006575846","geometry":{"type":"Polygon","coordinates":[[[-78.3254241,44.2989478],[-78.3254256,44.2989709],[-78.3253275,44.2989742],[-78.3253213,44.2988778],[-78.3254194,44.2988746],[-78.3254204,44.2988909],[-78.3254727,44.2988892],[-78.3254764,44.2989461],[-78.3254241,44.2989478]]]},"properties":{"id":"district-osm-building-1006575846","semantic_type":"building","source_id":"openstreetmap-way-1006575846","confidence":0.86,"review_status":"source-aligned","render_in_semantic_layer":false,"source_role":"building-footprint-inventory","building_class":"yes","height":null,"levels":null,"roof_shape":null}},{"type":"Feature","id":"district-osm-building-1006575847","geometry":{"type":"Polygon","coordinates":[[[-78.3254696,44.2986959],[-78.3255281,44.2986939],[-78.3255317,44.2987496],[-78.3254731,44.2987515],[-78.325474,44.2987656],[-78.3253444,44.2987699],[-78.3253435,44.2987558],[-78.3253399,44.2987001],[-78.3254696,44.2986959]]]},"properties":{"id":"district-osm-building-1006575847","semantic_type":"building","source_id":"openstreetmap-way-1006575847","confidence":0.86,"review_status":"source-aligned","render_in_semantic_layer":false,"source_role":"building-footprint-inventory","building_class":"yes","height":null,"levels":null,"roof_shape":null}},{"type":"Feature","id":"district-osm-building-1006575848","geometry":{"type":"Polygon","coordinates":[[[-78.3253211,44.298461],[-78.3252953,44.2984619],[-78.3252914,44.2984003],[-78.3253171,44.2983995],[-78.3254798,44.2983941],[-78.3254837,44.2984556],[-78.3254841,44.2984614],[-78.3253215,44.2984667],[-78.3253211,44.298461]]]},"properties":{"id":"district-osm-building-1006575848","semantic_type":"building","source_id":"openstreetmap-way-1006575848","confidence":0.86,"review_status":"source-aligned","render_in_semantic_layer":false,"source_role":"building-footprint-inventory","building_class":"yes","height":null,"levels":null,"roof_shape":null}},{"type":"Feature","id":"district-osm-building-1006575849","geometry":{"type":"Polygon","coordinates":[[[-78.3254931,44.2983877],[-78.3254911,44.2983551],[-78.3255562,44.2983529],[-78.3255583,44.2983856],[-78.3254931,44.2983877]]]},"properties":{"id":"district-osm-building-1006575849","semantic_type":"building","source_id":"openstreetmap-way-1006575849","confidence":0.86,"review_status":"source-aligned","render_in_semantic_layer":false,"source_role":"building-footprint-inventory","building_class":"yes","height":null,"levels":null,"roof_shape":null}},{"type":"Feature","id":"district-osm-building-1006575850","geometry":{"type":"Polygon","coordinates":[[[-78.3255045,44.2983517],[-78.325501,44.2982965],[-78.3255508,44.2982948],[-78.3255544,44.2983501],[-78.3255045,44.2983517]]]},"properties":{"id":"district-osm-building-1006575850","semantic_type":"building","source_id":"openstreetmap-way-1006575850","confidence":0.86,"review_status":"source-aligned","render_in_semantic_layer":false,"source_role":"building-footprint-inventory","building_class":"yes","height":null,"levels":null,"roof_shape":null}},{"type":"Feature","id":"district-osm-building-1006575851","geometry":{"type":"Polygon","coordinates":[[[-78.3254098,44.2983307],[-78.3254102,44.2983364],[-78.3252863,44.2983404],[-78.3252843,44.2983091],[-78.3252581,44.29831],[-78.3252562,44.2982802],[-78.3252824,44.2982794],[-78.3252801,44.2982437],[-78.325404,44.2982396],[-78.325405,44.2982558],[-78.32543,44.298255],[-78.3254538,44.2982542],[-78.3254569,44.2983028],[-78.3254331,44.2983035],[-78.3254348,44.2983299],[-78.3254098,44.2983307]]]},"properties":{"id":"district-osm-building-1006575851","semantic_type":"building","source_id":"openstreetmap-way-1006575851","confidence":0.86,"review_status":"source-aligned","render_in_semantic_layer":false,"source_role":"building-footprint-inventory","building_class":"yes","height":null,"levels":null,"roof_shape":null}},{"type":"Feature","id":"district-osm-building-1006575852","geometry":{"type":"Polygon","coordinates":[[[-78.3252633,44.2981654],[-78.3252629,44.2981595],[-78.3254291,44.298154],[-78.3254341,44.2982308],[-78.3252678,44.2982363],[-78.3252657,44.2982034],[-78.3252373,44.2982044],[-78.3252349,44.2981663],[-78.3252633,44.2981654]]]},"properties":{"id":"district-osm-building-1006575852","semantic_type":"building","source_id":"openstreetmap-way-1006575852","confidence":0.86,"review_status":"source-aligned","render_in_semantic_layer":false,"source_role":"building-footprint-inventory","building_class":"yes","height":null,"levels":null,"roof_shape":null}},{"type":"Feature","id":"district-osm-building-1006575853","geometry":{"type":"Polygon","coordinates":[[[-78.3245997,44.2991144],[-78.3246092,44.299114],[-78.3246164,44.2992259],[-78.3245525,44.299228],[-78.3245537,44.299246],[-78.3245077,44.2992476],[-78.3245066,44.2992295],[-78.3244994,44.2991177],[-78.324524,44.2991169],[-78.324522,44.2990849],[-78.3245976,44.2990824],[-78.3245997,44.2991144]]]},"properties":{"id":"district-osm-building-1006575853","semantic_type":"building","source_id":"openstreetmap-way-1006575853","confidence":0.86,"review_status":"source-aligned","render_in_semantic_layer":false,"source_role":"building-footprint-inventory","building_class":"yes","height":null,"levels":null,"roof_shape":null}},{"type":"Feature","id":"district-osm-building-1006575854","geometry":{"type":"Polygon","coordinates":[[[-78.3246971,44.2992269],[-78.3246905,44.2992271],[-78.324683,44.2991104],[-78.3246856,44.2991104],[-78.3246841,44.2990874],[-78.3247591,44.299085],[-78.3247606,44.2991079],[-78.324777,44.2991073],[-78.3247845,44.299224],[-78.3247763,44.2992243],[-78.324777,44.2992358],[-78.3246979,44.2992384],[-78.3246971,44.2992269]]]},"properties":{"id":"district-osm-building-1006575854","semantic_type":"building","source_id":"openstreetmap-way-1006575854","confidence":0.86,"review_status":"source-aligned","render_in_semantic_layer":false,"source_role":"building-footprint-inventory","building_class":"yes","height":null,"levels":null,"roof_shape":null}},{"type":"Feature","id":"district-osm-building-1006575855","geometry":{"type":"Polygon","coordinates":[[[-78.324888,44.2991594],[-78.3248837,44.2990934],[-78.3250147,44.2990891],[-78.325019,44.2991551],[-78.324888,44.2991594]]]},"properties":{"id":"district-osm-building-1006575855","semantic_type":"building","source_id":"openstreetmap-way-1006575855","confidence":0.86,"review_status":"source-aligned","render_in_semantic_layer":false,"source_role":"building-footprint-inventory","building_class":"yes","height":null,"levels":null,"roof_shape":null}},{"type":"Feature","id":"district-osm-building-1006575856","geometry":{"type":"Polygon","coordinates":[[[-78.3248826,44.2990807],[-78.3248784,44.2990152],[-78.3250097,44.2990109],[-78.3250139,44.2990764],[-78.3248826,44.2990807]]]},"properties":{"id":"district-osm-building-1006575856","semantic_type":"building","source_id":"openstreetmap-way-1006575856","confidence":0.86,"review_status":"source-aligned","render_in_semantic_layer":false,"source_role":"building-footprint-inventory","building_class":"yes","height":null,"levels":null,"roof_shape":null}},{"type":"Feature","id":"district-osm-building-1006575857","geometry":{"type":"Polygon","coordinates":[[[-78.3248803,44.2990013],[-78.3248762,44.298938],[-78.3250016,44.2989339],[-78.3250057,44.2989972],[-78.3248803,44.2990013]]]},"properties":{"id":"district-osm-building-1006575857","semantic_type":"building","source_id":"openstreetmap-way-1006575857","confidence":0.86,"review_status":"source-aligned","render_in_semantic_layer":false,"source_role":"building-footprint-inventory","building_class":"yes","height":null,"levels":null,"roof_shape":null}},{"type":"Feature","id":"district-osm-building-1006575858","geometry":{"type":"Polygon","coordinates":[[[-78.3249975,44.2989224],[-78.3249981,44.2989315],[-78.3248384,44.2989367],[-78.3248338,44.2988664],[-78.3249936,44.2988611],[-78.3249939,44.2988657],[-78.3250094,44.2988651],[-78.325013,44.2989219],[-78.3249975,44.2989224]]]},"properties":{"id":"district-osm-building-1006575858","semantic_type":"building","source_id":"openstreetmap-way-1006575858","confidence":0.86,"review_status":"source-aligned","render_in_semantic_layer":false,"source_role":"building-footprint-inventory","building_class":"yes","height":null,"levels":null,"roof_shape":null}},{"type":"Feature","id":"district-osm-building-1006575859","geometry":{"type":"Polygon","coordinates":[[[-78.325005,44.2988165],[-78.3248317,44.2988222],[-78.3248276,44.2987592],[-78.3250009,44.2987535],[-78.325005,44.2988165]]]},"properties":{"id":"district-osm-building-1006575859","semantic_type":"building","source_id":"openstreetmap-way-1006575859","confidence":0.86,"review_status":"source-aligned","render_in_semantic_layer":false,"source_role":"building-footprint-inventory","building_class":"yes","height":null,"levels":null,"roof_shape":null}},{"type":"Feature","id":"district-osm-building-1006575860","geometry":{"type":"Polygon","coordinates":[[[-78.3247636,44.2985502],[-78.32476,44.2984936],[-78.3248846,44.2984894],[-78.3248883,44.2985461],[-78.3247636,44.2985502]]]},"properties":{"id":"district-osm-building-1006575860","semantic_type":"building","source_id":"openstreetmap-way-1006575860","confidence":0.86,"review_status":"source-aligned","render_in_semantic_layer":false,"source_role":"building-footprint-inventory","building_class":"yes","height":null,"levels":null,"roof_shape":null}},{"type":"Feature","id":"district-osm-building-1006575861","geometry":{"type":"Polygon","coordinates":[[[-78.324945,44.2982882],[-78.3249453,44.2982926],[-78.3248129,44.298297],[-78.3248085,44.2982291],[-78.324845,44.2982279],[-78.3248444,44.298219],[-78.3249037,44.2982171],[-78.3249043,44.298226],[-78.324941,44.2982248],[-78.3249415,44.2982339],[-78.3249579,44.2982334],[-78.3249614,44.2982876],[-78.324945,44.2982882]]]},"properties":{"id":"district-osm-building-1006575861","semantic_type":"building","source_id":"openstreetmap-way-1006575861","confidence":0.86,"review_status":"source-aligned","render_in_semantic_layer":false,"source_role":"building-footprint-inventory","building_class":"yes","height":null,"levels":null,"roof_shape":null}},{"type":"Feature","id":"district-osm-building-1006575862","geometry":{"type":"Polygon","coordinates":[[[-78.3247586,44.2983767],[-78.3247541,44.298308],[-78.3249487,44.2983016],[-78.3249531,44.2983703],[-78.3247586,44.2983767]]]},"properties":{"id":"district-osm-building-1006575862","semantic_type":"building","source_id":"openstreetmap-way-1006575862","confidence":0.86,"review_status":"source-aligned","render_in_semantic_layer":false,"source_role":"building-footprint-inventory","building_class":"yes","height":null,"levels":null,"roof_shape":null}},{"type":"Feature","id":"district-osm-building-1006575863","geometry":{"type":"Polygon","coordinates":[[[-78.3246842,44.2982825],[-78.3246097,44.298285],[-78.3246049,44.2982104],[-78.3246868,44.2982077],[-78.3246878,44.2982231],[-78.3247622,44.2982207],[-78.3247677,44.2983049],[-78.3246858,44.2983076],[-78.3246842,44.2982825]]]},"properties":{"id":"district-osm-building-1006575863","semantic_type":"building","source_id":"openstreetmap-way-1006575863","confidence":0.86,"review_status":"source-aligned","render_in_semantic_layer":false,"source_role":"building-footprint-inventory","building_class":"yes","height":null,"levels":null,"roof_shape":null}},{"type":"Feature","id":"district-osm-building-1006575864","geometry":{"type":"Polygon","coordinates":[[[-78.3243886,44.2982222],[-78.3243997,44.2982218],[-78.3244052,44.2983073],[-78.3243168,44.2983102],[-78.3243113,44.2982247],[-78.3243155,44.2982246],[-78.3243143,44.2982063],[-78.3243874,44.2982039],[-78.3243886,44.2982222]]]},"properties":{"id":"district-osm-building-1006575864","semantic_type":"building","source_id":"openstreetmap-way-1006575864","confidence":0.86,"review_status":"source-aligned","render_in_semantic_layer":false,"source_role":"building-footprint-inventory","building_class":"yes","height":null,"levels":null,"roof_shape":null}},{"type":"Feature","id":"district-osm-building-1006575865","geometry":{"type":"Polygon","coordinates":[[[-78.32423,44.2983118],[-78.3242275,44.2983119],[-78.324222,44.2982266],[-78.3242258,44.2982265],[-78.3242248,44.2982108],[-78.3242949,44.2982085],[-78.3242959,44.2982242],[-78.3243076,44.2982238],[-78.3243131,44.2983091],[-78.3243019,44.2983094],[-78.3243034,44.2983333],[-78.3242315,44.2983356],[-78.32423,44.2983118]]]},"properties":{"id":"district-osm-building-1006575865","semantic_type":"building","source_id":"openstreetmap-way-1006575865","confidence":0.86,"review_status":"source-aligned","render_in_semantic_layer":false,"source_role":"building-footprint-inventory","building_class":"yes","height":null,"levels":null,"roof_shape":null}},{"type":"Feature","id":"district-osm-building-1006575866","geometry":{"type":"Polygon","coordinates":[[[-78.3242252,44.2983138],[-78.3241328,44.2983168],[-78.3241273,44.2982307],[-78.3242196,44.2982277],[-78.3242252,44.2983138]]]},"properties":{"id":"district-osm-building-1006575866","semantic_type":"building","source_id":"openstreetmap-way-1006575866","confidence":0.86,"review_status":"source-aligned","render_in_semantic_layer":false,"source_role":"building-footprint-inventory","building_class":"yes","height":null,"levels":null,"roof_shape":null}},{"type":"Feature","id":"district-osm-building-1006575867","geometry":{"type":"Polygon","coordinates":[[[-78.3243239,44.2985372],[-78.324324,44.2985401],[-78.3241723,44.2985451],[-78.3241678,44.2984758],[-78.3243196,44.2984708],[-78.3243209,44.298492],[-78.3244365,44.2984881],[-78.3244394,44.2985334],[-78.3243239,44.2985372]]]},"properties":{"id":"district-osm-building-1006575867","semantic_type":"building","source_id":"openstreetmap-way-1006575867","confidence":0.86,"review_status":"source-aligned","render_in_semantic_layer":false,"source_role":"building-footprint-inventory","building_class":"yes","height":null,"levels":null,"roof_shape":null}},{"type":"Feature","id":"district-osm-building-1006575868","geometry":{"type":"Polygon","coordinates":[[[-78.3242687,44.298619],[-78.3242691,44.2986241],[-78.3241577,44.2986277],[-78.3241551,44.2985866],[-78.3242065,44.2985849],[-78.3242054,44.298567],[-78.3243165,44.2985633],[-78.32432,44.2986173],[-78.3242687,44.298619]]]},"properties":{"id":"district-osm-building-1006575868","semantic_type":"building","source_id":"openstreetmap-way-1006575868","confidence":0.86,"review_status":"source-aligned","render_in_semantic_layer":false,"source_role":"building-footprint-inventory","building_class":"yes","height":null,"levels":null,"roof_shape":null}},{"type":"Feature","id":"district-osm-building-1006575869","geometry":{"type":"Polygon","coordinates":[[[-78.3243245,44.2986729],[-78.3243267,44.2987081],[-78.3241688,44.2987133],[-78.3241651,44.2986553],[-78.3242489,44.2986525],[-78.3242483,44.2986423],[-78.3243628,44.2986385],[-78.3243649,44.2986716],[-78.3243245,44.2986729]]]},"properties":{"id":"district-osm-building-1006575869","semantic_type":"building","source_id":"openstreetmap-way-1006575869","confidence":0.86,"review_status":"source-aligned","render_in_semantic_layer":false,"source_role":"building-footprint-inventory","building_class":"yes","height":null,"levels":null,"roof_shape":null}},{"type":"Feature","id":"district-osm-building-1006575870","geometry":{"type":"Polygon","coordinates":[[[-78.3243102,44.2989942],[-78.3243126,44.2990315],[-78.3242232,44.2990345],[-78.3242134,44.2988818],[-78.3243028,44.2988788],[-78.3243051,44.2989143],[-78.3243511,44.2989128],[-78.3243562,44.2989926],[-78.3243102,44.2989942]]]},"properties":{"id":"district-osm-building-1006575870","semantic_type":"building","source_id":"openstreetmap-way-1006575870","confidence":0.86,"review_status":"source-aligned","render_in_semantic_layer":false,"source_role":"building-footprint-inventory","building_class":"yes","height":null,"levels":null,"roof_shape":null}},{"type":"Feature","id":"district-osm-building-1006575871","geometry":{"type":"Polygon","coordinates":[[[-78.3242442,44.2992172],[-78.3242361,44.2990898],[-78.3244313,44.2990833],[-78.3244395,44.2992108],[-78.3242442,44.2992172]]]},"properties":{"id":"district-osm-building-1006575871","semantic_type":"building","source_id":"openstreetmap-way-1006575871","confidence":0.86,"review_status":"source-aligned","render_in_semantic_layer":false,"source_role":"building-footprint-inventory","building_class":"yes","height":null,"levels":null,"roof_shape":null}},{"type":"Feature","id":"district-osm-building-1006575872","geometry":{"type":"Polygon","coordinates":[[[-78.3238438,44.2991059],[-78.3238394,44.2990384],[-78.323917,44.2990358],[-78.3239214,44.2991033],[-78.3239311,44.299103],[-78.3239386,44.2992203],[-78.3238412,44.2992235],[-78.3238337,44.2991062],[-78.3238438,44.2991059]]]},"properties":{"id":"district-osm-building-1006575872","semantic_type":"building","source_id":"openstreetmap-way-1006575872","confidence":0.86,"review_status":"source-aligned","render_in_semantic_layer":false,"source_role":"building-footprint-inventory","building_class":"yes","height":null,"levels":null,"roof_shape":null}},{"type":"Feature","id":"district-osm-building-1006575873","geometry":{"type":"Polygon","coordinates":[[[-78.3235201,44.2992201],[-78.3235121,44.2990971],[-78.3236086,44.2990939],[-78.3236165,44.2992169],[-78.3235201,44.2992201]]]},"properties":{"id":"district-osm-building-1006575873","semantic_type":"building","source_id":"openstreetmap-way-1006575873","confidence":0.86,"review_status":"source-aligned","render_in_semantic_layer":false,"source_role":"building-footprint-inventory","building_class":"yes","height":null,"levels":null,"roof_shape":null}},{"type":"Feature","id":"district-osm-building-1006575874","geometry":{"type":"Polygon","coordinates":[[[-78.3231603,44.2990787],[-78.3231583,44.2990479],[-78.3234353,44.2990388],[-78.3234449,44.2991894],[-78.3232025,44.2991974],[-78.323203,44.2992051],[-78.3231398,44.2992072],[-78.3231317,44.2990797],[-78.3231603,44.2990787]]]},"properties":{"id":"district-osm-building-1006575874","semantic_type":"building","source_id":"openstreetmap-way-1006575874","confidence":0.86,"review_status":"source-aligned","render_in_semantic_layer":false,"source_role":"building-footprint-inventory","building_class":"yes","height":null,"levels":null,"roof_shape":null}},{"type":"Feature","id":"district-osm-building-1006575875","geometry":{"type":"Polygon","coordinates":[[[-78.3232564,44.2990115],[-78.3232573,44.2990211],[-78.3231352,44.299027],[-78.3231247,44.2989152],[-78.3232468,44.2989094],[-78.3232478,44.2989195],[-78.3233062,44.2989167],[-78.3233149,44.2990087],[-78.3232564,44.2990115]]]},"properties":{"id":"district-osm-building-1006575875","semantic_type":"building","source_id":"openstreetmap-way-1006575875","confidence":0.86,"review_status":"source-aligned","render_in_semantic_layer":false,"source_role":"building-footprint-inventory","building_class":"yes","height":null,"levels":null,"roof_shape":null}},{"type":"Feature","id":"district-osm-building-1006575876","geometry":{"type":"Polygon","coordinates":[[[-78.3231605,44.2988865],[-78.323103,44.2988892],[-78.323096,44.2988147],[-78.3231501,44.2988121],[-78.3231493,44.2988037],[-78.3232029,44.2988012],[-78.3232037,44.2988096],[-78.3232686,44.2988064],[-78.3232756,44.2988809],[-78.3232429,44.2988825],[-78.3232437,44.2988908],[-78.3231613,44.2988947],[-78.3231605,44.2988865]]]},"properties":{"id":"district-osm-building-1006575876","semantic_type":"building","source_id":"openstreetmap-way-1006575876","confidence":0.86,"review_status":"source-aligned","render_in_semantic_layer":false,"source_role":"building-footprint-inventory","building_class":"yes","height":null,"levels":null,"roof_shape":null}},{"type":"Feature","id":"district-osm-building-1006575877","geometry":{"type":"Polygon","coordinates":[[[-78.3236039,44.2983251],[-78.3235951,44.2982315],[-78.3238345,44.29822],[-78.3238433,44.2983136],[-78.3236039,44.2983251]]]},"properties":{"id":"district-osm-building-1006575877","semantic_type":"building","source_id":"openstreetmap-way-1006575877","confidence":0.86,"review_status":"source-aligned","render_in_semantic_layer":false,"source_role":"building-footprint-inventory","building_class":"yes","height":null,"levels":null,"roof_shape":null}},{"type":"Feature","id":"district-osm-building-1006575878","geometry":{"type":"Polygon","coordinates":[[[-78.3233028,44.2983361],[-78.323294,44.2982425],[-78.3233839,44.2982382],[-78.3233927,44.2983318],[-78.3233028,44.2983361]]]},"properties":{"id":"district-osm-building-1006575878","semantic_type":"building","source_id":"openstreetmap-way-1006575878","confidence":0.86,"review_status":"source-aligned","render_in_semantic_layer":false,"source_role":"building-footprint-inventory","building_class":"yes","height":null,"levels":null,"roof_shape":null}},{"type":"Feature","id":"district-osm-building-1006575879","geometry":{"type":"Polygon","coordinates":[[[-78.3231208,44.2983476],[-78.3230594,44.2983505],[-78.3230528,44.2982801],[-78.3231097,44.2982773],[-78.3231089,44.2982687],[-78.3231734,44.2982656],[-78.3231742,44.2982742],[-78.3232149,44.2982723],[-78.3232216,44.2983427],[-78.3231725,44.2983451],[-78.323174,44.2983615],[-78.3231223,44.298364],[-78.3231208,44.2983476]]]},"properties":{"id":"district-osm-building-1006575879","semantic_type":"building","source_id":"openstreetmap-way-1006575879","confidence":0.86,"review_status":"source-aligned","render_in_semantic_layer":false,"source_role":"building-footprint-inventory","building_class":"yes","height":null,"levels":null,"roof_shape":null}},{"type":"Feature","id":"district-osm-building-1006575886","geometry":{"type":"Polygon","coordinates":[[[-78.322549,44.2983497],[-78.3225478,44.2983366],[-78.3225461,44.2983188],[-78.3225162,44.2983202],[-78.3225158,44.2983156],[-78.3225112,44.2982668],[-78.3225411,44.2982653],[-78.3226795,44.2982587],[-78.322689,44.2982582],[-78.3226936,44.2983071],[-78.3226841,44.2983075],[-78.3226845,44.2983121],[-78.3226862,44.2983299],[-78.3226969,44.2983294],[-78.3227016,44.2983789],[-78.3226908,44.2983794],[-78.3225954,44.298384],[-78.3225964,44.2983945],[-78.3225223,44.298398],[-78.3225179,44.2983512],[-78.322549,44.2983497]]]},"properties":{"id":"district-osm-building-1006575886","semantic_type":"building","source_id":"openstreetmap-way-1006575886","confidence":0.86,"review_status":"source-aligned","render_in_semantic_layer":false,"source_role":"building-footprint-inventory","building_class":"yes","height":null,"levels":null,"roof_shape":null}},{"type":"Feature","id":"district-osm-building-1006575887","geometry":{"type":"Polygon","coordinates":[[[-78.3223554,44.2984754],[-78.322362,44.2985458],[-78.3222472,44.2985514],[-78.3222406,44.2984809],[-78.322224,44.2984817],[-78.3222111,44.2983443],[-78.3223746,44.2983364],[-78.3223875,44.2984739],[-78.3223554,44.2984754]]]},"properties":{"id":"district-osm-building-1006575887","semantic_type":"building","source_id":"openstreetmap-way-1006575887","confidence":0.86,"review_status":"source-aligned","render_in_semantic_layer":false,"source_role":"building-footprint-inventory","building_class":"yes","height":null,"levels":null,"roof_shape":null}},{"type":"Feature","id":"district-osm-building-1006575888","geometry":{"type":"Polygon","coordinates":[[[-78.3225617,44.2986474],[-78.3225632,44.2986629],[-78.3224875,44.2986666],[-78.3224827,44.2986154],[-78.3225511,44.2986121],[-78.3225464,44.2985622],[-78.3226993,44.2985548],[-78.3227073,44.2986404],[-78.3225617,44.2986474]]]},"properties":{"id":"district-osm-building-1006575888","semantic_type":"building","source_id":"openstreetmap-way-1006575888","confidence":0.86,"review_status":"source-aligned","render_in_semantic_layer":false,"source_role":"building-footprint-inventory","building_class":"yes","height":null,"levels":null,"roof_shape":null}},{"type":"Feature","id":"district-osm-building-1006575889","geometry":{"type":"Polygon","coordinates":[[[-78.3224123,44.2987124],[-78.3224092,44.2986797],[-78.3224894,44.2986759],[-78.3224925,44.2987085],[-78.3224123,44.2987124]]]},"properties":{"id":"district-osm-building-1006575889","semantic_type":"building","source_id":"openstreetmap-way-1006575889","confidence":0.86,"review_status":"source-aligned","render_in_semantic_layer":false,"source_role":"building-footprint-inventory","building_class":"yes","height":null,"levels":null,"roof_shape":null}},{"type":"Feature","id":"district-osm-building-1006575890","geometry":{"type":"Polygon","coordinates":[[[-78.3223446,44.2988568],[-78.3223409,44.2988182],[-78.3224954,44.2988108],[-78.3224991,44.2988494],[-78.3223446,44.2988568]]]},"properties":{"id":"district-osm-building-1006575890","semantic_type":"building","source_id":"openstreetmap-way-1006575890","confidence":0.86,"review_status":"source-aligned","render_in_semantic_layer":false,"source_role":"building-footprint-inventory","building_class":"yes","height":null,"levels":null,"roof_shape":null}},{"type":"Feature","id":"district-osm-building-1006575891","geometry":{"type":"Polygon","coordinates":[[[-78.3225605,44.2989144],[-78.3225538,44.2988427],[-78.3227201,44.2988348],[-78.3227268,44.2989064],[-78.3225605,44.2989144]]]},"properties":{"id":"district-osm-building-1006575891","semantic_type":"building","source_id":"openstreetmap-way-1006575891","confidence":0.86,"review_status":"source-aligned","render_in_semantic_layer":false,"source_role":"building-footprint-inventory","building_class":"yes","height":null,"levels":null,"roof_shape":null}},{"type":"Feature","id":"district-osm-building-1006575892","geometry":{"type":"Polygon","coordinates":[[[-78.3225404,44.2992384],[-78.3225327,44.299157],[-78.3227073,44.2991486],[-78.322715,44.29923],[-78.3225404,44.2992384]]]},"properties":{"id":"district-osm-building-1006575892","semantic_type":"building","source_id":"openstreetmap-way-1006575892","confidence":0.86,"review_status":"source-aligned","render_in_semantic_layer":false,"source_role":"building-footprint-inventory","building_class":"yes","height":null,"levels":null,"roof_shape":null}},{"type":"Feature","id":"district-osm-building-1006575893","geometry":{"type":"Polygon","coordinates":[[[-78.3225732,44.2991246],[-78.3225663,44.2990506],[-78.3227342,44.2990426],[-78.3227411,44.2991166],[-78.3225732,44.2991246]]]},"properties":{"id":"district-osm-building-1006575893","semantic_type":"building","source_id":"openstreetmap-way-1006575893","confidence":0.86,"review_status":"source-aligned","render_in_semantic_layer":false,"source_role":"building-footprint-inventory","building_class":"yes","height":null,"levels":null,"roof_shape":null}},{"type":"Feature","id":"district-osm-building-1006575894","geometry":{"type":"Polygon","coordinates":[[[-78.3225679,44.2990214],[-78.3225607,44.2989451],[-78.3227295,44.298937],[-78.3227366,44.2990133],[-78.3225679,44.2990214]]]},"properties":{"id":"district-osm-building-1006575894","semantic_type":"building","source_id":"openstreetmap-way-1006575894","confidence":0.86,"review_status":"source-aligned","render_in_semantic_layer":false,"source_role":"building-footprint-inventory","building_class":"yes","height":null,"levels":null,"roof_shape":null}},{"type":"Feature","id":"district-osm-building-1006575895","geometry":{"type":"Polygon","coordinates":[[[-78.3223446,44.2989773],[-78.3223395,44.298923],[-78.3224277,44.2989187],[-78.3224328,44.298973],[-78.3223446,44.2989773]]]},"properties":{"id":"district-osm-building-1006575895","semantic_type":"building","source_id":"openstreetmap-way-1006575895","confidence":0.86,"review_status":"source-aligned","render_in_semantic_layer":false,"source_role":"building-footprint-inventory","building_class":"yes","height":null,"levels":null,"roof_shape":null}},{"type":"Feature","id":"district-osm-building-1006575896","geometry":{"type":"Polygon","coordinates":[[[-78.3220864,44.2990709],[-78.3220795,44.2989968],[-78.3222266,44.2989898],[-78.3222335,44.2990638],[-78.3220864,44.2990709]]]},"properties":{"id":"district-osm-building-1006575896","semantic_type":"building","source_id":"openstreetmap-way-1006575896","confidence":0.86,"review_status":"source-aligned","render_in_semantic_layer":false,"source_role":"building-footprint-inventory","building_class":"yes","height":null,"levels":null,"roof_shape":null}},{"type":"Feature","id":"district-osm-building-1006575897","geometry":{"type":"Polygon","coordinates":[[[-78.3221857,44.2993221],[-78.3220868,44.2993269],[-78.322075,44.2992009],[-78.3221738,44.2991962],[-78.3221857,44.2993221]]]},"properties":{"id":"district-osm-building-1006575897","semantic_type":"building","source_id":"openstreetmap-way-1006575897","confidence":0.86,"review_status":"source-aligned","render_in_semantic_layer":false,"source_role":"building-footprint-inventory","building_class":"yes","height":null,"levels":null,"roof_shape":null}},{"type":"Feature","id":"district-osm-building-1006575898","geometry":{"type":"Polygon","coordinates":[[[-78.3220519,44.2993281],[-78.3219528,44.2993329],[-78.3219412,44.2992091],[-78.3220403,44.2992043],[-78.3220519,44.2993281]]]},"properties":{"id":"district-osm-building-1006575898","semantic_type":"building","source_id":"openstreetmap-way-1006575898","confidence":0.86,"review_status":"source-aligned","render_in_semantic_layer":false,"source_role":"building-footprint-inventory","building_class":"yes","height":null,"levels":null,"roof_shape":null}},{"type":"Feature","id":"district-osm-building-1006575899","geometry":{"type":"Polygon","coordinates":[[[-78.3217613,44.2993219],[-78.3217632,44.2993425],[-78.3216732,44.2993468],[-78.3216712,44.2993262],[-78.3216681,44.2993264],[-78.3216593,44.2992326],[-78.3216662,44.2992323],[-78.3216633,44.2992009],[-78.321683,44.2992],[-78.3216821,44.2991904],[-78.3217593,44.2991867],[-78.3217631,44.2992276],[-78.3217719,44.2993214],[-78.3217613,44.2993219]]]},"properties":{"id":"district-osm-building-1006575899","semantic_type":"building","source_id":"openstreetmap-way-1006575899","confidence":0.86,"review_status":"source-aligned","render_in_semantic_layer":false,"source_role":"building-footprint-inventory","building_class":"yes","height":null,"levels":null,"roof_shape":null}},{"type":"Feature","id":"district-osm-building-1006575900","geometry":{"type":"Polygon","coordinates":[[[-78.3216941,44.2991078],[-78.3216067,44.299112],[-78.3216009,44.2990507],[-78.3216884,44.2990465],[-78.3216941,44.2991078]]]},"properties":{"id":"district-osm-building-1006575900","semantic_type":"building","source_id":"openstreetmap-way-1006575900","confidence":0.86,"review_status":"source-aligned","render_in_semantic_layer":false,"source_role":"building-footprint-inventory","building_class":"yes","height":null,"levels":null,"roof_shape":null}},{"type":"Feature","id":"district-osm-building-1006575901","geometry":{"type":"Polygon","coordinates":[[[-78.3212882,44.2992108],[-78.3212839,44.2992109],[-78.3212802,44.2990904],[-78.3214112,44.2990884],[-78.3214149,44.2992088],[-78.3214032,44.299209],[-78.3214037,44.2992284],[-78.3212888,44.2992302],[-78.3212882,44.2992108]]]},"properties":{"id":"district-osm-building-1006575901","semantic_type":"building","source_id":"openstreetmap-way-1006575901","confidence":0.86,"review_status":"source-aligned","render_in_semantic_layer":false,"source_role":"building-footprint-inventory","building_class":"yes","height":null,"levels":null,"roof_shape":null}},{"type":"Feature","id":"district-osm-building-1006575902","geometry":{"type":"Polygon","coordinates":[[[-78.3211416,44.2991981],[-78.3211333,44.2991099],[-78.3212174,44.2991059],[-78.3212256,44.2991941],[-78.3212435,44.2991932],[-78.3212536,44.2993007],[-78.3212474,44.299301],[-78.3212492,44.2993207],[-78.3212175,44.2993222],[-78.3212187,44.2993355],[-78.3211584,44.2993384],[-78.3211553,44.2993054],[-78.3211517,44.2993055],[-78.3211416,44.2991981]]]},"properties":{"id":"district-osm-building-1006575902","semantic_type":"building","source_id":"openstreetmap-way-1006575902","confidence":0.86,"review_status":"source-aligned","render_in_semantic_layer":false,"source_role":"building-footprint-inventory","building_class":"yes","height":null,"levels":null,"roof_shape":null}},{"type":"Feature","id":"district-osm-building-1006575903","geometry":{"type":"Polygon","coordinates":[[[-78.3208889,44.2993818],[-78.3208537,44.2993835],[-78.3208445,44.2992859],[-78.3208797,44.2992842],[-78.3208748,44.2992316],[-78.3209445,44.2992283],[-78.3209494,44.2992808],[-78.3209585,44.2993785],[-78.3208889,44.2993818]]]},"properties":{"id":"district-osm-building-1006575903","semantic_type":"building","source_id":"openstreetmap-way-1006575903","confidence":0.86,"review_status":"source-aligned","render_in_semantic_layer":false,"source_role":"building-footprint-inventory","building_class":"yes","height":null,"levels":null,"roof_shape":null}},{"type":"Feature","id":"district-osm-building-1006575904","geometry":{"type":"Polygon","coordinates":[[[-78.3216687,44.2978523],[-78.3215991,44.2977824],[-78.3217339,44.2977138],[-78.3218034,44.2977837],[-78.3216687,44.2978523]]]},"properties":{"id":"district-osm-building-1006575904","semantic_type":"building","source_id":"openstreetmap-way-1006575904","confidence":0.86,"review_status":"source-aligned","render_in_semantic_layer":false,"source_role":"building-footprint-inventory","building_class":"yes","height":null,"levels":null,"roof_shape":null}},{"type":"Feature","id":"district-osm-building-1006575905","geometry":{"type":"Polygon","coordinates":[[[-78.3212408,44.2977602],[-78.3212258,44.2977937],[-78.3212234,44.2978289],[-78.3212338,44.2978633],[-78.3212563,44.2978946],[-78.3212894,44.2979206],[-78.3213307,44.2979397],[-78.3213775,44.2979504],[-78.3214266,44.2979522],[-78.3214747,44.2979447],[-78.3215184,44.2979286],[-78.3215549,44.297905],[-78.3215815,44.2978754],[-78.3215965,44.2978419],[-78.3215989,44.2978067],[-78.3215885,44.2977723],[-78.321566,44.297741],[-78.321533,44.297715],[-78.3214916,44.2976959],[-78.3214448,44.2976851],[-78.3213957,44.2976834],[-78.3213476,44.2976909],[-78.3213039,44.297707],[-78.3212675,44.2977306],[-78.3212408,44.2977602]]]},"properties":{"id":"district-osm-building-1006575905","semantic_type":"building","source_id":"openstreetmap-way-1006575905","confidence":0.86,"review_status":"source-aligned","render_in_semantic_layer":false,"source_role":"building-footprint-inventory","building_class":"yes","height":null,"levels":null,"roof_shape":null}},{"type":"Feature","id":"district-osm-building-1006575909","geometry":{"type":"Polygon","coordinates":[[[-78.3231561,44.2980625],[-78.3230839,44.2980657],[-78.3230785,44.2980027],[-78.3230651,44.2980033],[-78.3230589,44.2979306],[-78.3232297,44.2979231],[-78.3232351,44.2979858],[-78.3232404,44.2979855],[-78.3232419,44.2980023],[-78.323285,44.2980004],[-78.3232907,44.2980668],[-78.3231569,44.2980726],[-78.3231561,44.2980625]]]},"properties":{"id":"district-osm-building-1006575909","semantic_type":"building","source_id":"openstreetmap-way-1006575909","confidence":0.86,"review_status":"source-aligned","render_in_semantic_layer":false,"source_role":"building-footprint-inventory","building_class":"yes","height":null,"levels":null,"roof_shape":null}},{"type":"Feature","id":"district-osm-building-1006575910","geometry":{"type":"Polygon","coordinates":[[[-78.3233916,44.2979471],[-78.323389,44.2979168],[-78.323457,44.2979138],[-78.3234596,44.2979441],[-78.3235167,44.2979416],[-78.3235261,44.2980516],[-78.323469,44.2980541],[-78.323401,44.298057],[-78.3233916,44.2979471]]]},"properties":{"id":"district-osm-building-1006575910","semantic_type":"building","source_id":"openstreetmap-way-1006575910","confidence":0.86,"review_status":"source-aligned","render_in_semantic_layer":false,"source_role":"building-footprint-inventory","building_class":"yes","height":null,"levels":null,"roof_shape":null}},{"type":"Feature","id":"district-osm-building-1006575911","geometry":{"type":"Polygon","coordinates":[[[-78.32375,44.2980273],[-78.323742,44.2979332],[-78.3238391,44.297929],[-78.3238472,44.298023],[-78.32375,44.2980273]]]},"properties":{"id":"district-osm-building-1006575911","semantic_type":"building","source_id":"openstreetmap-way-1006575911","confidence":0.86,"review_status":"source-aligned","render_in_semantic_layer":false,"source_role":"building-footprint-inventory","building_class":"yes","height":null,"levels":null,"roof_shape":null}},{"type":"Feature","id":"district-osm-building-1006575912","geometry":{"type":"Polygon","coordinates":[[[-78.3230464,44.2976731],[-78.323026,44.2973899],[-78.3231889,44.2973838],[-78.32319,44.2973991],[-78.3235487,44.2973858],[-78.3235659,44.2976241],[-78.3236251,44.2976219],[-78.3236369,44.2977859],[-78.323387,44.2977952],[-78.3233754,44.297634],[-78.3231836,44.2976411],[-78.3231855,44.2976679],[-78.3230464,44.2976731]]]},"properties":{"id":"district-osm-building-1006575912","semantic_type":"building","source_id":"openstreetmap-way-1006575912","confidence":0.86,"review_status":"source-aligned","render_in_semantic_layer":false,"source_role":"building-footprint-inventory","building_class":"yes","height":null,"levels":null,"roof_shape":null}},{"type":"Feature","id":"district-osm-building-1006594088","geometry":{"type":"Polygon","coordinates":[[[-78.3267327,44.3025161],[-78.3267259,44.30244],[-78.3267891,44.3024371],[-78.3268889,44.3024326],[-78.3268957,44.3025087],[-78.3268968,44.3025221],[-78.326797,44.3025267],[-78.3267958,44.3025132],[-78.3267327,44.3025161]]]},"properties":{"id":"district-osm-building-1006594088","semantic_type":"building","source_id":"openstreetmap-way-1006594088","confidence":0.86,"review_status":"source-aligned","render_in_semantic_layer":false,"source_role":"building-footprint-inventory","building_class":"yes","height":null,"levels":null,"roof_shape":null}},{"type":"Feature","id":"district-osm-building-1006594089","geometry":{"type":"Polygon","coordinates":[[[-78.3250726,44.3010851],[-78.3249886,44.3010889],[-78.3249872,44.3010736],[-78.3249356,44.3010759],[-78.3249311,44.3010255],[-78.3249827,44.3010231],[-78.3249796,44.3009881],[-78.3250636,44.3009843],[-78.325181,44.300979],[-78.3251846,44.301019],[-78.3252063,44.301018],[-78.3252098,44.3010577],[-78.3251881,44.3010587],[-78.3251899,44.3010797],[-78.3251911,44.3010927],[-78.3250737,44.301098],[-78.3250726,44.3010851]]]},"properties":{"id":"district-osm-building-1006594089","semantic_type":"building","source_id":"openstreetmap-way-1006594089","confidence":0.86,"review_status":"source-aligned","render_in_semantic_layer":false,"source_role":"building-footprint-inventory","building_class":"yes","height":null,"levels":null,"roof_shape":null}},{"type":"Feature","id":"district-osm-building-1006594090","geometry":{"type":"Polygon","coordinates":[[[-78.3249973,44.301349],[-78.3249923,44.3012931],[-78.3250356,44.3012911],[-78.3250336,44.3012677],[-78.3251991,44.3012602],[-78.3252051,44.3013276],[-78.3250649,44.3013339],[-78.3250659,44.3013459],[-78.3249973,44.301349]]]},"properties":{"id":"district-osm-building-1006594090","semantic_type":"building","source_id":"openstreetmap-way-1006594090","confidence":0.86,"review_status":"source-aligned","render_in_semantic_layer":false,"source_role":"building-footprint-inventory","building_class":"yes","height":null,"levels":null,"roof_shape":null}},{"type":"Feature","id":"district-osm-building-1006594091","geometry":{"type":"Polygon","coordinates":[[[-78.3261915,44.3029258],[-78.3261902,44.3029115],[-78.3263733,44.3029032],[-78.3263826,44.3030089],[-78.3262147,44.3030166],[-78.326217,44.303043],[-78.3261678,44.3030452],[-78.326167,44.3030365],[-78.3261292,44.3030382],[-78.3261263,44.3030063],[-78.3261104,44.303007],[-78.3261068,44.3029669],[-78.3261606,44.3029644],[-78.3261573,44.3029274],[-78.3261915,44.3029258]]]},"properties":{"id":"district-osm-building-1006594091","semantic_type":"building","source_id":"openstreetmap-way-1006594091","confidence":0.86,"review_status":"source-aligned","render_in_semantic_layer":false,"source_role":"building-footprint-inventory","building_class":"yes","height":null,"levels":null,"roof_shape":null}},{"type":"Feature","id":"district-osm-building-1006594092","geometry":{"type":"Polygon","coordinates":[[[-78.3245548,44.3016676],[-78.3244875,44.3016707],[-78.3244894,44.3016924],[-78.324591,44.3016878],[-78.3245953,44.3017369],[-78.3244937,44.3017415],[-78.3243857,44.3017464],[-78.3243814,44.3016973],[-78.324375,44.3016259],[-78.324483,44.301621],[-78.3244844,44.3016357],[-78.3245517,44.3016327],[-78.3245548,44.3016676]]]},"properties":{"id":"district-osm-building-1006594092","semantic_type":"building","source_id":"openstreetmap-way-1006594092","confidence":0.86,"review_status":"source-aligned","render_in_semantic_layer":false,"source_role":"building-footprint-inventory","building_class":"yes","height":null,"levels":null,"roof_shape":null}},{"type":"Feature","id":"district-osm-building-1006594093","geometry":{"type":"Polygon","coordinates":[[[-78.3248021,44.3011321],[-78.3248088,44.3012077],[-78.3247311,44.3012113],[-78.3247255,44.301149],[-78.3246117,44.3011542],[-78.3246067,44.3010979],[-78.3247206,44.3010927],[-78.3247184,44.3010684],[-78.3247961,44.3010649],[-78.3248076,44.3010644],[-78.3248135,44.3011316],[-78.3248021,44.3011321]]]},"properties":{"id":"district-osm-building-1006594093","semantic_type":"building","source_id":"openstreetmap-way-1006594093","confidence":0.86,"review_status":"source-aligned","render_in_semantic_layer":false,"source_role":"building-footprint-inventory","building_class":"yes","height":null,"levels":null,"roof_shape":null}},{"type":"Feature","id":"district-osm-building-1006594094","geometry":{"type":"Polygon","coordinates":[[[-78.3243301,44.3010812],[-78.3243255,44.3010301],[-78.3243244,44.3010174],[-78.3244521,44.3010116],[-78.3244532,44.3010243],[-78.3245219,44.3010212],[-78.3245264,44.3010723],[-78.3244578,44.3010754],[-78.3243301,44.3010812]]]},"properties":{"id":"district-osm-building-1006594094","semantic_type":"building","source_id":"openstreetmap-way-1006594094","confidence":0.86,"review_status":"source-aligned","render_in_semantic_layer":false,"source_role":"building-footprint-inventory","building_class":"yes","height":null,"levels":null,"roof_shape":null}},{"type":"Feature","id":"district-osm-building-1006594095","geometry":{"type":"Polygon","coordinates":[[[-78.3244293,44.300729],[-78.3244375,44.3008208],[-78.3244417,44.3008689],[-78.3244028,44.3008706],[-78.3244105,44.3009584],[-78.3243161,44.3009626],[-78.3243073,44.3008633],[-78.3243619,44.3008609],[-78.3243587,44.3008244],[-78.3243368,44.3008254],[-78.3243286,44.3007335],[-78.3243505,44.3007325],[-78.3244293,44.300729]]]},"properties":{"id":"district-osm-building-1006594095","semantic_type":"building","source_id":"openstreetmap-way-1006594095","confidence":0.86,"review_status":"source-aligned","render_in_semantic_layer":false,"source_role":"building-footprint-inventory","building_class":"yes","height":null,"levels":null,"roof_shape":null}},{"type":"Feature","id":"district-osm-building-1006594096","geometry":{"type":"Polygon","coordinates":[[[-78.3245036,44.3027093],[-78.3244991,44.3026581],[-78.3245933,44.3026539],[-78.3246749,44.3026502],[-78.3246794,44.3027013],[-78.3246335,44.3027034],[-78.3246361,44.3027335],[-78.3245628,44.3027368],[-78.3245613,44.3027198],[-78.3245048,44.3027224],[-78.3245036,44.3027093]]]},"properties":{"id":"district-osm-building-1006594096","semantic_type":"building","source_id":"openstreetmap-way-1006594096","confidence":0.86,"review_status":"source-aligned","render_in_semantic_layer":false,"source_role":"building-footprint-inventory","building_class":"yes","height":null,"levels":null,"roof_shape":null}},{"type":"Feature","id":"district-osm-building-1006594097","geometry":{"type":"Polygon","coordinates":[[[-78.3254559,44.3009329],[-78.32545,44.3008665],[-78.325545,44.3008622],[-78.3256256,44.3008585],[-78.3256315,44.3009249],[-78.3256324,44.300936],[-78.3255518,44.3009396],[-78.3255508,44.3009286],[-78.3254559,44.3009329]]]},"properties":{"id":"district-osm-building-1006594097","semantic_type":"building","source_id":"openstreetmap-way-1006594097","confidence":0.86,"review_status":"source-aligned","render_in_semantic_layer":false,"source_role":"building-footprint-inventory","building_class":"yes","height":null,"levels":null,"roof_shape":null}},{"type":"Feature","id":"district-osm-building-1006594098","geometry":{"type":"Polygon","coordinates":[[[-78.3244823,44.3028698],[-78.3244783,44.302825],[-78.3244875,44.3028245],[-78.3244853,44.3027992],[-78.3244742,44.3027997],[-78.3244699,44.3027508],[-78.324481,44.3027503],[-78.3245944,44.3027451],[-78.3245957,44.30276],[-78.3246481,44.3027577],[-78.3246526,44.3028083],[-78.3246002,44.3028107],[-78.324601,44.3028194],[-78.3246015,44.3028256],[-78.3246532,44.3028232],[-78.3246573,44.3028698],[-78.3245937,44.3028727],[-78.324593,44.3028647],[-78.3244915,44.3028694],[-78.3244823,44.3028698]]]},"properties":{"id":"district-osm-building-1006594098","semantic_type":"building","source_id":"openstreetmap-way-1006594098","confidence":0.86,"review_status":"source-aligned","render_in_semantic_layer":false,"source_role":"building-footprint-inventory","building_class":"yes","height":null,"levels":null,"roof_shape":null}},{"type":"Feature","id":"district-osm-building-1006594099","geometry":{"type":"Polygon","coordinates":[[[-78.3254828,44.3012765],[-78.3254785,44.3012284],[-78.3254762,44.3012027],[-78.3256041,44.3011969],[-78.3256064,44.3012226],[-78.3256772,44.3012194],[-78.3256815,44.3012675],[-78.3256107,44.3012707],[-78.3254828,44.3012765]]]},"properties":{"id":"district-osm-building-1006594099","semantic_type":"building","source_id":"openstreetmap-way-1006594099","confidence":0.86,"review_status":"source-aligned","render_in_semantic_layer":false,"source_role":"building-footprint-inventory","building_class":"yes","height":null,"levels":null,"roof_shape":null}},{"type":"Feature","id":"district-osm-building-1006594100","geometry":{"type":"Polygon","coordinates":[[[-78.325606,44.3013165],[-78.3256611,44.301314],[-78.3256665,44.3013744],[-78.3256113,44.3013769],[-78.3254874,44.3013826],[-78.3254821,44.3013221],[-78.3254802,44.3013013],[-78.3256041,44.3012957],[-78.325606,44.3013165]]]},"properties":{"id":"district-osm-building-1006594100","semantic_type":"building","source_id":"openstreetmap-way-1006594100","confidence":0.86,"review_status":"source-aligned","render_in_semantic_layer":false,"source_role":"building-footprint-inventory","building_class":"yes","height":null,"levels":null,"roof_shape":null}},{"type":"Feature","id":"district-osm-building-1006594101","geometry":{"type":"Polygon","coordinates":[[[-78.3251624,44.3030963],[-78.3250469,44.3031016],[-78.3250355,44.3029733],[-78.3250306,44.3029182],[-78.3251461,44.302913],[-78.325151,44.3029681],[-78.3252018,44.3029657],[-78.3252906,44.3029617],[-78.325301,44.303079],[-78.3252122,44.303083],[-78.3252132,44.303094],[-78.3251624,44.3030963]]]},"properties":{"id":"district-osm-building-1006594101","semantic_type":"building","source_id":"openstreetmap-way-1006594101","confidence":0.86,"review_status":"source-aligned","render_in_semantic_layer":false,"source_role":"building-footprint-inventory","building_class":"yes","height":null,"levels":null,"roof_shape":null}},{"type":"Feature","id":"district-osm-building-1006594102","geometry":{"type":"Polygon","coordinates":[[[-78.3255056,44.3014992],[-78.3255002,44.3014387],[-78.3254971,44.3014034],[-78.3256276,44.3013975],[-78.3256307,44.3014328],[-78.32569,44.3014301],[-78.3256953,44.3014906],[-78.3256361,44.3014933],[-78.3255056,44.3014992]]]},"properties":{"id":"district-osm-building-1006594102","semantic_type":"building","source_id":"openstreetmap-way-1006594102","confidence":0.86,"review_status":"source-aligned","render_in_semantic_layer":false,"source_role":"building-footprint-inventory","building_class":"yes","height":null,"levels":null,"roof_shape":null}},{"type":"Feature","id":"district-osm-building-1006594103","geometry":{"type":"Polygon","coordinates":[[[-78.3245145,44.3020766],[-78.3245112,44.3020391],[-78.3244962,44.3020398],[-78.3244994,44.3020767],[-78.3244172,44.3020804],[-78.324414,44.3020436],[-78.3244058,44.3020439],[-78.3243978,44.3019531],[-78.3243969,44.3019427],[-78.3244608,44.3019398],[-78.3244617,44.3019502],[-78.3246372,44.3019422],[-78.3246452,44.3020331],[-78.3246332,44.3020336],[-78.3246365,44.302071],[-78.3245145,44.3020766]]]},"properties":{"id":"district-osm-building-1006594103","semantic_type":"building","source_id":"openstreetmap-way-1006594103","confidence":0.86,"review_status":"source-aligned","render_in_semantic_layer":false,"source_role":"building-footprint-inventory","building_class":"yes","height":null,"levels":null,"roof_shape":null}},{"type":"Feature","id":"district-osm-building-1006594104","geometry":{"type":"Polygon","coordinates":[[[-78.3259803,44.3019925],[-78.3259948,44.3019919],[-78.3259855,44.3018876],[-78.3261473,44.3018802],[-78.3261568,44.3019876],[-78.3261406,44.3019883],[-78.3261446,44.3020331],[-78.3260594,44.302037],[-78.3260645,44.3020943],[-78.3259896,44.3020977],[-78.3259845,44.3020404],[-78.3259803,44.3019925]]]},"properties":{"id":"district-osm-building-1006594104","semantic_type":"building","source_id":"openstreetmap-way-1006594104","confidence":0.86,"review_status":"source-aligned","render_in_semantic_layer":false,"source_role":"building-footprint-inventory","building_class":"yes","height":null,"levels":null,"roof_shape":null}},{"type":"Feature","id":"district-osm-building-1006594105","geometry":{"type":"Polygon","coordinates":[[[-78.3251515,44.3020142],[-78.3251421,44.3020146],[-78.3251391,44.3019803],[-78.3251227,44.301981],[-78.3251196,44.3019465],[-78.325136,44.3019457],[-78.3251324,44.3019056],[-78.3252461,44.3019004],[-78.3252557,44.3020094],[-78.3252472,44.3020098],[-78.3252494,44.3020343],[-78.3252549,44.3020966],[-78.3251592,44.3021009],[-78.3251052,44.3021034],[-78.3250997,44.3020411],[-78.3251537,44.3020386],[-78.3251515,44.3020142]]]},"properties":{"id":"district-osm-building-1006594105","semantic_type":"building","source_id":"openstreetmap-way-1006594105","confidence":0.86,"review_status":"source-aligned","render_in_semantic_layer":false,"source_role":"building-footprint-inventory","building_class":"yes","height":null,"levels":null,"roof_shape":null}},{"type":"Feature","id":"district-osm-building-1006594106","geometry":{"type":"Polygon","coordinates":[[[-78.3266951,44.3021106],[-78.3266921,44.3020769],[-78.3266882,44.3020325],[-78.3268292,44.3020261],[-78.3268332,44.3020705],[-78.3268701,44.3020688],[-78.3268731,44.3021025],[-78.3268361,44.3021042],[-78.3266951,44.3021106]]]},"properties":{"id":"district-osm-building-1006594106","semantic_type":"building","source_id":"openstreetmap-way-1006594106","confidence":0.86,"review_status":"source-aligned","render_in_semantic_layer":false,"source_role":"building-footprint-inventory","building_class":"yes","height":null,"levels":null,"roof_shape":null}},{"type":"Feature","id":"district-osm-building-1006594107","geometry":{"type":"Polygon","coordinates":[[[-78.3268348,44.3018707],[-78.326912,44.3018672],[-78.3269164,44.3019172],[-78.3268608,44.3019197],[-78.3268642,44.301958],[-78.3268426,44.3019589],[-78.3266822,44.3019662],[-78.3266774,44.3019125],[-78.3266723,44.3018553],[-78.3268328,44.301848],[-78.3268348,44.3018707]]]},"properties":{"id":"district-osm-building-1006594107","semantic_type":"building","source_id":"openstreetmap-way-1006594107","confidence":0.86,"review_status":"source-aligned","render_in_semantic_layer":false,"source_role":"building-footprint-inventory","building_class":"yes","height":null,"levels":null,"roof_shape":null}},{"type":"Feature","id":"district-osm-building-1006594108","geometry":{"type":"Polygon","coordinates":[[[-78.3246452,44.3024537],[-78.3245994,44.3024558],[-78.3246007,44.3024705],[-78.3246476,44.3024684],[-78.3246506,44.3025022],[-78.3246037,44.3025043],[-78.3246043,44.3025119],[-78.324481,44.3025175],[-78.3244528,44.3021997],[-78.3245762,44.3021941],[-78.3245787,44.3022223],[-78.3246289,44.30222],[-78.3246318,44.3022536],[-78.3245816,44.3022559],[-78.3245828,44.3022688],[-78.3246299,44.3022667],[-78.3246332,44.302304],[-78.3245861,44.3023061],[-78.3245876,44.302323],[-78.324635,44.3023209],[-78.3246379,44.3023534],[-78.3245905,44.3023556],[-78.3245921,44.3023734],[-78.3246382,44.3023713],[-78.3246412,44.3024048],[-78.324595,44.3024069],[-78.3245964,44.3024221],[-78.3246422,44.30242],[-78.3246452,44.3024537]]]},"properties":{"id":"district-osm-building-1006594108","semantic_type":"building","source_id":"openstreetmap-way-1006594108","confidence":0.86,"review_status":"source-aligned","render_in_semantic_layer":false,"source_role":"building-footprint-inventory","building_class":"yes","height":null,"levels":null,"roof_shape":null}},{"type":"Feature","id":"district-osm-building-1006594109","geometry":{"type":"Polygon","coordinates":[[[-78.3250245,44.3028166],[-78.3249577,44.3028196],[-78.3249533,44.3027696],[-78.3250201,44.3027666],[-78.3250858,44.3027636],[-78.3250837,44.3027401],[-78.3251877,44.3027354],[-78.3251898,44.3027589],[-78.3251908,44.30277],[-78.3252364,44.3027679],[-78.3252397,44.3028045],[-78.325194,44.3028066],[-78.3251942,44.3028089],[-78.3251968,44.3028382],[-78.3250928,44.3028429],[-78.3250271,44.3028459],[-78.3250245,44.3028166]]]},"properties":{"id":"district-osm-building-1006594109","semantic_type":"building","source_id":"openstreetmap-way-1006594109","confidence":0.86,"review_status":"source-aligned","render_in_semantic_layer":false,"source_role":"building-footprint-inventory","building_class":"yes","height":null,"levels":null,"roof_shape":null}},{"type":"Feature","id":"district-osm-building-1006594110","geometry":{"type":"Polygon","coordinates":[[[-78.3266609,44.3014819],[-78.3266563,44.30143],[-78.3267341,44.3014264],[-78.3268017,44.3014234],[-78.3268046,44.3014556],[-78.3268916,44.3014517],[-78.3268973,44.3015167],[-78.3268104,44.3015206],[-78.3267427,44.3015237],[-78.3267412,44.3015069],[-78.3266784,44.3015098],[-78.3266758,44.3014812],[-78.3266609,44.3014819]]]},"properties":{"id":"district-osm-building-1006594110","semantic_type":"building","source_id":"openstreetmap-way-1006594110","confidence":0.86,"review_status":"source-aligned","render_in_semantic_layer":false,"source_role":"building-footprint-inventory","building_class":"yes","height":null,"levels":null,"roof_shape":null}},{"type":"Feature","id":"district-osm-building-1006594111","geometry":{"type":"Polygon","coordinates":[[[-78.3266535,44.3011436],[-78.3267665,44.3011385],[-78.3267678,44.3011537],[-78.32682,44.3011513],[-78.3268272,44.3012329],[-78.3267751,44.3012352],[-78.3267763,44.3012485],[-78.3266633,44.3012537],[-78.3266462,44.3012545],[-78.3266421,44.301209],[-78.3266593,44.3012082],[-78.3266577,44.3011902],[-78.3266374,44.3011911],[-78.3266333,44.3011445],[-78.3266535,44.3011436]]]},"properties":{"id":"district-osm-building-1006594111","semantic_type":"building","source_id":"openstreetmap-way-1006594111","confidence":0.86,"review_status":"source-aligned","render_in_semantic_layer":false,"source_role":"building-footprint-inventory","building_class":"yes","height":null,"levels":null,"roof_shape":null}},{"type":"Feature","id":"district-osm-building-1006594115","geometry":{"type":"Polygon","coordinates":[[[-78.3266073,44.3009089],[-78.3265999,44.300826],[-78.326637,44.3008243],[-78.3267501,44.3008192],[-78.3267521,44.3008418],[-78.3267894,44.3008401],[-78.3267923,44.3008729],[-78.326755,44.3008746],[-78.3267558,44.3008835],[-78.3267763,44.3008825],[-78.3267824,44.3009513],[-78.3267619,44.3009523],[-78.3266488,44.3009574],[-78.3266444,44.3009072],[-78.3266073,44.3009089]]]},"properties":{"id":"district-osm-building-1006594115","semantic_type":"building","source_id":"openstreetmap-way-1006594115","confidence":0.86,"review_status":"source-aligned","render_in_semantic_layer":false,"source_role":"building-footprint-inventory","building_class":"yes","height":null,"levels":null,"roof_shape":null}},{"type":"Feature","id":"district-osm-building-1006594117","geometry":{"type":"Polygon","coordinates":[[[-78.3245027,44.3029628],[-78.3246238,44.3029576],[-78.3246272,44.3029984],[-78.3246444,44.3029977],[-78.324641,44.3029563],[-78.3247033,44.3029536],[-78.3247152,44.3030945],[-78.3247177,44.3031251],[-78.3246653,44.3031274],[-78.3246624,44.3030922],[-78.3245754,44.3030959],[-78.3245783,44.3031299],[-78.324517,44.3031325],[-78.3245161,44.3031225],[-78.3245027,44.3029628]]]},"properties":{"id":"district-osm-building-1006594117","semantic_type":"building","source_id":"openstreetmap-way-1006594117","confidence":0.86,"review_status":"source-aligned","render_in_semantic_layer":false,"source_role":"building-footprint-inventory","building_class":"yes","height":null,"levels":null,"roof_shape":null}},{"type":"Feature","id":"district-osm-building-1006594118","geometry":{"type":"Polygon","coordinates":[[[-78.3244337,44.3031263],[-78.324423,44.3030062],[-78.3244401,44.3030054],[-78.3244367,44.3029665],[-78.3245027,44.3029628],[-78.3245161,44.3031225],[-78.3244508,44.3031255],[-78.3244337,44.3031263]]]},"properties":{"id":"district-osm-building-1006594118","semantic_type":"building","source_id":"openstreetmap-way-1006594118","confidence":0.86,"review_status":"source-aligned","render_in_semantic_layer":false,"source_role":"building-footprint-inventory","building_class":"yes","height":null,"levels":null,"roof_shape":null}},{"type":"Feature","id":"district-osm-building-1006594121","geometry":{"type":"Polygon","coordinates":[[[-78.3244815,44.3026522],[-78.3244523,44.3026535],[-78.3244481,44.3026058],[-78.3244772,44.3026045],[-78.3244716,44.3025406],[-78.3245883,44.3025353],[-78.3245929,44.3025876],[-78.324594,44.3025992],[-78.3245982,44.3026469],[-78.3244815,44.3026522]]]},"properties":{"id":"district-osm-building-1006594121","semantic_type":"building","source_id":"openstreetmap-way-1006594121","confidence":0.86,"review_status":"source-aligned","render_in_semantic_layer":false,"source_role":"building-footprint-inventory","building_class":"yes","height":null,"levels":null,"roof_shape":null}},{"type":"Feature","id":"district-osm-building-1006594122","geometry":{"type":"Polygon","coordinates":[[[-78.3247398,44.303116],[-78.3247261,44.302962],[-78.324833,44.3029571],[-78.3248466,44.3031111],[-78.3247398,44.303116]]]},"properties":{"id":"district-osm-building-1006594122","semantic_type":"building","source_id":"openstreetmap-way-1006594122","confidence":0.86,"review_status":"source-aligned","render_in_semantic_layer":false,"source_role":"building-footprint-inventory","building_class":"yes","height":null,"levels":null,"roof_shape":null}},{"type":"Feature","id":"district-osm-building-1006594123","geometry":{"type":"Polygon","coordinates":[[[-78.324888,44.3030987],[-78.3248742,44.302943],[-78.3250073,44.302937],[-78.3250211,44.3030926],[-78.324888,44.3030987]]]},"properties":{"id":"district-osm-building-1006594123","semantic_type":"building","source_id":"openstreetmap-way-1006594123","confidence":0.86,"review_status":"source-aligned","render_in_semantic_layer":false,"source_role":"building-footprint-inventory","building_class":"yes","height":null,"levels":null,"roof_shape":null}},{"type":"Feature","id":"district-osm-building-1006594124","geometry":{"type":"Polygon","coordinates":[[[-78.3246854,44.3020608],[-78.3246768,44.3020612],[-78.3246671,44.3019521],[-78.3248008,44.301946],[-78.3248105,44.3020551],[-78.3248013,44.3020555],[-78.3248041,44.3020866],[-78.3246882,44.3020919],[-78.3246854,44.3020608]]]},"properties":{"id":"district-osm-building-1006594124","semantic_type":"building","source_id":"openstreetmap-way-1006594124","confidence":0.86,"review_status":"source-aligned","render_in_semantic_layer":false,"source_role":"building-footprint-inventory","building_class":"yes","height":null,"levels":null,"roof_shape":null}},{"type":"Feature","id":"district-osm-building-1006594125","geometry":{"type":"Polygon","coordinates":[[[-78.3250275,44.3020534],[-78.3250355,44.302053],[-78.3250484,44.3021986],[-78.3248296,44.3022085],[-78.3248167,44.3020629],[-78.3248462,44.3020616],[-78.3248377,44.3019657],[-78.3249413,44.301961],[-78.324942,44.301968],[-78.3249939,44.3019657],[-78.325001,44.302046],[-78.3250268,44.3020448],[-78.3250275,44.3020534]]]},"properties":{"id":"district-osm-building-1006594125","semantic_type":"building","source_id":"openstreetmap-way-1006594125","confidence":0.86,"review_status":"source-aligned","render_in_semantic_layer":false,"source_role":"building-footprint-inventory","building_class":"yes","height":null,"levels":null,"roof_shape":null}},{"type":"Feature","id":"district-osm-building-1006594127","geometry":{"type":"Polygon","coordinates":[[[-78.3250979,44.3022066],[-78.3250908,44.302127],[-78.3252621,44.3021192],[-78.3252692,44.3021988],[-78.3250979,44.3022066]]]},"properties":{"id":"district-osm-building-1006594127","semantic_type":"building","source_id":"openstreetmap-way-1006594127","confidence":0.86,"review_status":"source-aligned","render_in_semantic_layer":false,"source_role":"building-footprint-inventory","building_class":"yes","height":null,"levels":null,"roof_shape":null}},{"type":"Feature","id":"district-osm-building-1006594128","geometry":{"type":"Polygon","coordinates":[[[-78.3250902,44.3022653],[-78.3251482,44.3022627],[-78.3251563,44.3023551],[-78.3249718,44.3023635],[-78.3249684,44.3023257],[-78.3249403,44.302327],[-78.3249338,44.3022534],[-78.3250885,44.3022464],[-78.3250902,44.3022653]]]},"properties":{"id":"district-osm-building-1006594128","semantic_type":"building","source_id":"openstreetmap-way-1006594128","confidence":0.86,"review_status":"source-aligned","render_in_semantic_layer":false,"source_role":"building-footprint-inventory","building_class":"yes","height":null,"levels":null,"roof_shape":null}},{"type":"Feature","id":"district-osm-building-1006594129","geometry":{"type":"Polygon","coordinates":[[[-78.324992,44.3024508],[-78.3249854,44.3023773],[-78.3251408,44.3023702],[-78.3252389,44.3023658],[-78.3252454,44.3024393],[-78.3251473,44.3024438],[-78.3251493,44.3024659],[-78.3249939,44.3024729],[-78.324992,44.3024508]]]},"properties":{"id":"district-osm-building-1006594129","semantic_type":"building","source_id":"openstreetmap-way-1006594129","confidence":0.86,"review_status":"source-aligned","render_in_semantic_layer":false,"source_role":"building-footprint-inventory","building_class":"yes","height":null,"levels":null,"roof_shape":null}},{"type":"Feature","id":"district-osm-building-1006594130","geometry":{"type":"Polygon","coordinates":[[[-78.3249798,44.3026111],[-78.3249807,44.3026212],[-78.3248538,44.3026269],[-78.3248415,44.3024883],[-78.3249684,44.3024825],[-78.3249714,44.3025163],[-78.3252028,44.3025058],[-78.3252112,44.3026006],[-78.3249798,44.3026111]]]},"properties":{"id":"district-osm-building-1006594130","semantic_type":"building","source_id":"openstreetmap-way-1006594130","confidence":0.86,"review_status":"source-aligned","render_in_semantic_layer":false,"source_role":"building-footprint-inventory","building_class":"yes","height":null,"levels":null,"roof_shape":null}},{"type":"Feature","id":"district-osm-building-1006594131","geometry":{"type":"Polygon","coordinates":[[[-78.3251963,44.3027305],[-78.3250784,44.3027359],[-78.3250701,44.3026417],[-78.3252108,44.3026353],[-78.325215,44.3026823],[-78.3252337,44.3026814],[-78.3252383,44.3027335],[-78.3251967,44.3027354],[-78.3251963,44.3027305]]]},"properties":{"id":"district-osm-building-1006594131","semantic_type":"building","source_id":"openstreetmap-way-1006594131","confidence":0.86,"review_status":"source-aligned","render_in_semantic_layer":false,"source_role":"building-footprint-inventory","building_class":"yes","height":null,"levels":null,"roof_shape":null}},{"type":"Feature","id":"district-osm-building-1006594145","geometry":{"type":"Polygon","coordinates":[[[-78.3262592,44.3027528],[-78.3262586,44.302746],[-78.326401,44.3027395],[-78.3264068,44.302805],[-78.3262644,44.3028115],[-78.3262634,44.3028001],[-78.3262043,44.3028028],[-78.3262001,44.3027554],[-78.3262592,44.3027528]]]},"properties":{"id":"district-osm-building-1006594145","semantic_type":"building","source_id":"openstreetmap-way-1006594145","confidence":0.86,"review_status":"source-aligned","render_in_semantic_layer":false,"source_role":"building-footprint-inventory","building_class":"yes","height":null,"levels":null,"roof_shape":null}},{"type":"Feature","id":"district-osm-building-1006594146","geometry":{"type":"Polygon","coordinates":[[[-78.3263616,44.3026332],[-78.3264048,44.3026313],[-78.3264127,44.3027203],[-78.3262593,44.3027272],[-78.3262514,44.3026382],[-78.3262867,44.3026366],[-78.3262847,44.302615],[-78.3263597,44.3026115],[-78.3263616,44.3026332]]]},"properties":{"id":"district-osm-building-1006594146","semantic_type":"building","source_id":"openstreetmap-way-1006594146","confidence":0.86,"review_status":"source-aligned","render_in_semantic_layer":false,"source_role":"building-footprint-inventory","building_class":"yes","height":null,"levels":null,"roof_shape":null}},{"type":"Feature","id":"district-osm-building-1006594147","geometry":{"type":"Polygon","coordinates":[[[-78.3263531,44.3028794],[-78.3263537,44.3028871],[-78.326207,44.3028938],[-78.3262003,44.3028188],[-78.3263471,44.3028122],[-78.3263506,44.3028521],[-78.3263829,44.3028506],[-78.3263853,44.3028779],[-78.3263531,44.3028794]]]},"properties":{"id":"district-osm-building-1006594147","semantic_type":"building","source_id":"openstreetmap-way-1006594147","confidence":0.86,"review_status":"source-aligned","render_in_semantic_layer":false,"source_role":"building-footprint-inventory","building_class":"yes","height":null,"levels":null,"roof_shape":null}},{"type":"Feature","id":"district-osm-building-1006594148","geometry":{"type":"Polygon","coordinates":[[[-78.3256356,44.3028079],[-78.325635,44.3028011],[-78.325634,44.3027906],[-78.3257825,44.3027839],[-78.3257834,44.3027944],[-78.3258243,44.3027925],[-78.3258227,44.3027743],[-78.3259294,44.3027694],[-78.3259354,44.3028371],[-78.3258425,44.3028414],[-78.3258435,44.302853],[-78.3257888,44.3028555],[-78.3257901,44.3028695],[-78.3257,44.3028736],[-78.3256988,44.3028595],[-78.3256519,44.3028617],[-78.325653,44.3028747],[-78.3256135,44.3028765],[-78.3256075,44.3028092],[-78.3256356,44.3028079]]]},"properties":{"id":"district-osm-building-1006594148","semantic_type":"building","source_id":"openstreetmap-way-1006594148","confidence":0.86,"review_status":"source-aligned","render_in_semantic_layer":false,"source_role":"building-footprint-inventory","building_class":"yes","height":null,"levels":null,"roof_shape":null}},{"type":"Feature","id":"district-osm-building-1006594149","geometry":{"type":"Polygon","coordinates":[[[-78.3256874,44.3029985],[-78.3256862,44.3029859],[-78.325993,44.302972],[-78.3260008,44.3030593],[-78.325694,44.3030732],[-78.3256937,44.3030703],[-78.3256605,44.3030718],[-78.3256541,44.303],[-78.3256874,44.3029985]]]},"properties":{"id":"district-osm-building-1006594149","semantic_type":"building","source_id":"openstreetmap-way-1006594149","confidence":0.86,"review_status":"source-aligned","render_in_semantic_layer":false,"source_role":"building-footprint-inventory","building_class":"yes","height":null,"levels":null,"roof_shape":null}},{"type":"Feature","id":"district-osm-building-1006594150","geometry":{"type":"Polygon","coordinates":[[[-78.3257733,44.302956],[-78.3256745,44.3029605],[-78.3256742,44.3029561],[-78.3256423,44.3029576],[-78.3256383,44.302912],[-78.3256701,44.3029106],[-78.3256673,44.3028792],[-78.3258542,44.3028707],[-78.3258614,44.302952],[-78.3258362,44.3029531],[-78.3258374,44.3029662],[-78.3257744,44.3029691],[-78.3257733,44.302956]]]},"properties":{"id":"district-osm-building-1006594150","semantic_type":"building","source_id":"openstreetmap-way-1006594150","confidence":0.86,"review_status":"source-aligned","render_in_semantic_layer":false,"source_role":"building-footprint-inventory","building_class":"yes","height":null,"levels":null,"roof_shape":null}},{"type":"Feature","id":"district-osm-building-1006594151","geometry":{"type":"Polygon","coordinates":[[[-78.3257553,44.3026289],[-78.3257488,44.3025555],[-78.3258972,44.3025487],[-78.3259037,44.3026222],[-78.3259236,44.3026213],[-78.3259193,44.3025732],[-78.3260169,44.3025688],[-78.3260212,44.3026169],[-78.3260283,44.3026965],[-78.3259306,44.3027009],[-78.3259107,44.3027018],[-78.3257624,44.3027085],[-78.3257553,44.3026289]]]},"properties":{"id":"district-osm-building-1006594151","semantic_type":"building","source_id":"openstreetmap-way-1006594151","confidence":0.86,"review_status":"source-aligned","render_in_semantic_layer":false,"source_role":"building-footprint-inventory","building_class":"yes","height":null,"levels":null,"roof_shape":null}},{"type":"Feature","id":"district-osm-building-1006594152","geometry":{"type":"Polygon","coordinates":[[[-78.3257346,44.3024618],[-78.3255954,44.3024681],[-78.325589,44.3023956],[-78.3258308,44.3023846],[-78.3258348,44.3024306],[-78.3259065,44.3024273],[-78.3259105,44.3024717],[-78.3257362,44.3024796],[-78.3257346,44.3024618]]]},"properties":{"id":"district-osm-building-1006594152","semantic_type":"building","source_id":"openstreetmap-way-1006594152","confidence":0.86,"review_status":"source-aligned","render_in_semantic_layer":false,"source_role":"building-footprint-inventory","building_class":"yes","height":null,"levels":null,"roof_shape":null}},{"type":"Feature","id":"district-osm-building-1006594153","geometry":{"type":"Polygon","coordinates":[[[-78.3257221,44.3023149],[-78.3257237,44.3023328],[-78.3255968,44.3023385],[-78.3255851,44.3022075],[-78.3257121,44.3022018],[-78.325715,44.3022352],[-78.3258069,44.302231],[-78.325814,44.3023107],[-78.3257221,44.3023149]]]},"properties":{"id":"district-osm-building-1006594153","semantic_type":"building","source_id":"openstreetmap-way-1006594153","confidence":0.86,"review_status":"source-aligned","render_in_semantic_layer":false,"source_role":"building-footprint-inventory","building_class":"yes","height":null,"levels":null,"roof_shape":null}},{"type":"Feature","id":"district-osm-building-1006594154","geometry":{"type":"Polygon","coordinates":[[[-78.3255811,44.3021039],[-78.325579,44.3020802],[-78.3257034,44.3020746],[-78.3257055,44.3020983],[-78.3257939,44.3020943],[-78.3257972,44.3021321],[-78.3258905,44.3021279],[-78.3258953,44.3021829],[-78.3257972,44.3021874],[-78.3257939,44.3021496],[-78.3257104,44.3021534],[-78.325586,44.3021591],[-78.3255811,44.3021039]]]},"properties":{"id":"district-osm-building-1006594154","semantic_type":"building","source_id":"openstreetmap-way-1006594154","confidence":0.86,"review_status":"source-aligned","render_in_semantic_layer":false,"source_role":"building-footprint-inventory","building_class":"yes","height":null,"levels":null,"roof_shape":null}},{"type":"Feature","id":"district-osm-building-1006594155","geometry":{"type":"Polygon","coordinates":[[[-78.3255738,44.3019727],[-78.325571,44.3019409],[-78.3257027,44.3019349],[-78.3257055,44.3019667],[-78.3258019,44.3019623],[-78.3258068,44.3020167],[-78.3257103,44.3020211],[-78.3255786,44.3020271],[-78.3255738,44.3019727]]]},"properties":{"id":"district-osm-building-1006594155","semantic_type":"building","source_id":"openstreetmap-way-1006594155","confidence":0.86,"review_status":"source-aligned","render_in_semantic_layer":false,"source_role":"building-footprint-inventory","building_class":"yes","height":null,"levels":null,"roof_shape":null}},{"type":"Feature","id":"district-osm-building-1006594156","geometry":{"type":"Polygon","coordinates":[[[-78.3258991,44.3018804],[-78.3259078,44.30188],[-78.3259166,44.3019791],[-78.3259079,44.3019795],[-78.3259099,44.3020021],[-78.3258282,44.3020058],[-78.3258261,44.3019832],[-78.3258174,44.3018841],[-78.3258991,44.3018804]]]},"properties":{"id":"district-osm-building-1006594156","semantic_type":"building","source_id":"openstreetmap-way-1006594156","confidence":0.86,"review_status":"source-aligned","render_in_semantic_layer":false,"source_role":"building-footprint-inventory","building_class":"yes","height":null,"levels":null,"roof_shape":null}},{"type":"Feature","id":"district-osm-building-1006594157","geometry":{"type":"Polygon","coordinates":[[[-78.3259917,44.3024643],[-78.3259861,44.3024006],[-78.3261473,44.3023932],[-78.3261529,44.3024569],[-78.3259917,44.3024643]]]},"properties":{"id":"district-osm-building-1006594157","semantic_type":"building","source_id":"openstreetmap-way-1006594157","confidence":0.86,"review_status":"source-aligned","render_in_semantic_layer":false,"source_role":"building-footprint-inventory","building_class":"yes","height":null,"levels":null,"roof_shape":null}},{"type":"Feature","id":"district-osm-building-1006594158","geometry":{"type":"Polygon","coordinates":[[[-78.3262172,44.3023779],[-78.3261754,44.3023798],[-78.3261707,44.3023268],[-78.3262125,44.3023249],[-78.3263665,44.3023179],[-78.3263712,44.3023709],[-78.3263758,44.3024218],[-78.3262217,44.3024288],[-78.3262172,44.3023779]]]},"properties":{"id":"district-osm-building-1006594158","semantic_type":"building","source_id":"openstreetmap-way-1006594158","confidence":0.86,"review_status":"source-aligned","render_in_semantic_layer":false,"source_role":"building-footprint-inventory","building_class":"yes","height":null,"levels":null,"roof_shape":null}},{"type":"Feature","id":"district-osm-building-1006594159","geometry":{"type":"Polygon","coordinates":[[[-78.3261184,44.3023064],[-78.3260854,44.3023079],[-78.3260809,44.3022574],[-78.326114,44.3022559],[-78.3261098,44.3022089],[-78.3261655,44.3022064],[-78.3261636,44.3021846],[-78.3263558,44.3021759],[-78.326363,44.3022569],[-78.3261881,44.3022648],[-78.3261915,44.3023031],[-78.3261184,44.3023064]]]},"properties":{"id":"district-osm-building-1006594159","semantic_type":"building","source_id":"openstreetmap-way-1006594159","confidence":0.86,"review_status":"source-aligned","render_in_semantic_layer":false,"source_role":"building-footprint-inventory","building_class":"yes","height":null,"levels":null,"roof_shape":null}},{"type":"Feature","id":"district-osm-building-1006594160","geometry":{"type":"Polygon","coordinates":[[[-78.3262768,44.3020254],[-78.3262275,44.3020276],[-78.326223,44.3019772],[-78.3262763,44.3019748],[-78.32627,44.3019033],[-78.3263873,44.3018979],[-78.3263936,44.3019694],[-78.3263981,44.3020199],[-78.3263636,44.3020215],[-78.3263689,44.3020812],[-78.3262821,44.3020852],[-78.3262768,44.3020254]]]},"properties":{"id":"district-osm-building-1006594160","semantic_type":"building","source_id":"openstreetmap-way-1006594160","confidence":0.86,"review_status":"source-aligned","render_in_semantic_layer":false,"source_role":"building-footprint-inventory","building_class":"yes","height":null,"levels":null,"roof_shape":null}},{"type":"Feature","id":"district-osm-building-1006594161","geometry":{"type":"Polygon","coordinates":[[[-78.3270505,44.3021144],[-78.3270455,44.3020584],[-78.3271115,44.3020554],[-78.3271165,44.3021114],[-78.3270505,44.3021144]]]},"properties":{"id":"district-osm-building-1006594161","semantic_type":"building","source_id":"openstreetmap-way-1006594161","confidence":0.86,"review_status":"source-aligned","render_in_semantic_layer":false,"source_role":"building-footprint-inventory","building_class":"yes","height":null,"levels":null,"roof_shape":null}},{"type":"Feature","id":"district-osm-building-1006594162","geometry":{"type":"Polygon","coordinates":[[[-78.3269472,44.3021043],[-78.3269423,44.3020486],[-78.327025,44.3020448],[-78.32703,44.3021006],[-78.3269472,44.3021043]]]},"properties":{"id":"district-osm-building-1006594162","semantic_type":"building","source_id":"openstreetmap-way-1006594162","confidence":0.86,"review_status":"source-aligned","render_in_semantic_layer":false,"source_role":"building-footprint-inventory","building_class":"yes","height":null,"levels":null,"roof_shape":null}},{"type":"Feature","id":"district-osm-building-1006594163","geometry":{"type":"Polygon","coordinates":[[[-78.3269305,44.3019556],[-78.3269211,44.30185],[-78.3270049,44.3018462],[-78.3270143,44.3019518],[-78.3269305,44.3019556]]]},"properties":{"id":"district-osm-building-1006594163","semantic_type":"building","source_id":"openstreetmap-way-1006594163","confidence":0.86,"review_status":"source-aligned","render_in_semantic_layer":false,"source_role":"building-footprint-inventory","building_class":"yes","height":null,"levels":null,"roof_shape":null}},{"type":"Feature","id":"district-osm-building-1006594164","geometry":{"type":"Polygon","coordinates":[[[-78.3270223,44.3019517],[-78.3270137,44.3018539],[-78.3270988,44.30185],[-78.3271075,44.3019479],[-78.3270223,44.3019517]]]},"properties":{"id":"district-osm-building-1006594164","semantic_type":"building","source_id":"openstreetmap-way-1006594164","confidence":0.86,"review_status":"source-aligned","render_in_semantic_layer":false,"source_role":"building-footprint-inventory","building_class":"yes","height":null,"levels":null,"roof_shape":null}},{"type":"Feature","id":"district-osm-building-1006594165","geometry":{"type":"Polygon","coordinates":[[[-78.3271502,44.3019532],[-78.3271404,44.3019537],[-78.3271304,44.301841],[-78.3271569,44.3018398],[-78.3272175,44.301837],[-78.3272275,44.3019497],[-78.3272318,44.3019984],[-78.3271712,44.3020012],[-78.3271691,44.3019779],[-78.3271524,44.3019786],[-78.3271502,44.3019532]]]},"properties":{"id":"district-osm-building-1006594165","semantic_type":"building","source_id":"openstreetmap-way-1006594165","confidence":0.86,"review_status":"source-aligned","render_in_semantic_layer":false,"source_role":"building-footprint-inventory","building_class":"yes","height":null,"levels":null,"roof_shape":null}},{"type":"Feature","id":"district-osm-building-1006594168","geometry":{"type":"Polygon","coordinates":[[[-78.323628,44.3011436],[-78.3236052,44.3007443],[-78.3237849,44.3007347],[-78.3238064,44.300942],[-78.3237822,44.3011446],[-78.323628,44.3011436]]]},"properties":{"id":"district-osm-building-1006594168","semantic_type":"building","source_id":"openstreetmap-way-1006594168","confidence":0.86,"review_status":"source-aligned","render_in_semantic_layer":false,"source_role":"building-footprint-inventory","building_class":"yes","height":null,"levels":null,"roof_shape":null}},{"type":"Feature","id":"district-osm-building-1006594169","geometry":{"type":"Polygon","coordinates":[[[-78.323286,44.3016389],[-78.3232807,44.3015371],[-78.3233182,44.3015198],[-78.3233222,44.3014872],[-78.3239673,44.301467],[-78.323966,44.3014882],[-78.324021,44.3015189],[-78.3240277,44.3016149],[-78.323286,44.3016389]]]},"properties":{"id":"district-osm-building-1006594169","semantic_type":"building","source_id":"openstreetmap-way-1006594169","confidence":0.86,"review_status":"source-aligned","render_in_semantic_layer":false,"source_role":"building-footprint-inventory","building_class":"apartments","height":null,"levels":"6","roof_shape":null}},{"type":"Feature","id":"district-osm-building-1006594170","geometry":{"type":"Polygon","coordinates":[[[-78.3249631,44.3012261],[-78.3249594,44.3011845],[-78.3250462,44.3011805],[-78.3250499,44.3012222],[-78.3249631,44.3012261]]]},"properties":{"id":"district-osm-building-1006594170","semantic_type":"building","source_id":"openstreetmap-way-1006594170","confidence":0.86,"review_status":"source-aligned","render_in_semantic_layer":false,"source_role":"building-footprint-inventory","building_class":"yes","height":null,"levels":null,"roof_shape":null}},{"type":"Feature","id":"district-osm-building-1006594171","geometry":{"type":"Polygon","coordinates":[[[-78.3250476,44.3014359],[-78.3250413,44.3013653],[-78.3252105,44.3013576],[-78.3252168,44.3014282],[-78.3250476,44.3014359]]]},"properties":{"id":"district-osm-building-1006594171","semantic_type":"building","source_id":"openstreetmap-way-1006594171","confidence":0.86,"review_status":"source-aligned","render_in_semantic_layer":false,"source_role":"building-footprint-inventory","building_class":"yes","height":null,"levels":null,"roof_shape":null}},{"type":"Feature","id":"district-osm-building-1006594172","geometry":{"type":"Polygon","coordinates":[[[-78.3250563,44.3015198],[-78.32505,44.3014487],[-78.3251964,44.3014421],[-78.3252027,44.3015132],[-78.3250563,44.3015198]]]},"properties":{"id":"district-osm-building-1006594172","semantic_type":"building","source_id":"openstreetmap-way-1006594172","confidence":0.86,"review_status":"source-aligned","render_in_semantic_layer":false,"source_role":"building-footprint-inventory","building_class":"yes","height":null,"levels":null,"roof_shape":null}},{"type":"Feature","id":"district-osm-building-1006594173","geometry":{"type":"Polygon","coordinates":[[[-78.3252033,44.3015897],[-78.3252053,44.301612],[-78.3250905,44.3016173],[-78.3250843,44.3015476],[-78.3251991,44.3015424],[-78.3252001,44.3015533],[-78.3252274,44.3015521],[-78.3252306,44.3015885],[-78.3252033,44.3015897]]]},"properties":{"id":"district-osm-building-1006594173","semantic_type":"building","source_id":"openstreetmap-way-1006594173","confidence":0.86,"review_status":"source-aligned","render_in_semantic_layer":false,"source_role":"building-footprint-inventory","building_class":"yes","height":null,"levels":null,"roof_shape":null}},{"type":"Feature","id":"district-osm-building-1006594174","geometry":{"type":"Polygon","coordinates":[[[-78.325068,44.3016757],[-78.3250543,44.3016763],[-78.3250509,44.3016378],[-78.3251964,44.3016312],[-78.3251979,44.3016478],[-78.3252058,44.3016475],[-78.3252107,44.3017031],[-78.325071,44.3017094],[-78.325068,44.3016757]]]},"properties":{"id":"district-osm-building-1006594174","semantic_type":"building","source_id":"openstreetmap-way-1006594174","confidence":0.86,"review_status":"source-aligned","render_in_semantic_layer":false,"source_role":"building-footprint-inventory","building_class":"yes","height":null,"levels":null,"roof_shape":null}},{"type":"Feature","id":"district-osm-building-1006594175","geometry":{"type":"Polygon","coordinates":[[[-78.32501,44.3016897],[-78.3249567,44.3016921],[-78.3249517,44.3016355],[-78.325005,44.3016331],[-78.32501,44.3016897]]]},"properties":{"id":"district-osm-building-1006594175","semantic_type":"building","source_id":"openstreetmap-way-1006594175","confidence":0.86,"review_status":"source-aligned","render_in_semantic_layer":false,"source_role":"building-footprint-inventory","building_class":"yes","height":null,"levels":null,"roof_shape":null}},{"type":"Feature","id":"district-osm-building-1006594176","geometry":{"type":"Polygon","coordinates":[[[-78.3248591,44.3017267],[-78.3248487,44.3016084],[-78.3249389,44.3016043],[-78.3249494,44.3017226],[-78.3248591,44.3017267]]]},"properties":{"id":"district-osm-building-1006594176","semantic_type":"building","source_id":"openstreetmap-way-1006594176","confidence":0.86,"review_status":"source-aligned","render_in_semantic_layer":false,"source_role":"building-footprint-inventory","building_class":"yes","height":null,"levels":null,"roof_shape":null}},{"type":"Feature","id":"district-osm-building-1006594177","geometry":{"type":"Polygon","coordinates":[[[-78.3247834,44.3017027],[-78.3246928,44.3017068],[-78.3246835,44.3016014],[-78.324774,44.3015973],[-78.3247834,44.3017027]]]},"properties":{"id":"district-osm-building-1006594177","semantic_type":"building","source_id":"openstreetmap-way-1006594177","confidence":0.86,"review_status":"source-aligned","render_in_semantic_layer":false,"source_role":"building-footprint-inventory","building_class":"yes","height":null,"levels":null,"roof_shape":null}},{"type":"Feature","id":"district-osm-building-1006594178","geometry":{"type":"Polygon","coordinates":[[[-78.3246705,44.3016065],[-78.3246761,44.3016062],[-78.324685,44.3017074],[-78.3245983,44.3017113],[-78.3245893,44.3016102],[-78.324603,44.3016095],[-78.3246012,44.3015891],[-78.3246687,44.3015861],[-78.3246705,44.3016065]]]},"properties":{"id":"district-osm-building-1006594178","semantic_type":"building","source_id":"openstreetmap-way-1006594178","confidence":0.86,"review_status":"source-aligned","render_in_semantic_layer":false,"source_role":"building-footprint-inventory","building_class":"yes","height":null,"levels":null,"roof_shape":null}},{"type":"Feature","id":"district-osm-building-1006594179","geometry":{"type":"Polygon","coordinates":[[[-78.324366,44.3016143],[-78.3243601,44.3015478],[-78.3244914,44.3015419],[-78.3244973,44.3016084],[-78.324366,44.3016143]]]},"properties":{"id":"district-osm-building-1006594179","semantic_type":"building","source_id":"openstreetmap-way-1006594179","confidence":0.86,"review_status":"source-aligned","render_in_semantic_layer":false,"source_role":"building-footprint-inventory","building_class":"yes","height":null,"levels":null,"roof_shape":null}},{"type":"Feature","id":"district-osm-building-1006594180","geometry":{"type":"Polygon","coordinates":[[[-78.324484,44.301525],[-78.3244843,44.3015285],[-78.3243475,44.3015347],[-78.3243421,44.3014737],[-78.3244789,44.3014675],[-78.3244806,44.3014867],[-78.3245413,44.3014839],[-78.3245447,44.3015222],[-78.324484,44.301525]]]},"properties":{"id":"district-osm-building-1006594180","semantic_type":"building","source_id":"openstreetmap-way-1006594180","confidence":0.86,"review_status":"source-aligned","render_in_semantic_layer":false,"source_role":"building-footprint-inventory","building_class":"yes","height":null,"levels":null,"roof_shape":null}},{"type":"Feature","id":"district-osm-building-1006594181","geometry":{"type":"Polygon","coordinates":[[[-78.3243649,44.3014608],[-78.3243593,44.3013973],[-78.3244729,44.3013922],[-78.3244785,44.3014557],[-78.3243649,44.3014608]]]},"properties":{"id":"district-osm-building-1006594181","semantic_type":"building","source_id":"openstreetmap-way-1006594181","confidence":0.86,"review_status":"source-aligned","render_in_semantic_layer":false,"source_role":"building-footprint-inventory","building_class":"yes","height":null,"levels":null,"roof_shape":null}},{"type":"Feature","id":"district-osm-building-1006594182","geometry":{"type":"Polygon","coordinates":[[[-78.3244709,44.301336],[-78.3244733,44.3013633],[-78.324365,44.3013682],[-78.324361,44.3013235],[-78.3243388,44.3013245],[-78.3243366,44.3012991],[-78.3243587,44.3012981],[-78.3243552,44.3012579],[-78.3244635,44.301253],[-78.3244646,44.3012655],[-78.3244955,44.3012641],[-78.3245018,44.3013346],[-78.3244709,44.301336]]]},"properties":{"id":"district-osm-building-1006594182","semantic_type":"building","source_id":"openstreetmap-way-1006594182","confidence":0.86,"review_status":"source-aligned","render_in_semantic_layer":false,"source_role":"building-footprint-inventory","building_class":"yes","height":null,"levels":null,"roof_shape":null}},{"type":"Feature","id":"district-osm-building-1006594183","geometry":{"type":"Polygon","coordinates":[[[-78.3243408,44.3011959],[-78.3243348,44.3011281],[-78.3245326,44.3011191],[-78.3245386,44.3011869],[-78.3243408,44.3011959]]]},"properties":{"id":"district-osm-building-1006594183","semantic_type":"building","source_id":"openstreetmap-way-1006594183","confidence":0.86,"review_status":"source-aligned","render_in_semantic_layer":false,"source_role":"building-footprint-inventory","building_class":"yes","height":null,"levels":null,"roof_shape":null}},{"type":"Feature","id":"district-osm-building-1006594184","geometry":{"type":"Polygon","coordinates":[[[-78.3245078,44.3008175],[-78.3244803,44.3008187],[-78.3244721,44.300727],[-78.3245159,44.300725],[-78.3245136,44.3006985],[-78.3245607,44.3006963],[-78.3245631,44.3007228],[-78.3245762,44.3007222],[-78.3245843,44.300814],[-78.3245758,44.3008144],[-78.3245791,44.3008516],[-78.3245111,44.3008547],[-78.3245078,44.3008175]]]},"properties":{"id":"district-osm-building-1006594184","semantic_type":"building","source_id":"openstreetmap-way-1006594184","confidence":0.86,"review_status":"source-aligned","render_in_semantic_layer":false,"source_role":"building-footprint-inventory","building_class":"yes","height":null,"levels":null,"roof_shape":null}},{"type":"Feature","id":"district-osm-building-1006594185","geometry":{"type":"Polygon","coordinates":[[[-78.3246355,44.3008103],[-78.3246291,44.3008105],[-78.324621,44.3007187],[-78.3246311,44.3007183],[-78.3246295,44.3006999],[-78.3247089,44.3006963],[-78.3247106,44.3007147],[-78.3247237,44.3007141],[-78.3247318,44.3008059],[-78.3247226,44.3008063],[-78.3247263,44.3008483],[-78.3246392,44.3008523],[-78.3246355,44.3008103]]]},"properties":{"id":"district-osm-building-1006594185","semantic_type":"building","source_id":"openstreetmap-way-1006594185","confidence":0.86,"review_status":"source-aligned","render_in_semantic_layer":false,"source_role":"building-footprint-inventory","building_class":"yes","height":null,"levels":null,"roof_shape":null}},{"type":"Feature","id":"district-osm-building-1006594186","geometry":{"type":"Polygon","coordinates":[[[-78.3247944,44.3008099],[-78.3247706,44.300811],[-78.3247619,44.3007126],[-78.3247719,44.3007122],[-78.3247702,44.3006936],[-78.3248571,44.3006896],[-78.3248588,44.3007082],[-78.3248672,44.3007078],[-78.3248759,44.3008062],[-78.324868,44.3008066],[-78.3248724,44.3008562],[-78.3247988,44.3008595],[-78.3247944,44.3008099]]]},"properties":{"id":"district-osm-building-1006594186","semantic_type":"building","source_id":"openstreetmap-way-1006594186","confidence":0.86,"review_status":"source-aligned","render_in_semantic_layer":false,"source_role":"building-footprint-inventory","building_class":"yes","height":null,"levels":null,"roof_shape":null}},{"type":"Feature","id":"district-osm-building-1006594187","geometry":{"type":"Polygon","coordinates":[[[-78.3250436,44.3007475],[-78.3250925,44.3007453],[-78.3251,44.3008296],[-78.3249275,44.3008374],[-78.3249201,44.3007531],[-78.3249667,44.300751],[-78.3249651,44.3007328],[-78.325042,44.3007293],[-78.3250436,44.3007475]]]},"properties":{"id":"district-osm-building-1006594187","semantic_type":"building","source_id":"openstreetmap-way-1006594187","confidence":0.86,"review_status":"source-aligned","render_in_semantic_layer":false,"source_role":"building-footprint-inventory","building_class":"yes","height":null,"levels":null,"roof_shape":null}},{"type":"Feature","id":"district-osm-building-1006594188","geometry":{"type":"Polygon","coordinates":[[[-78.3254425,44.3007472],[-78.3254326,44.3006358],[-78.3256001,44.3006282],[-78.32561,44.3007396],[-78.3254425,44.3007472]]]},"properties":{"id":"district-osm-building-1006594188","semantic_type":"building","source_id":"openstreetmap-way-1006594188","confidence":0.86,"review_status":"source-aligned","render_in_semantic_layer":false,"source_role":"building-footprint-inventory","building_class":"yes","height":null,"levels":null,"roof_shape":null}},{"type":"Feature","id":"district-osm-building-1006594189","geometry":{"type":"Polygon","coordinates":[[[-78.3256524,44.3008254],[-78.3254549,44.3008344],[-78.3254486,44.300763],[-78.3256461,44.3007541],[-78.3256524,44.3008254]]]},"properties":{"id":"district-osm-building-1006594189","semantic_type":"building","source_id":"openstreetmap-way-1006594189","confidence":0.86,"review_status":"source-aligned","render_in_semantic_layer":false,"source_role":"building-footprint-inventory","building_class":"yes","height":null,"levels":null,"roof_shape":null}},{"type":"Feature","id":"district-osm-building-1006594190","geometry":{"type":"Polygon","coordinates":[[[-78.3254606,44.3010021],[-78.3254573,44.3009646],[-78.3256268,44.3009569],[-78.3257027,44.3009534],[-78.3257061,44.300991],[-78.3256301,44.3009944],[-78.325633,44.3010265],[-78.3254634,44.3010342],[-78.3254606,44.3010021]]]},"properties":{"id":"district-osm-building-1006594190","semantic_type":"building","source_id":"openstreetmap-way-1006594190","confidence":0.86,"review_status":"source-aligned","render_in_semantic_layer":false,"source_role":"building-footprint-inventory","building_class":"yes","height":null,"levels":null,"roof_shape":null}},{"type":"Feature","id":"district-osm-building-1006594191","geometry":{"type":"Polygon","coordinates":[[[-78.3254681,44.3010996],[-78.3254647,44.3010606],[-78.3256394,44.3010526],[-78.3256785,44.3010509],[-78.3256819,44.3010898],[-78.3256429,44.3010916],[-78.325645,44.3011158],[-78.3254702,44.3011237],[-78.3254681,44.3010996]]]},"properties":{"id":"district-osm-building-1006594191","semantic_type":"building","source_id":"openstreetmap-way-1006594191","confidence":0.86,"review_status":"source-aligned","render_in_semantic_layer":false,"source_role":"building-footprint-inventory","building_class":"yes","height":null,"levels":null,"roof_shape":null}},{"type":"Feature","id":"district-osm-building-1006594192","geometry":{"type":"Polygon","coordinates":[[[-78.3256597,44.301573],[-78.3257101,44.3015708],[-78.3257148,44.301624],[-78.3256644,44.3016263],[-78.3256687,44.3016742],[-78.3255284,44.3016806],[-78.3255181,44.3015651],[-78.3256584,44.3015587],[-78.3256597,44.301573]]]},"properties":{"id":"district-osm-building-1006594192","semantic_type":"building","source_id":"openstreetmap-way-1006594192","confidence":0.86,"review_status":"source-aligned","render_in_semantic_layer":false,"source_role":"building-footprint-inventory","building_class":"yes","height":null,"levels":null,"roof_shape":null}},{"type":"Feature","id":"district-osm-building-1006594193","geometry":{"type":"Polygon","coordinates":[[[-78.325837,44.3016771],[-78.3257483,44.3016811],[-78.3257379,44.301564],[-78.3258764,44.3015577],[-78.3258867,44.3016748],[-78.32588,44.3016751],[-78.3258818,44.3016959],[-78.3258388,44.3016979],[-78.325837,44.3016771]]]},"properties":{"id":"district-osm-building-1006594193","semantic_type":"building","source_id":"openstreetmap-way-1006594193","confidence":0.86,"review_status":"source-aligned","render_in_semantic_layer":false,"source_role":"building-footprint-inventory","building_class":"yes","height":null,"levels":null,"roof_shape":null}},{"type":"Feature","id":"district-osm-building-1006594194","geometry":{"type":"Polygon","coordinates":[[[-78.3270592,44.3014239],[-78.3270557,44.3013842],[-78.3271538,44.3013797],[-78.3271573,44.3014194],[-78.3270592,44.3014239]]]},"properties":{"id":"district-osm-building-1006594194","semantic_type":"building","source_id":"openstreetmap-way-1006594194","confidence":0.86,"review_status":"source-aligned","render_in_semantic_layer":false,"source_role":"building-footprint-inventory","building_class":"yes","height":null,"levels":null,"roof_shape":null}},{"type":"Feature","id":"district-osm-building-1006594199","geometry":{"type":"Polygon","coordinates":[[[-78.326728,44.3016517],[-78.3266844,44.3016537],[-78.3266809,44.3016149],[-78.3266509,44.3016163],[-78.3266478,44.3015819],[-78.3266779,44.3015805],[-78.326677,44.30157],[-78.3267206,44.301568],[-78.3267193,44.3015529],[-78.3268155,44.3015486],[-78.3268138,44.301529],[-78.3268945,44.3015253],[-78.3268976,44.3015601],[-78.3268722,44.3015613],[-78.3268796,44.3016449],[-78.326728,44.3016517]]]},"properties":{"id":"district-osm-building-1006594199","semantic_type":"building","source_id":"openstreetmap-way-1006594199","confidence":0.86,"review_status":"source-aligned","render_in_semantic_layer":false,"source_role":"building-footprint-inventory","building_class":"yes","height":null,"levels":null,"roof_shape":null}},{"type":"Feature","id":"district-osm-building-1006594200","geometry":{"type":"Polygon","coordinates":[[[-78.3267921,44.3013808],[-78.3266361,44.3013879],[-78.3266286,44.3013029],[-78.3267977,44.3012952],[-78.3267994,44.3013139],[-78.3268514,44.3013116],[-78.3268582,44.3013883],[-78.326793,44.3013912],[-78.3267921,44.3013808]]]},"properties":{"id":"district-osm-building-1006594200","semantic_type":"building","source_id":"openstreetmap-way-1006594200","confidence":0.86,"review_status":"source-aligned","render_in_semantic_layer":false,"source_role":"building-footprint-inventory","building_class":"yes","height":null,"levels":null,"roof_shape":null}},{"type":"Feature","id":"district-osm-building-1006594201","geometry":{"type":"Polygon","coordinates":[[[-78.32696,44.3013082],[-78.3269552,44.3012539],[-78.3270378,44.3012501],[-78.3270426,44.3013045],[-78.32696,44.3013082]]]},"properties":{"id":"district-osm-building-1006594201","semantic_type":"building","source_id":"openstreetmap-way-1006594201","confidence":0.86,"review_status":"source-aligned","render_in_semantic_layer":false,"source_role":"building-footprint-inventory","building_class":"yes","height":null,"levels":null,"roof_shape":null}},{"type":"Feature","id":"district-osm-building-1006594203","geometry":{"type":"Polygon","coordinates":[[[-78.3266442,44.301061],[-78.3266227,44.301062],[-78.3266152,44.300978],[-78.3266368,44.300977],[-78.3267622,44.3009713],[-78.3267635,44.3009866],[-78.3267963,44.3009851],[-78.3268004,44.3010318],[-78.3267677,44.3010333],[-78.3267696,44.3010553],[-78.3267749,44.3011149],[-78.3266495,44.3011206],[-78.3266442,44.301061]]]},"properties":{"id":"district-osm-building-1006594203","semantic_type":"building","source_id":"openstreetmap-way-1006594203","confidence":0.86,"review_status":"source-aligned","render_in_semantic_layer":false,"source_role":"building-footprint-inventory","building_class":"yes","height":null,"levels":null,"roof_shape":null}},{"type":"Feature","id":"district-osm-building-1006594204","geometry":{"type":"Polygon","coordinates":[[[-78.3268172,44.3007995],[-78.326812,44.3007408],[-78.3268929,44.3007371],[-78.3268981,44.3007958],[-78.3268172,44.3007995]]]},"properties":{"id":"district-osm-building-1006594204","semantic_type":"building","source_id":"openstreetmap-way-1006594204","confidence":0.86,"review_status":"source-aligned","render_in_semantic_layer":false,"source_role":"building-footprint-inventory","building_class":"yes","height":null,"levels":null,"roof_shape":null}},{"type":"Feature","id":"district-osm-building-1006594205","geometry":{"type":"Polygon","coordinates":[[[-78.3269077,44.3007275],[-78.3268946,44.3005803],[-78.3269821,44.3005764],[-78.3269952,44.3007235],[-78.3269077,44.3007275]]]},"properties":{"id":"district-osm-building-1006594205","semantic_type":"building","source_id":"openstreetmap-way-1006594205","confidence":0.86,"review_status":"source-aligned","render_in_semantic_layer":false,"source_role":"building-footprint-inventory","building_class":"yes","height":null,"levels":null,"roof_shape":null}},{"type":"Feature","id":"district-osm-building-1006594206","geometry":{"type":"Polygon","coordinates":[[[-78.3267682,44.3006898],[-78.3265463,44.3006999],[-78.3265354,44.3005774],[-78.3267573,44.3005673],[-78.3267682,44.3006898]]]},"properties":{"id":"district-osm-building-1006594206","semantic_type":"building","source_id":"openstreetmap-way-1006594206","confidence":0.86,"review_status":"source-aligned","render_in_semantic_layer":false,"source_role":"building-footprint-inventory","building_class":"yes","height":null,"levels":null,"roof_shape":null}},{"type":"Feature","id":"district-osm-building-1009651229","geometry":{"type":"Polygon","coordinates":[[[-78.3220576,44.3008994],[-78.3220375,44.3008849],[-78.3220388,44.3008662],[-78.3220562,44.3008528],[-78.3221126,44.3008489],[-78.3221152,44.3008974],[-78.3224151,44.3008868],[-78.3224161,44.3009018],[-78.3224277,44.3010707],[-78.3220581,44.3010836],[-78.3219087,44.3010889],[-78.3218971,44.3009201],[-78.3220465,44.3009148],[-78.3220455,44.3008998],[-78.3220576,44.3008994]]]},"properties":{"id":"district-osm-building-1009651229","semantic_type":"building","source_id":"openstreetmap-way-1009651229","confidence":0.86,"review_status":"source-aligned","render_in_semantic_layer":false,"source_role":"building-footprint-inventory","building_class":"yes","height":null,"levels":null,"roof_shape":null}},{"type":"Feature","id":"district-osm-building-1009651230","geometry":{"type":"Polygon","coordinates":[[[-78.3225015,44.3013044],[-78.3224981,44.3012294],[-78.3227026,44.3012247],[-78.3227032,44.3012366],[-78.3227432,44.3012357],[-78.3227427,44.3012253],[-78.3228099,44.3012237],[-78.3228104,44.3012341],[-78.3228663,44.3012329],[-78.3228694,44.3013022],[-78.3226946,44.3013063],[-78.3226943,44.3012999],[-78.3225015,44.3013044]]]},"properties":{"id":"district-osm-building-1009651230","semantic_type":"building","source_id":"openstreetmap-way-1009651230","confidence":0.86,"review_status":"source-aligned","render_in_semantic_layer":false,"source_role":"building-footprint-inventory","building_class":"yes","height":null,"levels":null,"roof_shape":null}},{"type":"Feature","id":"district-osm-building-1009651232","geometry":{"type":"Polygon","coordinates":[[[-78.31757,44.3017756],[-78.3175839,44.3017508],[-78.3176219,44.3017617],[-78.317672,44.3016723],[-78.3176334,44.3016612],[-78.3176515,44.3016288],[-78.3176635,44.3016074],[-78.3175799,44.3015834],[-78.3175498,44.301637],[-78.3174317,44.3016031],[-78.3173874,44.301682],[-78.3173824,44.301691],[-78.3174671,44.3017153],[-78.3174745,44.3017021],[-78.3175064,44.3017113],[-78.3174842,44.301751],[-78.31757,44.3017756]]]},"properties":{"id":"district-osm-building-1009651232","semantic_type":"building","source_id":"openstreetmap-way-1009651232","confidence":0.86,"review_status":"source-aligned","render_in_semantic_layer":false,"source_role":"building-footprint-inventory","building_class":"yes","height":null,"levels":null,"roof_shape":null}},{"type":"Feature","id":"district-osm-building-1009651233","geometry":{"type":"Polygon","coordinates":[[[-78.3184104,44.3016702],[-78.3183048,44.3016746],[-78.3183012,44.3016301],[-78.3184323,44.3016246],[-78.3184336,44.3016411],[-78.3184989,44.3016384],[-78.3185026,44.3016835],[-78.3184118,44.3016873],[-78.3184104,44.3016702]]]},"properties":{"id":"district-osm-building-1009651233","semantic_type":"building","source_id":"openstreetmap-way-1009651233","confidence":0.86,"review_status":"source-aligned","render_in_semantic_layer":false,"source_role":"building-footprint-inventory","building_class":"yes","height":null,"levels":null,"roof_shape":null}},{"type":"Feature","id":"district-osm-building-1009651235","geometry":{"type":"Polygon","coordinates":[[[-78.3191896,44.2991717],[-78.3189925,44.2991789],[-78.3189885,44.2991235],[-78.3191857,44.2991163],[-78.3191896,44.2991717]]]},"properties":{"id":"district-osm-building-1009651235","semantic_type":"building","source_id":"openstreetmap-way-1009651235","confidence":0.86,"review_status":"source-aligned","render_in_semantic_layer":false,"source_role":"building-footprint-inventory","building_class":"yes","height":null,"levels":null,"roof_shape":null}},{"type":"Feature","id":"district-osm-building-1009651236","geometry":{"type":"Polygon","coordinates":[[[-78.3192144,44.2991669],[-78.319201,44.2989725],[-78.3194298,44.2989644],[-78.3194432,44.2991588],[-78.3192144,44.2991669]]]},"properties":{"id":"district-osm-building-1009651236","semantic_type":"building","source_id":"openstreetmap-way-1009651236","confidence":0.86,"review_status":"source-aligned","render_in_semantic_layer":false,"source_role":"building-footprint-inventory","building_class":"yes","height":null,"levels":null,"roof_shape":null}},{"type":"Feature","id":"district-osm-building-1009651238","geometry":{"type":"Polygon","coordinates":[[[-78.3207312,44.3013624],[-78.3207205,44.3011959],[-78.3208734,44.3011909],[-78.3208841,44.3013574],[-78.3207312,44.3013624]]]},"properties":{"id":"district-osm-building-1009651238","semantic_type":"building","source_id":"openstreetmap-way-1009651238","confidence":0.86,"review_status":"source-aligned","render_in_semantic_layer":false,"source_role":"building-footprint-inventory","building_class":"yes","height":null,"levels":null,"roof_shape":null}},{"type":"Feature","id":"district-osm-building-1009651239","geometry":{"type":"Polygon","coordinates":[[[-78.3205896,44.3008493],[-78.3202702,44.30086],[-78.3203016,44.3013432],[-78.3204189,44.3013393],[-78.3204119,44.3012307],[-78.3204283,44.3012301],[-78.3204254,44.3011863],[-78.3205431,44.3011824],[-78.3205423,44.3011693],[-78.3206102,44.3011671],[-78.3205896,44.3008493]]]},"properties":{"id":"district-osm-building-1009651239","semantic_type":"building","source_id":"openstreetmap-way-1009651239","confidence":0.86,"review_status":"source-aligned","render_in_semantic_layer":false,"source_role":"building-footprint-inventory","building_class":"yes","height":null,"levels":null,"roof_shape":null}},{"type":"Feature","id":"district-osm-building-1009651240","geometry":{"type":"Polygon","coordinates":[[[-78.3205676,44.3019095],[-78.3204491,44.3019133],[-78.3204356,44.3016993],[-78.3205542,44.3016955],[-78.3205676,44.3019095]]]},"properties":{"id":"district-osm-building-1009651240","semantic_type":"building","source_id":"openstreetmap-way-1009651240","confidence":0.86,"review_status":"source-aligned","render_in_semantic_layer":false,"source_role":"building-footprint-inventory","building_class":"yes","height":null,"levels":null,"roof_shape":null}},{"type":"Feature","id":"district-osm-building-1009651241","geometry":{"type":"Polygon","coordinates":[[[-78.3206434,44.3019066],[-78.3206259,44.3017051],[-78.3208357,44.3016958],[-78.3208532,44.3018973],[-78.3206434,44.3019066]]]},"properties":{"id":"district-osm-building-1009651241","semantic_type":"building","source_id":"openstreetmap-way-1009651241","confidence":0.86,"review_status":"source-aligned","render_in_semantic_layer":false,"source_role":"building-footprint-inventory","building_class":"yes","height":null,"levels":null,"roof_shape":null}},{"type":"Feature","id":"district-osm-building-1009651242","geometry":{"type":"Polygon","coordinates":[[[-78.3198967,44.3016368],[-78.3199069,44.3017596],[-78.3202235,44.3017461],[-78.3202133,44.3016233],[-78.3198967,44.3016368]]]},"properties":{"id":"district-osm-building-1009651242","semantic_type":"building","source_id":"openstreetmap-way-1009651242","confidence":0.86,"review_status":"source-aligned","render_in_semantic_layer":false,"source_role":"building-footprint-inventory","building_class":"yes","height":null,"levels":null,"roof_shape":null}},{"type":"Feature","id":"district-osm-building-1009651243","geometry":{"type":"Polygon","coordinates":[[[-78.3198767,44.3013965],[-78.3198967,44.3016368],[-78.3202133,44.3016233],[-78.3202597,44.3016213],[-78.3202397,44.3013811],[-78.3198767,44.3013965]]]},"properties":{"id":"district-osm-building-1009651243","semantic_type":"building","source_id":"openstreetmap-way-1009651243","confidence":0.86,"review_status":"source-aligned","render_in_semantic_layer":false,"source_role":"building-footprint-inventory","building_class":"yes","height":null,"levels":null,"roof_shape":null}},{"type":"Feature","id":"district-osm-building-1009651244","geometry":{"type":"Polygon","coordinates":[[[-78.3198613,44.3012116],[-78.3198522,44.3011022],[-78.3202151,44.3010867],[-78.3202243,44.3011962],[-78.3198613,44.3012116]]]},"properties":{"id":"district-osm-building-1009651244","semantic_type":"building","source_id":"openstreetmap-way-1009651244","confidence":0.86,"review_status":"source-aligned","render_in_semantic_layer":false,"source_role":"building-footprint-inventory","building_class":"yes","height":null,"levels":null,"roof_shape":null}},{"type":"Feature","id":"district-osm-building-1009651245","geometry":{"type":"Polygon","coordinates":[[[-78.3198528,44.3009775],[-78.3198642,44.3010913],[-78.3199346,44.3010865],[-78.3199326,44.3010774],[-78.3200841,44.3010683],[-78.3200754,44.3009876],[-78.320009,44.3009891],[-78.3200067,44.3009737],[-78.3198528,44.3009775]]]},"properties":{"id":"district-osm-building-1009651245","semantic_type":"building","source_id":"openstreetmap-way-1009651245","confidence":0.86,"review_status":"source-aligned","render_in_semantic_layer":false,"source_role":"building-footprint-inventory","building_class":"yes","height":null,"levels":null,"roof_shape":null}},{"type":"Feature","id":"district-osm-building-1009651246","geometry":{"type":"Polygon","coordinates":[[[-78.3195819,44.301159],[-78.3191286,44.3011781],[-78.3191161,44.3010265],[-78.3195694,44.3010073],[-78.3195819,44.301159]]]},"properties":{"id":"district-osm-building-1009651246","semantic_type":"building","source_id":"openstreetmap-way-1009651246","confidence":0.86,"review_status":"source-aligned","render_in_semantic_layer":false,"source_role":"building-footprint-inventory","building_class":"yes","height":null,"levels":null,"roof_shape":null}},{"type":"Feature","id":"district-osm-building-1009651247","geometry":{"type":"Polygon","coordinates":[[[-78.3196101,44.3016552],[-78.319634,44.3019464],[-78.3192236,44.3019637],[-78.3191997,44.3016724],[-78.3196101,44.3016552]]]},"properties":{"id":"district-osm-building-1009651247","semantic_type":"building","source_id":"openstreetmap-way-1009651247","confidence":0.86,"review_status":"source-aligned","render_in_semantic_layer":false,"source_role":"building-footprint-inventory","building_class":"yes","height":null,"levels":null,"roof_shape":null}},{"type":"Feature","id":"district-osm-building-1009651249","geometry":{"type":"Polygon","coordinates":[[[-78.3211309,44.3018433],[-78.3211041,44.3014814],[-78.3215672,44.3014639],[-78.321594,44.3018257],[-78.3211309,44.3018433]]]},"properties":{"id":"district-osm-building-1009651249","semantic_type":"building","source_id":"openstreetmap-way-1009651249","confidence":0.86,"review_status":"source-aligned","render_in_semantic_layer":false,"source_role":"building-footprint-inventory","building_class":"yes","height":null,"levels":"5","roof_shape":null}},{"type":"Feature","id":"district-osm-building-1009651251","geometry":{"type":"Polygon","coordinates":[[[-78.3226316,44.3009867],[-78.3226195,44.3007885],[-78.322832,44.3007818],[-78.3228441,44.30098],[-78.3226316,44.3009867]]]},"properties":{"id":"district-osm-building-1009651251","semantic_type":"building","source_id":"openstreetmap-way-1009651251","confidence":0.86,"review_status":"source-aligned","render_in_semantic_layer":false,"source_role":"building-footprint-inventory","building_class":"yes","height":null,"levels":null,"roof_shape":null}},{"type":"Feature","id":"district-osm-building-1009651252","geometry":{"type":"Polygon","coordinates":[[[-78.3227377,44.301186],[-78.3226832,44.3011873],[-78.3226791,44.3010969],[-78.3227336,44.3010956],[-78.3227331,44.301083],[-78.3228535,44.3010802],[-78.3228587,44.3011941],[-78.3227382,44.3011969],[-78.3227377,44.301186]]]},"properties":{"id":"district-osm-building-1009651252","semantic_type":"building","source_id":"openstreetmap-way-1009651252","confidence":0.86,"review_status":"source-aligned","render_in_semantic_layer":false,"source_role":"building-footprint-inventory","building_class":"yes","height":null,"levels":null,"roof_shape":null}},{"type":"Feature","id":"district-osm-building-1009651254","geometry":{"type":"Polygon","coordinates":[[[-78.3229033,44.3015879],[-78.3229038,44.3016],[-78.3227498,44.3016035],[-78.3227497,44.301601],[-78.3226906,44.3016024],[-78.3226865,44.3015125],[-78.3227456,44.3015111],[-78.3227449,44.3014954],[-78.3228413,44.3014931],[-78.3228989,44.3014918],[-78.3229149,44.3014914],[-78.3229192,44.3015875],[-78.3229033,44.3015879]]]},"properties":{"id":"district-osm-building-1009651254","semantic_type":"building","source_id":"openstreetmap-way-1009651254","confidence":0.86,"review_status":"source-aligned","render_in_semantic_layer":false,"source_role":"building-footprint-inventory","building_class":"yes","height":null,"levels":null,"roof_shape":null}},{"type":"Feature","id":"district-osm-building-1009651255","geometry":{"type":"Polygon","coordinates":[[[-78.3229554,44.3017684],[-78.3228539,44.3017708],[-78.3228488,44.301659],[-78.3229504,44.3016567],[-78.3229554,44.3017684]]]},"properties":{"id":"district-osm-building-1009651255","semantic_type":"building","source_id":"openstreetmap-way-1009651255","confidence":0.86,"review_status":"source-aligned","render_in_semantic_layer":false,"source_role":"building-footprint-inventory","building_class":"yes","height":null,"levels":null,"roof_shape":null}},{"type":"Feature","id":"district-osm-building-1009651256","geometry":{"type":"Polygon","coordinates":[[[-78.3226792,44.301779],[-78.3225774,44.3017813],[-78.3225726,44.3016734],[-78.3226743,44.3016711],[-78.3226792,44.301779]]]},"properties":{"id":"district-osm-building-1009651256","semantic_type":"building","source_id":"openstreetmap-way-1009651256","confidence":0.86,"review_status":"source-aligned","render_in_semantic_layer":false,"source_role":"building-footprint-inventory","building_class":"yes","height":null,"levels":null,"roof_shape":null}},{"type":"Feature","id":"district-osm-building-1009651257","geometry":{"type":"Polygon","coordinates":[[[-78.3227234,44.3017732],[-78.3227181,44.3016542],[-78.3228297,44.3016516],[-78.3228351,44.3017706],[-78.3227234,44.3017732]]]},"properties":{"id":"district-osm-building-1009651257","semantic_type":"building","source_id":"openstreetmap-way-1009651257","confidence":0.86,"review_status":"source-aligned","render_in_semantic_layer":false,"source_role":"building-footprint-inventory","building_class":"yes","height":null,"levels":null,"roof_shape":null}},{"type":"Feature","id":"district-osm-building-1009651258","geometry":{"type":"Polygon","coordinates":[[[-78.3186706,44.3024024],[-78.3186015,44.3023956],[-78.3185747,44.3025319],[-78.3184366,44.3025382],[-78.3184406,44.3026058],[-78.3188134,44.302601],[-78.3188356,44.3025338],[-78.3188228,44.3025353],[-78.318845,44.302424],[-78.318735,44.30241],[-78.3186706,44.3024024]]]},"properties":{"id":"district-osm-building-1009651258","semantic_type":"building","source_id":"openstreetmap-way-1009651258","confidence":0.86,"review_status":"source-aligned","render_in_semantic_layer":false,"source_role":"building-footprint-inventory","building_class":"yes","height":null,"levels":null,"roof_shape":null}},{"type":"Feature","id":"district-osm-building-1009651259","geometry":{"type":"Polygon","coordinates":[[[-78.3192983,44.3022887],[-78.3192882,44.3021619],[-78.3196744,44.3021432],[-78.3196878,44.3022733],[-78.3196785,44.3022757],[-78.3192983,44.3022887]]]},"properties":{"id":"district-osm-building-1009651259","semantic_type":"building","source_id":"openstreetmap-way-1009651259","confidence":0.86,"review_status":"source-aligned","render_in_semantic_layer":false,"source_role":"building-footprint-inventory","building_class":"yes","height":"20","levels":"5","roof_shape":null}},{"type":"Feature","id":"district-osm-building-1009651260","geometry":{"type":"Polygon","coordinates":[[[-78.3196811,44.3024316],[-78.3196939,44.3024316],[-78.3196785,44.3022757],[-78.3192983,44.3022887],[-78.319148,44.3022939],[-78.3191085,44.3024542],[-78.3191487,44.3024537],[-78.3196811,44.3024316]]]},"properties":{"id":"district-osm-building-1009651260","semantic_type":"building","source_id":"openstreetmap-way-1009651260","confidence":0.86,"review_status":"source-aligned","render_in_semantic_layer":false,"source_role":"building-footprint-inventory","building_class":"yes","height":null,"levels":null,"roof_shape":null}},{"type":"Feature","id":"district-osm-building-1009651261","geometry":{"type":"Polygon","coordinates":[[[-78.3196968,44.302604],[-78.3196811,44.3024316],[-78.3191487,44.3024537],[-78.3191635,44.3026263],[-78.3196968,44.302604]]]},"properties":{"id":"district-osm-building-1009651261","semantic_type":"building","source_id":"openstreetmap-way-1009651261","confidence":0.86,"review_status":"source-aligned","render_in_semantic_layer":false,"source_role":"building-footprint-inventory","building_class":"yes","height":null,"levels":null,"roof_shape":null}},{"type":"Feature","id":"district-osm-building-1009651262","geometry":{"type":"Polygon","coordinates":[[[-78.3197162,44.3028417],[-78.3196968,44.302604],[-78.3191635,44.3026263],[-78.319083,44.3026297],[-78.3190849,44.3026527],[-78.3190667,44.3026535],[-78.3190718,44.3027157],[-78.3192298,44.3027091],[-78.3192334,44.3027532],[-78.3194664,44.3027435],[-78.31947,44.3027878],[-78.3194522,44.3027886],[-78.3194574,44.3028525],[-78.3197162,44.3028417]]]},"properties":{"id":"district-osm-building-1009651262","semantic_type":"building","source_id":"openstreetmap-way-1009651262","confidence":0.86,"review_status":"source-aligned","render_in_semantic_layer":false,"source_role":"building-footprint-inventory","building_class":"yes","height":null,"levels":null,"roof_shape":null}},{"type":"Feature","id":"district-osm-building-1009651264","geometry":{"type":"Polygon","coordinates":[[[-78.3197291,44.3029973],[-78.3197162,44.3028417],[-78.3194574,44.3028525],[-78.3192584,44.3028578],[-78.3192683,44.3030124],[-78.319346,44.3030099],[-78.3193733,44.3030092],[-78.3195517,44.3030034],[-78.3197291,44.3029973]]]},"properties":{"id":"district-osm-building-1009651264","semantic_type":"building","source_id":"openstreetmap-way-1009651264","confidence":0.86,"review_status":"source-aligned","render_in_semantic_layer":false,"source_role":"building-footprint-inventory","building_class":"yes","height":null,"levels":null,"roof_shape":null}},{"type":"Feature","id":"district-osm-building-1009651265","geometry":{"type":"Polygon","coordinates":[[[-78.3197361,44.3031469],[-78.3197291,44.3029973],[-78.3195517,44.3030034],[-78.3195517,44.3030175],[-78.3193737,44.3030236],[-78.3193733,44.3030092],[-78.319346,44.3030099],[-78.3193527,44.3031551],[-78.319353,44.3031594],[-78.3196103,44.303151],[-78.3197361,44.3031469]]]},"properties":{"id":"district-osm-building-1009651265","semantic_type":"building","source_id":"openstreetmap-way-1009651265","confidence":0.86,"review_status":"source-aligned","render_in_semantic_layer":false,"source_role":"building-footprint-inventory","building_class":"yes","height":null,"levels":"4","roof_shape":null}},{"type":"Feature","id":"district-osm-building-1009651266","geometry":{"type":"Polygon","coordinates":[[[-78.3197361,44.3031469],[-78.3197395,44.3032508],[-78.3197475,44.3033542],[-78.3189316,44.3033925],[-78.3189195,44.3032568],[-78.3189184,44.3032371],[-78.3190461,44.3032314],[-78.319044,44.3032094],[-78.3191236,44.3032077],[-78.3191231,44.303198],[-78.3191238,44.303198],[-78.3191232,44.3031908],[-78.3190902,44.3031595],[-78.3191378,44.3031323],[-78.3191714,44.303163],[-78.3191731,44.3031967],[-78.3191748,44.3031967],[-78.3191751,44.3032062],[-78.3191928,44.303206],[-78.3191801,44.3028593],[-78.3192584,44.3028578],[-78.3192683,44.3030124],[-78.3192828,44.3031583],[-78.3193476,44.3031554],[-78.3193527,44.3031551],[-78.319353,44.3031594],[-78.3196103,44.303151],[-78.3197361,44.3031469]]]},"properties":{"id":"district-osm-building-1009651266","semantic_type":"building","source_id":"openstreetmap-way-1009651266","confidence":0.86,"review_status":"source-aligned","render_in_semantic_layer":false,"source_role":"building-footprint-inventory","building_class":"yes","height":null,"levels":null,"roof_shape":null}},{"type":"Feature","id":"district-osm-building-1009651267","geometry":{"type":"Polygon","coordinates":[[[-78.319959,44.3026224],[-78.3199727,44.3027931],[-78.32034,44.302778],[-78.3203378,44.3027505],[-78.3204421,44.3027462],[-78.3204349,44.3026558],[-78.3206446,44.3026472],[-78.3206403,44.3025944],[-78.320475,44.3026012],[-78.3202659,44.3026098],[-78.319959,44.3026224]]]},"properties":{"id":"district-osm-building-1009651267","semantic_type":"building","source_id":"openstreetmap-way-1009651267","confidence":0.86,"review_status":"source-aligned","render_in_semantic_layer":false,"source_role":"building-footprint-inventory","building_class":"yes","height":null,"levels":null,"roof_shape":null}},{"type":"Feature","id":"district-osm-building-1009651268","geometry":{"type":"Polygon","coordinates":[[[-78.3199419,44.3024085],[-78.319959,44.3026224],[-78.3202659,44.3026098],[-78.3202617,44.3025578],[-78.3203169,44.3025555],[-78.3203119,44.3024938],[-78.3202199,44.3024976],[-78.3202119,44.3023974],[-78.3199419,44.3024085]]]},"properties":{"id":"district-osm-building-1009651268","semantic_type":"building","source_id":"openstreetmap-way-1009651268","confidence":0.86,"review_status":"source-aligned","render_in_semantic_layer":false,"source_role":"building-footprint-inventory","building_class":"yes","height":null,"levels":null,"roof_shape":null}},{"type":"Feature","id":"district-osm-building-1009651269","geometry":{"type":"Polygon","coordinates":[[[-78.3199292,44.3022505],[-78.3199419,44.3024085],[-78.3202119,44.3023974],[-78.320257,44.3023956],[-78.3202532,44.3023478],[-78.3203315,44.3023446],[-78.3203259,44.3022754],[-78.320145,44.3022828],[-78.3201417,44.3022418],[-78.3199292,44.3022505]]]},"properties":{"id":"district-osm-building-1009651269","semantic_type":"building","source_id":"openstreetmap-way-1009651269","confidence":0.86,"review_status":"source-aligned","render_in_semantic_layer":false,"source_role":"building-footprint-inventory","building_class":"yes","height":null,"levels":null,"roof_shape":null}},{"type":"Feature","id":"district-osm-building-1009651270","geometry":{"type":"Polygon","coordinates":[[[-78.3199292,44.3022505],[-78.3199199,44.3021347],[-78.3203288,44.3021179],[-78.320338,44.3022337],[-78.3201417,44.3022418],[-78.3199292,44.3022505]]]},"properties":{"id":"district-osm-building-1009651270","semantic_type":"building","source_id":"openstreetmap-way-1009651270","confidence":0.86,"review_status":"source-aligned","render_in_semantic_layer":false,"source_role":"building-footprint-inventory","building_class":"yes","height":null,"levels":"5","roof_shape":null}},{"type":"Feature","id":"district-osm-building-1009651272","geometry":{"type":"Polygon","coordinates":[[[-78.3204299,44.3030506],[-78.3202541,44.3030585],[-78.3202587,44.303111],[-78.3199958,44.3031229],[-78.320017,44.3033636],[-78.3204558,44.3033437],[-78.3204299,44.3030506]]]},"properties":{"id":"district-osm-building-1009651272","semantic_type":"building","source_id":"openstreetmap-way-1009651272","confidence":0.86,"review_status":"source-aligned","render_in_semantic_layer":false,"source_role":"building-footprint-inventory","building_class":"yes","height":null,"levels":null,"roof_shape":null}},{"type":"Feature","id":"district-osm-building-1009651273","geometry":{"type":"Polygon","coordinates":[[[-78.3207138,44.3033321],[-78.3204558,44.3033437],[-78.3204299,44.3030506],[-78.3204224,44.3029655],[-78.3205562,44.3029594],[-78.3205548,44.3029433],[-78.320679,44.3029376],[-78.3207138,44.3033321]]]},"properties":{"id":"district-osm-building-1009651273","semantic_type":"building","source_id":"openstreetmap-way-1009651273","confidence":0.86,"review_status":"source-aligned","render_in_semantic_layer":false,"source_role":"building-footprint-inventory","building_class":"yes","height":null,"levels":null,"roof_shape":null}},{"type":"Feature","id":"district-osm-building-1009651274","geometry":{"type":"Polygon","coordinates":[[[-78.3209723,44.3033204],[-78.3207138,44.3033321],[-78.320679,44.3029376],[-78.3206669,44.3028006],[-78.3207948,44.3027949],[-78.3207985,44.3028374],[-78.3208278,44.3028361],[-78.3208237,44.3027899],[-78.3209251,44.3027853],[-78.3209266,44.3028018],[-78.3209723,44.3033204]]]},"properties":{"id":"district-osm-building-1009651274","semantic_type":"building","source_id":"openstreetmap-way-1009651274","confidence":0.86,"review_status":"source-aligned","render_in_semantic_layer":false,"source_role":"building-footprint-inventory","building_class":"yes","height":null,"levels":null,"roof_shape":null}},{"type":"Feature","id":"district-osm-building-1009651275","geometry":{"type":"Polygon","coordinates":[[[-78.3211449,44.3031768],[-78.3211103,44.3031783],[-78.3210765,44.3027951],[-78.3209266,44.3028018],[-78.3209723,44.3033204],[-78.3211569,44.303312],[-78.3211449,44.3031768]]]},"properties":{"id":"district-osm-building-1009651275","semantic_type":"building","source_id":"openstreetmap-way-1009651275","confidence":0.86,"review_status":"source-aligned","render_in_semantic_layer":false,"source_role":"building-footprint-inventory","building_class":"yes","height":null,"levels":null,"roof_shape":null}},{"type":"Feature","id":"district-osm-building-1009651276","geometry":{"type":"Polygon","coordinates":[[[-78.3213497,44.3033033],[-78.3213377,44.3031681],[-78.3211449,44.3031768],[-78.3211569,44.303312],[-78.3213497,44.3033033]]]},"properties":{"id":"district-osm-building-1009651276","semantic_type":"building","source_id":"openstreetmap-way-1009651276","confidence":0.86,"review_status":"source-aligned","render_in_semantic_layer":false,"source_role":"building-footprint-inventory","building_class":"yes","height":null,"levels":null,"roof_shape":null}},{"type":"Feature","id":"district-osm-building-1009651277","geometry":{"type":"Polygon","coordinates":[[[-78.3214919,44.3032771],[-78.3220437,44.3032543],[-78.3220377,44.30318],[-78.3220668,44.3031787],[-78.3220258,44.3026718],[-78.3218079,44.3026808],[-78.3218417,44.303099],[-78.321695,44.3031051],[-78.321661,44.3026844],[-78.3214447,44.3026933],[-78.3214919,44.3032771]]]},"properties":{"id":"district-osm-building-1009651277","semantic_type":"building","source_id":"openstreetmap-way-1009651277","confidence":0.86,"review_status":"source-aligned","render_in_semantic_layer":false,"source_role":"building-footprint-inventory","building_class":"yes","height":null,"levels":null,"roof_shape":null}},{"type":"Feature","id":"district-osm-building-1009651279","geometry":{"type":"Polygon","coordinates":[[[-78.3229085,44.3023347],[-78.3227415,44.3023419],[-78.3227347,44.3022611],[-78.3229017,44.3022539],[-78.3229085,44.3023347]]]},"properties":{"id":"district-osm-building-1009651279","semantic_type":"building","source_id":"openstreetmap-way-1009651279","confidence":0.86,"review_status":"source-aligned","render_in_semantic_layer":false,"source_role":"building-footprint-inventory","building_class":"yes","height":null,"levels":null,"roof_shape":null}},{"type":"Feature","id":"district-osm-building-1009651280","geometry":{"type":"Polygon","coordinates":[[[-78.3228341,44.3019971],[-78.3227085,44.302003],[-78.322721,44.3021395],[-78.3228466,44.3021336],[-78.3228341,44.3019971]]]},"properties":{"id":"district-osm-building-1009651280","semantic_type":"building","source_id":"openstreetmap-way-1009651280","confidence":0.86,"review_status":"source-aligned","render_in_semantic_layer":false,"source_role":"building-footprint-inventory","building_class":"yes","height":null,"levels":null,"roof_shape":null}},{"type":"Feature","id":"district-osm-building-1009651281","geometry":{"type":"Polygon","coordinates":[[[-78.3228475,44.3021437],[-78.3228466,44.3021336],[-78.3228341,44.3019971],[-78.3229802,44.3019902],[-78.3229936,44.3021368],[-78.3228475,44.3021437]]]},"properties":{"id":"district-osm-building-1009651281","semantic_type":"building","source_id":"openstreetmap-way-1009651281","confidence":0.86,"review_status":"source-aligned","render_in_semantic_layer":false,"source_role":"building-footprint-inventory","building_class":"yes","height":null,"levels":null,"roof_shape":null}},{"type":"Feature","id":"district-osm-building-1009651282","geometry":{"type":"Polygon","coordinates":[[[-78.3228945,44.303091],[-78.3228851,44.3029403],[-78.3228663,44.3029393],[-78.3228569,44.3027282],[-78.3228086,44.3027263],[-78.3228194,44.3026898],[-78.3226316,44.3026917],[-78.3226378,44.3027963],[-78.3226558,44.3031006],[-78.3226952,44.3030994],[-78.3228945,44.303091]]]},"properties":{"id":"district-osm-building-1009651282","semantic_type":"building","source_id":"openstreetmap-way-1009651282","confidence":0.86,"review_status":"source-aligned","render_in_semantic_layer":false,"source_role":"building-footprint-inventory","building_class":"yes","height":null,"levels":null,"roof_shape":null}},{"type":"Feature","id":"district-osm-building-1030723259","geometry":{"type":"Polygon","coordinates":[[[-78.3174083,44.3040537],[-78.317407,44.3040277],[-78.3174445,44.3040263],[-78.3174371,44.3039365],[-78.3173164,44.3039416],[-78.3173235,44.3040311],[-78.3173483,44.3040296],[-78.31735,44.3040565],[-78.3174083,44.3040537]]]},"properties":{"id":"district-osm-building-1030723259","semantic_type":"building","source_id":"openstreetmap-way-1030723259","confidence":0.86,"review_status":"source-aligned","render_in_semantic_layer":false,"source_role":"building-footprint-inventory","building_class":"roof","height":null,"levels":"2","roof_shape":null}},{"type":"Feature","id":"district-osm-building-1031657710","geometry":{"type":"Polygon","coordinates":[[[-78.3271424,44.3028839],[-78.3271363,44.3027971],[-78.3268752,44.3028059],[-78.3268815,44.302894],[-78.3271424,44.3028839]]]},"properties":{"id":"district-osm-building-1031657710","semantic_type":"building","source_id":"openstreetmap-way-1031657710","confidence":0.86,"review_status":"source-aligned","render_in_semantic_layer":false,"source_role":"building-footprint-inventory","building_class":"yes","height":null,"levels":"1","roof_shape":null}},{"type":"Feature","id":"district-osm-building-1031657716","geometry":{"type":"Polygon","coordinates":[[[-78.3209733,44.3038046],[-78.3209691,44.3038432],[-78.3209625,44.3039041],[-78.3209321,44.3039054],[-78.3209398,44.3038438],[-78.3209445,44.3038057],[-78.3209733,44.3038046]]]},"properties":{"id":"district-osm-building-1031657716","semantic_type":"building","source_id":"openstreetmap-way-1031657716","confidence":0.86,"review_status":"source-aligned","render_in_semantic_layer":false,"source_role":"building-footprint-inventory","building_class":"yes","height":null,"levels":"2","roof_shape":null}},{"type":"Feature","id":"district-osm-building-1032058436","geometry":{"type":"Polygon","coordinates":[[[-78.3185036,44.2982211],[-78.3185523,44.2981987],[-78.3185499,44.2981567],[-78.3184943,44.2981366],[-78.3184973,44.2981249],[-78.3185013,44.2981254],[-78.3185134,44.2980784],[-78.3184736,44.2980732],[-78.3184612,44.2981187],[-78.3184545,44.2981178],[-78.3184471,44.2981429],[-78.3184783,44.2981476],[-78.3184572,44.298156],[-78.3184621,44.2981642],[-78.3184487,44.2981591],[-78.318452,44.2982019],[-78.3185036,44.2982211]]]},"properties":{"id":"district-osm-building-1032058436","semantic_type":"building","source_id":"openstreetmap-way-1032058436","confidence":0.86,"review_status":"source-aligned","render_in_semantic_layer":false,"source_role":"building-footprint-inventory","building_class":"yes","height":null,"levels":"1","roof_shape":null}},{"type":"Feature","id":"district-osm-building-1032058989","geometry":{"type":"Polygon","coordinates":[[[-78.3198226,44.2994447],[-78.3198166,44.2993579],[-78.3198662,44.2993555],[-78.3198655,44.2993396],[-78.3201147,44.2993305],[-78.3201234,44.2994332],[-78.3198226,44.2994447]]]},"properties":{"id":"district-osm-building-1032058989","semantic_type":"building","source_id":"openstreetmap-way-1032058989","confidence":0.86,"review_status":"source-aligned","render_in_semantic_layer":false,"source_role":"building-footprint-inventory","building_class":"yes","height":null,"levels":"3","roof_shape":null}},{"type":"Feature","id":"district-osm-building-1135935005","geometry":{"type":"Polygon","coordinates":[[[-78.3225984,44.3024705],[-78.3225555,44.3024801],[-78.3225001,44.3024916],[-78.3224498,44.3023856],[-78.3224653,44.3023817],[-78.3224445,44.3023342],[-78.3224929,44.302325],[-78.3225893,44.3023078],[-78.3225984,44.3024705]]]},"properties":{"id":"district-osm-building-1135935005","semantic_type":"building","source_id":"openstreetmap-way-1135935005","confidence":0.86,"review_status":"source-aligned","render_in_semantic_layer":false,"source_role":"building-footprint-inventory","building_class":"yes","height":null,"levels":"2","roof_shape":null}},{"type":"Feature","id":"district-curb-8-3877","geometry":{"type":"LineString","coordinates":[[-78.32271714273736,44.29739927612689],[-78.32271350894963,44.297346122165386]]},"properties":{"id":"district-curb-8-3877","semantic_type":"curb","source_id":"city-of-peterborough-8/3877","confidence":0.98,"review_status":"source-aligned","render_in_semantic_layer":false,"source_role":"authoritative-curb-edge"}},{"type":"Feature","id":"district-curb-8-3949","geometry":{"type":"LineString","coordinates":[[-78.32629492036621,44.29791315296346],[-78.32629487243291,44.29791255225504]]},"properties":{"id":"district-curb-8-3949","semantic_type":"curb","source_id":"city-of-peterborough-8/3949","confidence":0.98,"review_status":"source-aligned","render_in_semantic_layer":false,"source_role":"authoritative-curb-edge"}},{"type":"Feature","id":"district-curb-8-3954","geometry":{"type":"LineString","coordinates":[[-78.32629487243291,44.29791255225504],[-78.32629977005575,44.29793030073264]]},"properties":{"id":"district-curb-8-3954","semantic_type":"curb","source_id":"city-of-peterborough-8/3954","confidence":0.98,"review_status":"source-aligned","render_in_semantic_layer":false,"source_role":"authoritative-curb-edge"}},{"type":"Feature","id":"district-curb-8-3961","geometry":{"type":"LineString","coordinates":[[-78.32614270598746,44.297963654675115],[-78.32614118030133,44.297965506821356]]},"properties":{"id":"district-curb-8-3961","semantic_type":"curb","source_id":"city-of-peterborough-8/3961","confidence":0.98,"review_status":"source-aligned","render_in_semantic_layer":false,"source_role":"authoritative-curb-edge"}},{"type":"Feature","id":"district-curb-8-3963","geometry":{"type":"LineString","coordinates":[[-78.32726332036054,44.29794404949793],[-78.32725176111973,44.297945658624705],[-78.32639702015359,44.297981967876495]]},"properties":{"id":"district-curb-8-3963","semantic_type":"curb","source_id":"city-of-peterborough-8/3963","confidence":0.98,"review_status":"source-aligned","render_in_semantic_layer":false,"source_role":"authoritative-curb-edge"}},{"type":"Feature","id":"district-curb-8-3964","geometry":{"type":"LineString","coordinates":[[-78.32639702015359,44.297981967876495],[-78.32638122483873,44.297980989326284],[-78.32636582038828,44.29797827698919],[-78.32635117568763,44.29797390612625],[-78.32633764244478,44.29796797140249],[-78.32632553635226,44.29796061525449],[-78.32631514166066,44.29795200999193],[-78.32630671331529,44.297942365950234],[-78.32629977005575,44.29793030073264]]},"properties":{"id":"district-curb-8-3964","semantic_type":"curb","source_id":"city-of-peterborough-8/3964","confidence":0.98,"review_status":"source-aligned","render_in_semantic_layer":false,"source_role":"authoritative-curb-edge"}},{"type":"Feature","id":"district-curb-8-3985","geometry":{"type":"LineString","coordinates":[[-78.32519797984868,44.29803141934322],[-78.32518313943783,44.298025398034724],[-78.32517039953709,44.29801709602411],[-78.3251601052973,44.298006393560385],[-78.32515331186202,44.29799351883243]]},"properties":{"id":"district-curb-8-3985","semantic_type":"curb","source_id":"city-of-peterborough-8/3985","confidence":0.98,"review_status":"source-aligned","render_in_semantic_layer":false,"source_role":"authoritative-curb-edge"}},{"type":"Feature","id":"district-curb-8-3987","geometry":{"type":"LineString","coordinates":[[-78.32614118030133,44.297965506821356],[-78.32613331873671,44.297975125803966],[-78.32612238023266,44.29798332589295],[-78.32611123708047,44.297989352415556],[-78.32609100859086,44.297996033983324],[-78.3260624040148,44.298001002367336],[-78.3252383980981,44.2980355246225]]},"properties":{"id":"district-curb-8-3987","semantic_type":"curb","source_id":"city-of-peterborough-8/3987","confidence":0.98,"review_status":"source-aligned","render_in_semantic_layer":false,"source_role":"authoritative-curb-edge"}},{"type":"Feature","id":"district-curb-8-3988","geometry":{"type":"LineString","coordinates":[[-78.3252383980981,44.2980355246225],[-78.32523177053602,44.298035802357056]]},"properties":{"id":"district-curb-8-3988","semantic_type":"curb","source_id":"city-of-peterborough-8/3988","confidence":0.98,"review_status":"source-aligned","render_in_semantic_layer":false,"source_role":"authoritative-curb-edge"}},{"type":"Feature","id":"district-curb-8-3989","geometry":{"type":"LineString","coordinates":[[-78.32523177053602,44.298035802357056],[-78.32521311835738,44.2980347972143],[-78.32519797984868,44.29803141934322]]},"properties":{"id":"district-curb-8-3989","semantic_type":"curb","source_id":"city-of-peterborough-8/3989","confidence":0.98,"review_status":"source-aligned","render_in_semantic_layer":false,"source_role":"authoritative-curb-edge"}},{"type":"Feature","id":"district-curb-8-3994","geometry":{"type":"LineString","coordinates":[[-78.32501000846534,44.29753823786428],[-78.32504100179617,44.29799589705647],[-78.32503824246784,44.29800542216326],[-78.32503314957856,44.298014438844525],[-78.32502588695776,44.29802265204659],[-78.32501669726913,44.298029797372095],[-78.32499994746281,44.29803801871799],[-78.3249745189189,44.298045863825],[-78.3249584721592,44.29804661222163]]},"properties":{"id":"district-curb-8-3994","semantic_type":"curb","source_id":"city-of-peterborough-8/3994","confidence":0.98,"review_status":"source-aligned","render_in_semantic_layer":false,"source_role":"authoritative-curb-edge"}},{"type":"Feature","id":"district-curb-8-4003","geometry":{"type":"LineString","coordinates":[[-78.32631318756899,44.298126767746965],[-78.32631839435709,44.29811292007966],[-78.32632519549733,44.29810252631416],[-78.32633411982289,44.29809299523079],[-78.32634495911059,44.298084550622676],[-78.32635746003106,44.29807738821812],[-78.32637133295512,44.298071674986616],[-78.32638625470307,44.298067543801494],[-78.32640187747364,44.29806509004816],[-78.32667235284748,44.29805466344847],[-78.32698564829458,44.298038733518716],[-78.32726594182371,44.29802953563126]]},"properties":{"id":"district-curb-8-4003","semantic_type":"curb","source_id":"city-of-peterborough-8/4003","confidence":0.98,"review_status":"source-aligned","render_in_semantic_layer":false,"source_role":"authoritative-curb-edge"}},{"type":"Feature","id":"district-curb-8-4008","geometry":{"type":"LineString","coordinates":[[-78.3249584721592,44.29804661222163],[-78.32404443822364,44.29808537648801]]},"properties":{"id":"district-curb-8-4008","semantic_type":"curb","source_id":"city-of-peterborough-8/4008","confidence":0.98,"review_status":"source-aligned","render_in_semantic_layer":false,"source_role":"authoritative-curb-edge"}},{"type":"Feature","id":"district-curb-8-4010","geometry":{"type":"LineString","coordinates":[[-78.32271714273736,44.29739927612689],[-78.32275995372575,44.2980531965742],[-78.3227595876724,44.29806345206612]]},"properties":{"id":"district-curb-8-4010","semantic_type":"curb","source_id":"city-of-peterborough-8/4010","confidence":0.98,"review_status":"source-aligned","render_in_semantic_layer":false,"source_role":"authoritative-curb-edge"}},{"type":"Feature","id":"district-curb-8-4011","geometry":{"type":"LineString","coordinates":[[-78.32404443822364,44.29808537648801],[-78.32387522905996,44.298092951195514]]},"properties":{"id":"district-curb-8-4011","semantic_type":"curb","source_id":"city-of-peterborough-8/4011","confidence":0.98,"review_status":"source-aligned","render_in_semantic_layer":false,"source_role":"authoritative-curb-edge"}},{"type":"Feature","id":"district-curb-8-4013","geometry":{"type":"LineString","coordinates":[[-78.32519063689102,44.29812931103892],[-78.3252084438067,44.2981207228147],[-78.32522121852926,44.29811727699951],[-78.32523464228844,44.29811552090983],[-78.3260932814888,44.29808126349891],[-78.32610699423849,44.29808291442881],[-78.32612660396981,44.298088284800265],[-78.3261383106206,44.29809292627495],[-78.32614834090097,44.2980989563226],[-78.32615708980768,44.2981058476301],[-78.32616441436623,44.29811404338687],[-78.32616953845643,44.29812423753376],[-78.32617122918259,44.29813183497765]]},"properties":{"id":"district-curb-8-4013","semantic_type":"curb","source_id":"city-of-peterborough-8/4013","confidence":0.98,"review_status":"source-aligned","render_in_semantic_layer":false,"source_role":"authoritative-curb-edge"}},{"type":"Feature","id":"district-curb-8-4019","geometry":{"type":"LineString","coordinates":[[-78.3227595876724,44.29806345206612],[-78.32275312981201,44.29808268540338]]},"properties":{"id":"district-curb-8-4019","semantic_type":"curb","source_id":"city-of-peterborough-8/4019","confidence":0.98,"review_status":"source-aligned","render_in_semantic_layer":false,"source_role":"authoritative-curb-edge"}},{"type":"Feature","id":"district-curb-8-4021","geometry":{"type":"LineString","coordinates":[[-78.32519063689102,44.29812931103892],[-78.325177916651,44.29813983521838],[-78.32517142285421,44.29814845356519]]},"properties":{"id":"district-curb-8-4021","semantic_type":"curb","source_id":"city-of-peterborough-8/4021","confidence":0.98,"review_status":"source-aligned","render_in_semantic_layer":false,"source_role":"authoritative-curb-edge"}},{"type":"Feature","id":"district-curb-8-4025","geometry":{"type":"LineString","coordinates":[[-78.3250515165781,44.29816660133472],[-78.32504376708523,44.29815609083517],[-78.32503508493743,44.29814853300005]]},"properties":{"id":"district-curb-8-4025","semantic_type":"curb","source_id":"city-of-peterborough-8/4025","confidence":0.98,"review_status":"source-aligned","render_in_semantic_layer":false,"source_role":"authoritative-curb-edge"}},{"type":"Feature","id":"district-curb-8-4026","geometry":{"type":"LineString","coordinates":[[-78.32387522905996,44.298092951195514],[-78.32319537766874,44.29812337757866]]},"properties":{"id":"district-curb-8-4026","semantic_type":"curb","source_id":"city-of-peterborough-8/4026","confidence":0.98,"review_status":"source-aligned","render_in_semantic_layer":false,"source_role":"authoritative-curb-edge"}},{"type":"Feature","id":"district-curb-8-4028","geometry":{"type":"LineString","coordinates":[[-78.32275312981201,44.29808268540338],[-78.32274038213056,44.298102377104904],[-78.32272066070335,44.29811984180111]]},"properties":{"id":"district-curb-8-4028","semantic_type":"curb","source_id":"city-of-peterborough-8/4028","confidence":0.98,"review_status":"source-aligned","render_in_semantic_layer":false,"source_role":"authoritative-curb-edge"}},{"type":"Feature","id":"district-curb-8-4029","geometry":{"type":"LineString","coordinates":[[-78.32319537766874,44.29812337757866],[-78.32305611539218,44.29812957548523]]},"properties":{"id":"district-curb-8-4029","semantic_type":"curb","source_id":"city-of-peterborough-8/4029","confidence":0.98,"review_status":"source-aligned","render_in_semantic_layer":false,"source_role":"authoritative-curb-edge"}},{"type":"Feature","id":"district-curb-8-4031","geometry":{"type":"LineString","coordinates":[[-78.32300653088363,44.29812944976482],[-78.32297770813439,44.29812335683529],[-78.32295242147946,44.29811249792748],[-78.3229311258278,44.29809668295027],[-78.32291417436055,44.29807735253237]]},"properties":{"id":"district-curb-8-4031","semantic_type":"curb","source_id":"city-of-peterborough-8/4031","confidence":0.98,"review_status":"source-aligned","render_in_semantic_layer":false,"source_role":"authoritative-curb-edge"}},{"type":"Feature","id":"district-curb-8-4032","geometry":{"type":"LineString","coordinates":[[-78.32305611539218,44.29812957548523],[-78.32302485556652,44.29813051690976],[-78.32300653088363,44.29812944976482]]},"properties":{"id":"district-curb-8-4032","semantic_type":"curb","source_id":"city-of-peterborough-8/4032","confidence":0.98,"review_status":"source-aligned","render_in_semantic_layer":false,"source_role":"authoritative-curb-edge"}},{"type":"Feature","id":"district-curb-8-4034","geometry":{"type":"LineString","coordinates":[[-78.32503508493743,44.29814853300005],[-78.32502272371961,44.29814017322654],[-78.3250065382794,44.29813354419704],[-78.32498910109483,44.29813051755556],[-78.32495968424658,44.29812916377597],[-78.32413466889052,44.29816576374497]]},"properties":{"id":"district-curb-8-4034","semantic_type":"curb","source_id":"city-of-peterborough-8/4034","confidence":0.98,"review_status":"source-aligned","render_in_semantic_layer":false,"source_role":"authoritative-curb-edge"}},{"type":"Feature","id":"district-curb-8-4036","geometry":{"type":"LineString","coordinates":[[-78.32409420437256,44.29817459129376],[-78.32409430457923,44.29817453782558]]},"properties":{"id":"district-curb-8-4036","semantic_type":"curb","source_id":"city-of-peterborough-8/4036","confidence":0.98,"review_status":"source-aligned","render_in_semantic_layer":false,"source_role":"authoritative-curb-edge"}},{"type":"Feature","id":"district-curb-8-4037","geometry":{"type":"LineString","coordinates":[[-78.32272066070335,44.29811984180111],[-78.32270201697459,44.2981289060627],[-78.32268280925753,44.29813556955393],[-78.32266133334895,44.29814042519845],[-78.32264027444226,44.29814286436874]]},"properties":{"id":"district-curb-8-4037","semantic_type":"curb","source_id":"city-of-peterborough-8/4037","confidence":0.98,"review_status":"source-aligned","render_in_semantic_layer":false,"source_role":"authoritative-curb-edge"}},{"type":"Feature","id":"district-curb-8-4045","geometry":{"type":"LineString","coordinates":[[-78.32380387156688,44.298182734858734],[-78.3235388494013,44.298192993523145],[-78.32308748220744,44.29821254973664]]},"properties":{"id":"district-curb-8-4045","semantic_type":"curb","source_id":"city-of-peterborough-8/4045","confidence":0.98,"review_status":"source-aligned","render_in_semantic_layer":false,"source_role":"authoritative-curb-edge"}},{"type":"Feature","id":"district-curb-8-4047","geometry":{"type":"LineString","coordinates":[[-78.32299505203956,44.29822081902986],[-78.32302142801443,44.298215936894245],[-78.32308748220744,44.29821254973664]]},"properties":{"id":"district-curb-8-4047","semantic_type":"curb","source_id":"city-of-peterborough-8/4047","confidence":0.98,"review_status":"source-aligned","render_in_semantic_layer":false,"source_role":"authoritative-curb-edge"}},{"type":"Feature","id":"district-curb-8-4052","geometry":{"type":"LineString","coordinates":[[-78.32293505428595,44.298259895676345],[-78.32294720721188,44.29824686016966],[-78.32296309831274,44.298235145712326],[-78.32297828700548,44.29822691416299],[-78.32299505203956,44.29822081902986]]},"properties":{"id":"district-curb-8-4052","semantic_type":"curb","source_id":"city-of-peterborough-8/4052","confidence":0.98,"review_status":"source-aligned","render_in_semantic_layer":false,"source_role":"authoritative-curb-edge"}},{"type":"Feature","id":"district-curb-8-4054","geometry":{"type":"LineString","coordinates":[[-78.32272326397165,44.2982320469728],[-78.32273504091934,44.298236570708355],[-78.32274645405784,44.29824272711783],[-78.32276438328256,44.2982577294458]]},"properties":{"id":"district-curb-8-4054","semantic_type":"curb","source_id":"city-of-peterborough-8/4054","confidence":0.98,"review_status":"source-aligned","render_in_semantic_layer":false,"source_role":"authoritative-curb-edge"}},{"type":"Feature","id":"district-curb-8-4056","geometry":{"type":"LineString","coordinates":[[-78.3215586579951,44.2982898760281],[-78.32157996823325,44.29827910367412],[-78.32160224181479,44.29827123841306],[-78.3216259224545,44.29826589543337],[-78.32165169686638,44.29826313496075],[-78.3226962134005,44.298228910639885],[-78.32270973867989,44.298229472745575],[-78.32272326397165,44.2982320469728]]},"properties":{"id":"district-curb-8-4056","semantic_type":"curb","source_id":"city-of-peterborough-8/4056","confidence":0.98,"review_status":"source-aligned","render_in_semantic_layer":false,"source_role":"authoritative-curb-edge"}},{"type":"Feature","id":"district-curb-8-4069","geometry":{"type":"LineString","coordinates":[[-78.3215586579951,44.2982898760281],[-78.32154376946252,44.29830043264862],[-78.32153420059485,44.298310777388195],[-78.32152872986678,44.29831929709484],[-78.3215195197233,44.29833961183368],[-78.32151448704472,44.29835580679072]]},"properties":{"id":"district-curb-8-4069","semantic_type":"curb","source_id":"city-of-peterborough-8/4069","confidence":0.98,"review_status":"source-aligned","render_in_semantic_layer":false,"source_role":"authoritative-curb-edge"}},{"type":"Feature","id":"district-curb-8-4080","geometry":{"type":"LineString","coordinates":[[-78.32263897445834,44.29814303103844],[-78.3222176864497,44.29816161659769],[-78.32169640108482,44.29818233504996],[-78.3216199412196,44.29818450854229],[-78.32156152070078,44.29819484766729],[-78.32148865352042,44.29821608774768],[-78.32135284306457,44.29826617843094],[-78.3213027771944,44.298287954355665],[-78.32128272497172,44.29830223665682],[-78.32126336765633,44.29832637260658],[-78.32125684801876,44.29834425218953],[-78.32125488768277,44.298362238766664],[-78.32126674517833,44.298402681159644],[-78.32128412941414,44.298421940051604],[-78.3213197930705,44.298440810447566],[-78.32135016522973,44.29845053946916],[-78.321386574034,44.2984530323563],[-78.32141754217682,44.298449661887034],[-78.3214418570044,44.298442036316544],[-78.32145697623334,44.298435833468744],[-78.32147702725095,44.298421550208644],[-78.32149266795606,44.29840388464135],[-78.32150765217669,44.2983755470693],[-78.32151448704472,44.29835580679072]]},"properties":{"id":"district-curb-8-4080","semantic_type":"curb","source_id":"city-of-peterborough-8/4080","confidence":0.98,"review_status":"source-aligned","render_in_semantic_layer":false,"source_role":"authoritative-curb-edge"}},{"type":"Feature","id":"district-curb-8-4146","geometry":{"type":"LineString","coordinates":[[-78.3194777084016,44.29875488302005],[-78.31947275332057,44.298567706782016]]},"properties":{"id":"district-curb-8-4146","semantic_type":"curb","source_id":"city-of-peterborough-8/4146","confidence":0.98,"review_status":"source-aligned","render_in_semantic_layer":false,"source_role":"authoritative-curb-edge"}},{"type":"Feature","id":"district-curb-8-4147","geometry":{"type":"LineString","coordinates":[[-78.31963768904608,44.298776628182424],[-78.31963924421586,44.298721817030156]]},"properties":{"id":"district-curb-8-4147","semantic_type":"curb","source_id":"city-of-peterborough-8/4147","confidence":0.98,"review_status":"source-aligned","render_in_semantic_layer":false,"source_role":"authoritative-curb-edge"}},{"type":"Feature","id":"district-curb-8-4153","geometry":{"type":"LineString","coordinates":[[-78.3194777084016,44.29875488302005],[-78.31947766134178,44.29881134108307]]},"properties":{"id":"district-curb-8-4153","semantic_type":"curb","source_id":"city-of-peterborough-8/4153","confidence":0.98,"review_status":"source-aligned","render_in_semantic_layer":false,"source_role":"authoritative-curb-edge"}},{"type":"Feature","id":"district-curb-8-4160","geometry":{"type":"LineString","coordinates":[[-78.32517142285421,44.29814845356519],[-78.3251653317941,44.29815698141803],[-78.32516029383035,44.29817356353368],[-78.32516107309317,44.29820869806586],[-78.32521159956744,44.29889197548026],[-78.3252227062293,44.299021436523674]]},"properties":{"id":"district-curb-8-4160","semantic_type":"curb","source_id":"city-of-peterborough-8/4160","confidence":0.98,"review_status":"source-aligned","render_in_semantic_layer":false,"source_role":"authoritative-curb-edge"}},{"type":"Feature","id":"district-curb-8-4168","geometry":{"type":"LineString","coordinates":[[-78.32638388827472,44.29910050145671],[-78.32631224750509,44.29813126512724],[-78.32631318756899,44.298126767746965]]},"properties":{"id":"district-curb-8-4168","semantic_type":"curb","source_id":"city-of-peterborough-8/4168","confidence":0.98,"review_status":"source-aligned","render_in_semantic_layer":false,"source_role":"authoritative-curb-edge"}},{"type":"Feature","id":"district-curb-8-4175","geometry":{"type":"LineString","coordinates":[[-78.32617122918259,44.29813183497765],[-78.32617395878395,44.29814915545924],[-78.32621298740453,44.29860629850712],[-78.32623778381415,44.298925061219],[-78.3262575942165,44.29913433947579]]},"properties":{"id":"district-curb-8-4175","semantic_type":"curb","source_id":"city-of-peterborough-8/4175","confidence":0.98,"review_status":"source-aligned","render_in_semantic_layer":false,"source_role":"authoritative-curb-edge"}},{"type":"Feature","id":"district-curb-8-4179","geometry":{"type":"LineString","coordinates":[[-78.32639647091277,44.29915848512451],[-78.32638774551776,44.29913669027429],[-78.32638388827472,44.29910050145671]]},"properties":{"id":"district-curb-8-4179","semantic_type":"curb","source_id":"city-of-peterborough-8/4179","confidence":0.98,"review_status":"source-aligned","render_in_semantic_layer":false,"source_role":"authoritative-curb-edge"}},{"type":"Feature","id":"district-curb-8-4182","geometry":{"type":"LineString","coordinates":[[-78.32522992993621,44.29914895380335],[-78.3252227062293,44.299021436523674]]},"properties":{"id":"district-curb-8-4182","semantic_type":"curb","source_id":"city-of-peterborough-8/4182","confidence":0.98,"review_status":"source-aligned","render_in_semantic_layer":false,"source_role":"authoritative-curb-edge"}},{"type":"Feature","id":"district-curb-8-4183","geometry":{"type":"LineString","coordinates":[[-78.3250515165781,44.29816660133472],[-78.32505639062201,44.29817956343047],[-78.3250925557165,44.29865575536274],[-78.32513426664272,44.29915240009928]]},"properties":{"id":"district-curb-8-4183","semantic_type":"curb","source_id":"city-of-peterborough-8/4183","confidence":0.98,"review_status":"source-aligned","render_in_semantic_layer":false,"source_role":"authoritative-curb-edge"}},{"type":"Feature","id":"district-curb-8-4188","geometry":{"type":"LineString","coordinates":[[-78.32644668331358,44.29919990275256],[-78.32643053272223,44.299191557910625],[-78.32641683109509,44.299181816476136],[-78.32640531423783,44.29917061644468],[-78.32639647091277,44.29915848512451]]},"properties":{"id":"district-curb-8-4188","semantic_type":"curb","source_id":"city-of-peterborough-8/4188","confidence":0.98,"review_status":"source-aligned","render_in_semantic_layer":false,"source_role":"authoritative-curb-edge"}},{"type":"Feature","id":"district-curb-8-4196","geometry":{"type":"LineString","coordinates":[[-78.32297579317354,44.29918200987479],[-78.32291818389474,44.298301776207175],[-78.32291890971555,44.29829072070236],[-78.32292202503285,44.29827988058692],[-78.32292745133331,44.29826952140212],[-78.32293505428595,44.298259895676345]]},"properties":{"id":"district-curb-8-4196","semantic_type":"curb","source_id":"city-of-peterborough-8/4196","confidence":0.98,"review_status":"source-aligned","render_in_semantic_layer":false,"source_role":"authoritative-curb-edge"}},{"type":"Feature","id":"district-curb-8-4203","geometry":{"type":"LineString","coordinates":[[-78.3262575942165,44.29913433947579],[-78.32625681508999,44.29914983932858],[-78.32625201946982,44.29916575465887],[-78.32624330882305,44.29918078964112],[-78.32623101465451,44.2991944073709],[-78.32621560609275,44.29920615969376],[-78.3261983097365,44.29921539833071],[-78.32617890031766,44.29922241869725],[-78.3261570269137,44.29922708113151],[-78.32613977438812,44.299228674720005],[-78.32536491880536,44.29926120900091],[-78.32532268381294,44.299260430939654],[-78.32529818891973,44.29925684735054],[-78.32527848019564,44.29925077950239],[-78.32526173180018,44.299241165498934],[-78.32524810563727,44.2992240001947],[-78.32523903871989,44.29920534462853],[-78.32523353176788,44.299183905993154],[-78.32522992993621,44.29914895380335]]},"properties":{"id":"district-curb-8-4203","semantic_type":"curb","source_id":"city-of-peterborough-8/4203","confidence":0.98,"review_status":"source-aligned","render_in_semantic_layer":false,"source_role":"authoritative-curb-edge"}},{"type":"Feature","id":"district-curb-8-4213","geometry":{"type":"LineString","coordinates":[[-78.32513426664272,44.29915240009928],[-78.3251364149603,44.29918375042734],[-78.32513550847362,44.299196942574355],[-78.32513036818884,44.29921362221938],[-78.32512093489784,44.29922929828508],[-78.32510624860699,44.299244517250465],[-78.32508753445342,44.299257256088026],[-78.32506550268805,44.29926700207594],[-78.32504100309089,44.299273316884346],[-78.32501847104704,44.2992757534814],[-78.32426684029049,44.29930729677766]]},"properties":{"id":"district-curb-8-4213","semantic_type":"curb","source_id":"city-of-peterborough-8/4213","confidence":0.98,"review_status":"source-aligned","render_in_semantic_layer":false,"source_role":"authoritative-curb-edge"}},{"type":"Feature","id":"district-curb-8-4214","geometry":{"type":"LineString","coordinates":[[-78.32641081128733,44.29937082851668],[-78.32641841015389,44.29935131830507],[-78.32643188126832,44.29933353552422],[-78.32645035902446,44.29931848801622],[-78.32647289212515,44.299306807100095]]},"properties":{"id":"district-curb-8-4214","semantic_type":"curb","source_id":"city-of-peterborough-8/4214","confidence":0.98,"review_status":"source-aligned","render_in_semantic_layer":false,"source_role":"authoritative-curb-edge"}},{"type":"Feature","id":"district-curb-8-4216","geometry":{"type":"LineString","coordinates":[[-78.32618855287302,44.29931745133864],[-78.32620440691497,44.29932158856846],[-78.32622283288144,44.29932832932724],[-78.32624457994292,44.29934036138818],[-78.32625368869638,44.299348028153545],[-78.32626277361986,44.29935853834011],[-78.32626939593565,44.29936911688249],[-78.32627397207865,44.299379923881936]]},"properties":{"id":"district-curb-8-4216","semantic_type":"curb","source_id":"city-of-peterborough-8/4216","confidence":0.98,"review_status":"source-aligned","render_in_semantic_layer":false,"source_role":"authoritative-curb-edge"}},{"type":"Feature","id":"district-curb-8-4218","geometry":{"type":"LineString","coordinates":[[-78.32300389535314,44.299317271375934],[-78.32299018227924,44.29929891629707],[-78.3229827136293,44.299278788268026],[-78.32297579317354,44.29918200987479]]},"properties":{"id":"district-curb-8-4218","semantic_type":"curb","source_id":"city-of-peterborough-8/4218","confidence":0.98,"review_status":"source-aligned","render_in_semantic_layer":false,"source_role":"authoritative-curb-edge"}},{"type":"Feature","id":"district-curb-8-4219","geometry":{"type":"LineString","coordinates":[[-78.32627397207865,44.299379923881936],[-78.32627719763268,44.29939628997608]]},"properties":{"id":"district-curb-8-4219","semantic_type":"curb","source_id":"city-of-peterborough-8/4219","confidence":0.98,"review_status":"source-aligned","render_in_semantic_layer":false,"source_role":"authoritative-curb-edge"}},{"type":"Feature","id":"district-curb-8-4221","geometry":{"type":"LineString","coordinates":[[-78.32505984866033,44.299362723140426],[-78.32509236650894,44.299369616053966]]},"properties":{"id":"district-curb-8-4221","semantic_type":"curb","source_id":"city-of-peterborough-8/4221","confidence":0.98,"review_status":"source-aligned","render_in_semantic_layer":false,"source_role":"authoritative-curb-edge"}},{"type":"Feature","id":"district-curb-8-4224","geometry":{"type":"LineString","coordinates":[[-78.32276559780729,44.29825913895879],[-78.32276956887806,44.298267771239544],[-78.32277122836177,44.29827621156157],[-78.32284446901953,44.29928324883331],[-78.32284408156487,44.299294939766106],[-78.32284134530829,44.29930725622209],[-78.32283626254893,44.29931918274083],[-78.32282893520853,44.29933049034086]]},"properties":{"id":"district-curb-8-4224","semantic_type":"curb","source_id":"city-of-peterborough-8/4224","confidence":0.98,"review_status":"source-aligned","render_in_semantic_layer":false,"source_role":"authoritative-curb-edge"}},{"type":"Feature","id":"district-curb-8-4225","geometry":{"type":"LineString","coordinates":[[-78.32641141432647,44.29941891391686],[-78.32640921500361,44.29938574565613],[-78.32641081128733,44.29937082851668]]},"properties":{"id":"district-curb-8-4225","semantic_type":"curb","source_id":"city-of-peterborough-8/4225","confidence":0.98,"review_status":"source-aligned","render_in_semantic_layer":false,"source_role":"authoritative-curb-edge"}},{"type":"Feature","id":"district-curb-8-4226","geometry":{"type":"LineString","coordinates":[[-78.32509236650894,44.299369616053966],[-78.32511431584278,44.299379150295835],[-78.32512345136682,44.29938514866217],[-78.3251283473276,44.29939020862115]]},"properties":{"id":"district-curb-8-4226","semantic_type":"curb","source_id":"city-of-peterborough-8/4226","confidence":0.98,"review_status":"source-aligned","render_in_semantic_layer":false,"source_role":"authoritative-curb-edge"}},{"type":"Feature","id":"district-curb-8-4227","geometry":{"type":"LineString","coordinates":[[-78.32304572497381,44.29934444415879],[-78.32302225571311,44.2993323116812],[-78.32300389535314,44.299317271375934]]},"properties":{"id":"district-curb-8-4227","semantic_type":"curb","source_id":"city-of-peterborough-8/4227","confidence":0.98,"review_status":"source-aligned","render_in_semantic_layer":false,"source_role":"authoritative-curb-edge"}},{"type":"Feature","id":"district-curb-8-4231","geometry":{"type":"LineString","coordinates":[[-78.32382322078298,44.29932591125577],[-78.32311073401691,44.299355772739844],[-78.32309328564322,44.299355302337176],[-78.32307715755293,44.29935328200509],[-78.32306153357064,44.29934976912742],[-78.32304572497381,44.29934444415879]]},"properties":{"id":"district-curb-8-4231","semantic_type":"curb","source_id":"city-of-peterborough-8/4231","confidence":0.98,"review_status":"source-aligned","render_in_semantic_layer":false,"source_role":"authoritative-curb-edge"}},{"type":"Feature","id":"district-curb-8-4235","geometry":{"type":"LineString","coordinates":[[-78.3251283473276,44.29939020862115],[-78.32514018093298,44.29940560700021],[-78.32514824127938,44.29942128157149]]},"properties":{"id":"district-curb-8-4235","semantic_type":"curb","source_id":"city-of-peterborough-8/4235","confidence":0.98,"review_status":"source-aligned","render_in_semantic_layer":false,"source_role":"authoritative-curb-edge"}},{"type":"Feature","id":"district-curb-8-4239","geometry":{"type":"LineString","coordinates":[[-78.32282893520853,44.29933049034086],[-78.32281400481072,44.29934585363124],[-78.32279584277768,44.29935818281027],[-78.32277367253663,44.299368015134654],[-78.32274943902281,44.29937428887627]]},"properties":{"id":"district-curb-8-4239","semantic_type":"curb","source_id":"city-of-peterborough-8/4239","confidence":0.98,"review_status":"source-aligned","render_in_semantic_layer":false,"source_role":"authoritative-curb-edge"}},{"type":"Feature","id":"district-curb-8-4251","geometry":{"type":"LineString","coordinates":[[-78.32424923747578,44.29939095756417],[-78.32502798145302,44.29936123723329],[-78.32505984866033,44.299362723140426]]},"properties":{"id":"district-curb-8-4251","semantic_type":"curb","source_id":"city-of-peterborough-8/4251","confidence":0.98,"review_status":"source-aligned","render_in_semantic_layer":false,"source_role":"authoritative-curb-edge"}},{"type":"Feature","id":"district-curb-8-4255","geometry":{"type":"LineString","coordinates":[[-78.32514824127938,44.29942128157149],[-78.32515321899302,44.29943850350766],[-78.32515594674592,44.29946493658649]]},"properties":{"id":"district-curb-8-4255","semantic_type":"curb","source_id":"city-of-peterborough-8/4255","confidence":0.98,"review_status":"source-aligned","render_in_semantic_layer":false,"source_role":"authoritative-curb-edge"}},{"type":"Feature","id":"district-curb-8-4257","geometry":{"type":"LineString","coordinates":[[-78.32525535225017,44.29947153864354],[-78.32525246358011,44.29942039185058],[-78.32525534241177,44.299406443771275],[-78.32526154737867,44.29939306608282],[-78.32527383774757,44.29937760639932],[-78.3252897759863,44.299364933927066],[-78.32531177773396,44.299353861982496],[-78.32532859215308,44.299350048069975],[-78.32536131286838,44.29934626745611],[-78.32614777734,44.29931415367912],[-78.3261681909535,44.29931455713058],[-78.32618855287302,44.29931745133864]]},"properties":{"id":"district-curb-8-4257","semantic_type":"curb","source_id":"city-of-peterborough-8/4257","confidence":0.98,"review_status":"source-aligned","render_in_semantic_layer":false,"source_role":"authoritative-curb-edge"}},{"type":"Feature","id":"district-curb-8-4263","geometry":{"type":"LineString","coordinates":[[-78.32305411909458,44.29945469106161],[-78.32306900546229,44.29944820795506],[-78.3230839739247,44.29944353092994],[-78.32309966176005,44.29944029141242],[-78.32311580325991,44.29943854348988],[-78.32381676530565,44.29940910409523]]},"properties":{"id":"district-curb-8-4263","semantic_type":"curb","source_id":"city-of-peterborough-8/4263","confidence":0.98,"review_status":"source-aligned","render_in_semantic_layer":false,"source_role":"authoritative-curb-edge"}},{"type":"Feature","id":"district-curb-8-4270","geometry":{"type":"LineString","coordinates":[[-78.32301628230302,44.29948524235084],[-78.3230331119575,44.29946811221469],[-78.32305411909458,44.29945469106161]]},"properties":{"id":"district-curb-8-4270","semantic_type":"curb","source_id":"city-of-peterborough-8/4270","confidence":0.98,"review_status":"source-aligned","render_in_semantic_layer":false,"source_role":"authoritative-curb-edge"}},{"type":"Feature","id":"district-curb-8-4271","geometry":{"type":"LineString","coordinates":[[-78.32281739009092,44.29945900350974],[-78.3228349557807,44.299468528106374],[-78.32284727319362,44.299481627054604]]},"properties":{"id":"district-curb-8-4271","semantic_type":"curb","source_id":"city-of-peterborough-8/4271","confidence":0.98,"review_status":"source-aligned","render_in_semantic_layer":false,"source_role":"authoritative-curb-edge"}},{"type":"Feature","id":"district-curb-8-4274","geometry":{"type":"LineString","coordinates":[[-78.3230086679284,44.29949734897995],[-78.32301628230302,44.29948524235084]]},"properties":{"id":"district-curb-8-4274","semantic_type":"curb","source_id":"city-of-peterborough-8/4274","confidence":0.98,"review_status":"source-aligned","render_in_semantic_layer":false,"source_role":"authoritative-curb-edge"}},{"type":"Feature","id":"district-curb-8-4281","geometry":{"type":"LineString","coordinates":[[-78.32274943902281,44.29937428887627],[-78.3227276774825,44.29937673228844],[-78.3207687592132,44.29946769446943]]},"properties":{"id":"district-curb-8-4281","semantic_type":"curb","source_id":"city-of-peterborough-8/4281","confidence":0.98,"review_status":"source-aligned","render_in_semantic_layer":false,"source_role":"authoritative-curb-edge"}},{"type":"Feature","id":"district-curb-8-4282","geometry":{"type":"LineString","coordinates":[[-78.3207687592132,44.29946769446943],[-78.32073107247874,44.299469442310205]]},"properties":{"id":"district-curb-8-4282","semantic_type":"curb","source_id":"city-of-peterborough-8/4282","confidence":0.98,"review_status":"source-aligned","render_in_semantic_layer":false,"source_role":"authoritative-curb-edge"}},{"type":"Feature","id":"district-curb-8-4283","geometry":{"type":"LineString","coordinates":[[-78.31967714266978,44.299452056764395],[-78.31967377637463,44.29943460954773],[-78.3196463239036,44.29903242001572],[-78.3196386687971,44.29887628861536],[-78.31963768904608,44.298776628182424]]},"properties":{"id":"district-curb-8-4283","semantic_type":"curb","source_id":"city-of-peterborough-8/4283","confidence":0.98,"review_status":"source-aligned","render_in_semantic_layer":false,"source_role":"authoritative-curb-edge"}},{"type":"Feature","id":"district-curb-8-4286","geometry":{"type":"LineString","coordinates":[[-78.32048382870208,44.299480961915975],[-78.32073107247874,44.299469442310205]]},"properties":{"id":"district-curb-8-4286","semantic_type":"curb","source_id":"city-of-peterborough-8/4286","confidence":0.98,"review_status":"source-aligned","render_in_semantic_layer":false,"source_role":"authoritative-curb-edge"}},{"type":"Feature","id":"district-curb-8-4297","geometry":{"type":"LineString","coordinates":[[-78.31967714266978,44.299452056764395],[-78.31968330316057,44.29946476840673],[-78.31969238326533,44.29947654299323],[-78.31970411909039,44.299487036722326],[-78.31971816851271,44.29949594446804],[-78.3197341233744,44.2995030072685],[-78.31975151670969,44.299508018797894],[-78.3197698437054,44.29951083306096],[-78.31978857026216,44.299511369095256],[-78.32048382870208,44.299480961915975]]},"properties":{"id":"district-curb-8-4297","semantic_type":"curb","source_id":"city-of-peterborough-8/4297","confidence":0.98,"review_status":"source-aligned","render_in_semantic_layer":false,"source_role":"authoritative-curb-edge"}},{"type":"Feature","id":"district-curb-8-4302","geometry":{"type":"LineString","coordinates":[[-78.32077507446063,44.299549925588025],[-78.32278131151685,44.299453506492455],[-78.32279861117782,44.29945427054693],[-78.32281507271537,44.29945816591659]]},"properties":{"id":"district-curb-8-4302","semantic_type":"curb","source_id":"city-of-peterborough-8/4302","confidence":0.98,"review_status":"source-aligned","render_in_semantic_layer":false,"source_role":"authoritative-curb-edge"}},{"type":"Feature","id":"district-curb-8-4303","geometry":{"type":"LineString","coordinates":[[-78.32073808568703,44.29955129279042],[-78.32077507446063,44.299549925588025]]},"properties":{"id":"district-curb-8-4303","semantic_type":"curb","source_id":"city-of-peterborough-8/4303","confidence":0.98,"review_status":"source-aligned","render_in_semantic_layer":false,"source_role":"authoritative-curb-edge"}},{"type":"Feature","id":"district-curb-8-4304","geometry":{"type":"LineString","coordinates":[[-78.3205546374321,44.299558071000774],[-78.32073808568703,44.29955129279042]]},"properties":{"id":"district-curb-8-4304","semantic_type":"curb","source_id":"city-of-peterborough-8/4304","confidence":0.98,"review_status":"source-aligned","render_in_semantic_layer":false,"source_role":"authoritative-curb-edge"}},{"type":"Feature","id":"district-curb-8-4305","geometry":{"type":"LineString","coordinates":[[-78.3205212129866,44.29956036536074],[-78.3205546374321,44.299558071000774]]},"properties":{"id":"district-curb-8-4305","semantic_type":"curb","source_id":"city-of-peterborough-8/4305","confidence":0.98,"review_status":"source-aligned","render_in_semantic_layer":false,"source_role":"authoritative-curb-edge"}},{"type":"Feature","id":"district-curb-8-4312","geometry":{"type":"LineString","coordinates":[[-78.31836619451613,44.29956925801287],[-78.31839608609498,44.29956766003036]]},"properties":{"id":"district-curb-8-4312","semantic_type":"curb","source_id":"city-of-peterborough-8/4312","confidence":0.98,"review_status":"source-aligned","render_in_semantic_layer":false,"source_role":"authoritative-curb-edge"}},{"type":"Feature","id":"district-curb-8-4318","geometry":{"type":"LineString","coordinates":[[-78.31972515503747,44.29961855178777],[-78.31974417844184,44.299610998595604],[-78.31976425024283,44.299605005892005],[-78.31978512382305,44.29960064891091],[-78.3198065410665,44.299597980109404],[-78.32036295232834,44.29957122938819],[-78.3205212129866,44.29956036536074]]},"properties":{"id":"district-curb-8-4318","semantic_type":"curb","source_id":"city-of-peterborough-8/4318","confidence":0.98,"review_status":"source-aligned","render_in_semantic_layer":false,"source_role":"authoritative-curb-edge"}},{"type":"Feature","id":"district-curb-8-4331","geometry":{"type":"LineString","coordinates":[[-78.3196937758258,44.299661004033865],[-78.3196978434969,44.29964969121849],[-78.31970422507838,44.29963893329054],[-78.31971277127732,44.29962898062266],[-78.31972515503747,44.29961855178777]]},"properties":{"id":"district-curb-8-4331","semantic_type":"curb","source_id":"city-of-peterborough-8/4331","confidence":0.98,"review_status":"source-aligned","render_in_semantic_layer":false,"source_role":"authoritative-curb-edge"}},{"type":"Feature","id":"district-curb-8-4344","geometry":{"type":"LineString","coordinates":[[-78.31836543251315,44.29966822122192],[-78.31839434530275,44.299663261112926],[-78.31843074908117,44.29956580771717],[-78.31839608609498,44.29956766003036]]},"properties":{"id":"district-curb-8-4344","semantic_type":"curb","source_id":"city-of-peterborough-8/4344","confidence":0.98,"review_status":"source-aligned","render_in_semantic_layer":false,"source_role":"authoritative-curb-edge"}},{"type":"Feature","id":"district-curb-8-4348","geometry":{"type":"LineString","coordinates":[[-78.31836543251315,44.29966822122192],[-78.31833902094709,44.29967499022579]]},"properties":{"id":"district-curb-8-4348","semantic_type":"curb","source_id":"city-of-peterborough-8/4348","confidence":0.98,"review_status":"source-aligned","render_in_semantic_layer":false,"source_role":"authoritative-curb-edge"}},{"type":"Feature","id":"district-curb-8-4392","geometry":{"type":"LineString","coordinates":[[-78.31831744752039,44.299932846194785],[-78.31828553883985,44.29987937355384],[-78.31827150360041,44.29984987479817],[-78.31826176478602,44.29981541381348],[-78.31826006114387,44.29979711344221],[-78.31826080083876,44.29977878314663],[-78.3182639753654,44.29976058207619],[-78.3182729603041,44.29973296735929],[-78.31828071673648,44.29971581022264],[-78.31829141432905,44.29969779399601],[-78.31830090143382,44.29968832628246],[-78.31830943969851,44.29968350692123],[-78.31833902094709,44.29967499022579]]},"properties":{"id":"district-curb-8-4392","semantic_type":"curb","source_id":"city-of-peterborough-8/4392","confidence":0.98,"review_status":"source-aligned","render_in_semantic_layer":false,"source_role":"authoritative-curb-edge"}},{"type":"Feature","id":"district-curb-8-4395","geometry":{"type":"LineString","coordinates":[[-78.31824918054953,44.29962606510127],[-78.31822074882021,44.299629711265624],[-78.31819163309949,44.2996373926059],[-78.31817478987146,44.29964400105259],[-78.31815205025312,44.29965665407605],[-78.31813306125082,44.299672170772965],[-78.31811852128915,44.29968999677804],[-78.31810895410865,44.29970947729194],[-78.31810470881183,44.29972991109869],[-78.31810564937605,44.29974814762973],[-78.3181131102126,44.29977215419085],[-78.31821718610648,44.29994123642224],[-78.31822195036797,44.29994529517397],[-78.31822981264439,44.29994706077835],[-78.31823410791085,44.299946664737014],[-78.3182374618255,44.29994469810081],[-78.31824063457096,44.29993845268642],[-78.31824035807796,44.29993447776345],[-78.31821288498229,44.29989054692908],[-78.31820056043529,44.29986386571458],[-78.31819160184901,44.29983024770981],[-78.31818886363253,44.29980868112855],[-78.31818856006491,44.29978702770282],[-78.31819070224323,44.299765429037095],[-78.31819526632466,44.29974402321389],[-78.31820660149403,44.29971258892064],[-78.31821155027366,44.29970235918808],[-78.31825875288519,44.29963586175045],[-78.31825946772815,44.29963227743102],[-78.31825807698254,44.299630004864724],[-78.31825425891309,44.29962730075589],[-78.31824918054953,44.29962606510127]]},"properties":{"id":"district-curb-8-4395","semantic_type":"curb","source_id":"city-of-peterborough-8/4395","confidence":0.98,"review_status":"source-aligned","render_in_semantic_layer":false,"source_role":"authoritative-curb-edge"}},{"type":"Feature","id":"district-curb-8-4405","geometry":{"type":"LineString","coordinates":[[-78.31835746383516,44.29999714788687],[-78.31831744752039,44.299932846194785]]},"properties":{"id":"district-curb-8-4405","semantic_type":"curb","source_id":"city-of-peterborough-8/4405","confidence":0.98,"review_status":"source-aligned","render_in_semantic_layer":false,"source_role":"authoritative-curb-edge"}},{"type":"Feature","id":"district-curb-8-4408","geometry":{"type":"LineString","coordinates":[[-78.31837747304833,44.30002690941346],[-78.31835746383516,44.29999714788687]]},"properties":{"id":"district-curb-8-4408","semantic_type":"curb","source_id":"city-of-peterborough-8/4408","confidence":0.98,"review_status":"source-aligned","render_in_semantic_layer":false,"source_role":"authoritative-curb-edge"}},{"type":"Feature","id":"district-curb-8-4420","geometry":{"type":"LineString","coordinates":[[-78.31828830996301,44.30002235424764],[-78.31828325210876,44.30002286921752],[-78.31827907903495,44.300024985862535],[-78.31827670963364,44.30002823601929],[-78.31827667289367,44.30003190469076],[-78.31829616729765,44.30006022539504],[-78.31830272203254,44.30006306581775],[-78.31830792313629,44.30006292872819],[-78.31831421719232,44.30005971315548],[-78.31831609585393,44.300056228199914],[-78.31831559859675,44.30005250376983],[-78.31829666856002,44.30002621385146],[-78.31829313905934,44.30002355883657],[-78.31828830996301,44.30002235424764]]},"properties":{"id":"district-curb-8-4420","semantic_type":"curb","source_id":"city-of-peterborough-8/4420","confidence":0.98,"review_status":"source-aligned","render_in_semantic_layer":false,"source_role":"authoritative-curb-edge"}},{"type":"Feature","id":"district-curb-8-4450","geometry":{"type":"LineString","coordinates":[[-78.32649397169538,44.30041044091415],[-78.32648353767203,44.300395763270124],[-78.32647941185157,44.30038516849007],[-78.32647767933646,44.30037423814355],[-78.32641141432647,44.29941891391686]]},"properties":{"id":"district-curb-8-4450","semantic_type":"curb","source_id":"city-of-peterborough-8/4450","confidence":0.98,"review_status":"source-aligned","render_in_semantic_layer":false,"source_role":"authoritative-curb-edge"}},{"type":"Feature","id":"district-curb-8-4452","geometry":{"type":"LineString","coordinates":[[-78.32627719763268,44.29939628997608],[-78.32629248873631,44.29967014016915],[-78.32632081847382,44.30008092922273],[-78.32632298691524,44.30013984022233],[-78.32633987106198,44.300388003138266],[-78.32633712937566,44.30040779636263],[-78.32632697178111,44.300425815190415]]},"properties":{"id":"district-curb-8-4452","semantic_type":"curb","source_id":"city-of-peterborough-8/4452","confidence":0.98,"review_status":"source-aligned","render_in_semantic_layer":false,"source_role":"authoritative-curb-edge"}},{"type":"Feature","id":"district-curb-8-4454","geometry":{"type":"LineString","coordinates":[[-78.32653294223722,44.30043329613804],[-78.32651919701557,44.300428207235484],[-78.326508949256,44.300422926561595],[-78.32649397169538,44.30041044091415]]},"properties":{"id":"district-curb-8-4454","semantic_type":"curb","source_id":"city-of-peterborough-8/4454","confidence":0.98,"review_status":"source-aligned","render_in_semantic_layer":false,"source_role":"authoritative-curb-edge"}},{"type":"Feature","id":"district-curb-8-4462","geometry":{"type":"LineString","coordinates":[[-78.32632697178111,44.300425815190415],[-78.32632002988109,44.300433312160386],[-78.3263086272992,44.300442253126434],[-78.32629591600868,44.300449316065915],[-78.32628186042747,44.300454732416796]]},"properties":{"id":"district-curb-8-4462","semantic_type":"curb","source_id":"city-of-peterborough-8/4462","confidence":0.98,"review_status":"source-aligned","render_in_semantic_layer":false,"source_role":"authoritative-curb-edge"}},{"type":"Feature","id":"district-curb-8-4467","geometry":{"type":"LineString","coordinates":[[-78.32532414717188,44.300438366232214],[-78.32532113989826,44.300423022543],[-78.32528562372828,44.2999008489717],[-78.32526639227702,44.29966049661977],[-78.32525535225017,44.29947153864354]]},"properties":{"id":"district-curb-8-4467","semantic_type":"curb","source_id":"city-of-peterborough-8/4467","confidence":0.98,"review_status":"source-aligned","render_in_semantic_layer":false,"source_role":"authoritative-curb-edge"}},{"type":"Feature","id":"district-curb-8-4473","geometry":{"type":"LineString","coordinates":[[-78.32521883477646,44.300447288864994],[-78.32515594674592,44.29946493658649]]},"properties":{"id":"district-curb-8-4473","semantic_type":"curb","source_id":"city-of-peterborough-8/4473","confidence":0.98,"review_status":"source-aligned","render_in_semantic_layer":false,"source_role":"authoritative-curb-edge"}},{"type":"Feature","id":"district-curb-8-4479","geometry":{"type":"LineString","coordinates":[[-78.32534327095946,44.30047392879248],[-78.3253297201508,44.30045647807738],[-78.32532414717188,44.300438366232214]]},"properties":{"id":"district-curb-8-4479","semantic_type":"curb","source_id":"city-of-peterborough-8/4479","confidence":0.98,"review_status":"source-aligned","render_in_semantic_layer":false,"source_role":"authoritative-curb-edge"}},{"type":"Feature","id":"district-curb-8-4482","geometry":{"type":"LineString","coordinates":[[-78.32520364616082,44.3004822211698],[-78.32521436027103,44.30046719180382],[-78.32521780622776,44.30045729026415],[-78.32521883477646,44.300447288864994]]},"properties":{"id":"district-curb-8-4482","semantic_type":"curb","source_id":"city-of-peterborough-8/4482","confidence":0.98,"review_status":"source-aligned","render_in_semantic_layer":false,"source_role":"authoritative-curb-edge"}},{"type":"Feature","id":"district-curb-8-4484","geometry":{"type":"LineString","coordinates":[[-78.32628186042747,44.300454732416796],[-78.3262671216986,44.30045829799679],[-78.32625180095513,44.30046021503642],[-78.32543387156528,44.3004938060526]]},"properties":{"id":"district-curb-8-4484","semantic_type":"curb","source_id":"city-of-peterborough-8/4484","confidence":0.98,"review_status":"source-aligned","render_in_semantic_layer":false,"source_role":"authoritative-curb-edge"}},{"type":"Feature","id":"district-curb-8-4486","geometry":{"type":"LineString","coordinates":[[-78.32543387156528,44.3004938060526],[-78.32539184842392,44.30049458145879],[-78.32537747065882,44.30049207670142],[-78.32535820108002,44.30048425281094],[-78.32535053235918,44.30048004167548],[-78.32534327095946,44.30047392879248]]},"properties":{"id":"district-curb-8-4486","semantic_type":"curb","source_id":"city-of-peterborough-8/4486","confidence":0.98,"review_status":"source-aligned","render_in_semantic_layer":false,"source_role":"authoritative-curb-edge"}},{"type":"Feature","id":"district-curb-8-4489","geometry":{"type":"LineString","coordinates":[[-78.31836619451613,44.29956925801287],[-78.31822813758386,44.2995764560334],[-78.31820610395383,44.29957859239671],[-78.31818452719186,44.29958245001855],[-78.31816367134839,44.29958798378698],[-78.31812717781254,44.29960239150674],[-78.31809964128475,44.29961811520192],[-78.3180833193651,44.29963023118268],[-78.3180623431006,44.29965051586574],[-78.31805091812855,44.299665235266595],[-78.31803972384728,44.2996838889014],[-78.31803286845413,44.2997000876892],[-78.31802704607577,44.29972511817148],[-78.31802620007981,44.299742037932575],[-78.3180303944302,44.299770163948395],[-78.31803627405154,44.29978686001374],[-78.31804448744595,44.29980304193591],[-78.3181266293252,44.2999293030153],[-78.31838103481513,44.300335085444225]]},"properties":{"id":"district-curb-8-4489","semantic_type":"curb","source_id":"city-of-peterborough-8/4489","confidence":0.98,"review_status":"source-aligned","render_in_semantic_layer":false,"source_role":"authoritative-curb-edge"}},{"type":"Feature","id":"district-curb-8-4494","geometry":{"type":"LineString","coordinates":[[-78.32512116406957,44.30050767213167],[-78.32515154061916,44.30050630521105],[-78.32517128858396,44.30050169579762],[-78.32518922297736,44.3004934634764],[-78.32520364616082,44.3004822211698]]},"properties":{"id":"district-curb-8-4494","semantic_type":"curb","source_id":"city-of-peterborough-8/4494","confidence":0.98,"review_status":"source-aligned","render_in_semantic_layer":false,"source_role":"authoritative-curb-edge"}},{"type":"Feature","id":"district-curb-8-4501","geometry":{"type":"LineString","coordinates":[[-78.32650964765749,44.30056638608634],[-78.32651756428857,44.30055892903957],[-78.32652772460418,44.30055219524923],[-78.32653802959791,44.30054738243956],[-78.32655023172431,44.30054360886918]]},"properties":{"id":"district-curb-8-4501","semantic_type":"curb","source_id":"city-of-peterborough-8/4501","confidence":0.98,"review_status":"source-aligned","render_in_semantic_layer":false,"source_role":"authoritative-curb-edge"}},{"type":"Feature","id":"district-curb-8-4503","geometry":{"type":"LineString","coordinates":[[-78.32629194947884,44.30055694237459],[-78.32631513128233,44.300563891744396],[-78.32633359311208,44.300574130006055]]},"properties":{"id":"district-curb-8-4503","semantic_type":"curb","source_id":"city-of-peterborough-8/4503","confidence":0.98,"review_status":"source-aligned","render_in_semantic_layer":false,"source_role":"authoritative-curb-edge"}},{"type":"Feature","id":"district-curb-8-4504","geometry":{"type":"LineString","coordinates":[[-78.31841834655097,44.30039387508991],[-78.31838103481513,44.300335085444225]]},"properties":{"id":"district-curb-8-4504","semantic_type":"curb","source_id":"city-of-peterborough-8/4504","confidence":0.98,"review_status":"source-aligned","render_in_semantic_layer":false,"source_role":"authoritative-curb-edge"}},{"type":"Feature","id":"district-curb-8-4505","geometry":{"type":"LineString","coordinates":[[-78.32649929132744,44.30058466855746],[-78.32650420521546,44.300573658906366],[-78.32650964765749,44.30056638608634]]},"properties":{"id":"district-curb-8-4505","semantic_type":"curb","source_id":"city-of-peterborough-8/4505","confidence":0.98,"review_status":"source-aligned","render_in_semantic_layer":false,"source_role":"authoritative-curb-edge"}},{"type":"Feature","id":"district-curb-8-4506","geometry":{"type":"LineString","coordinates":[[-78.32633359311208,44.300574130006055],[-78.32634745918128,44.30058685432213]]},"properties":{"id":"district-curb-8-4506","semantic_type":"curb","source_id":"city-of-peterborough-8/4506","confidence":0.98,"review_status":"source-aligned","render_in_semantic_layer":false,"source_role":"authoritative-curb-edge"}},{"type":"Feature","id":"district-curb-8-4508","geometry":{"type":"LineString","coordinates":[[-78.32433664058574,44.300542970769946],[-78.32512116406957,44.30050767213167]]},"properties":{"id":"district-curb-8-4508","semantic_type":"curb","source_id":"city-of-peterborough-8/4508","confidence":0.98,"review_status":"source-aligned","render_in_semantic_layer":false,"source_role":"authoritative-curb-edge"}},{"type":"Feature","id":"district-curb-8-4510","geometry":{"type":"LineString","coordinates":[[-78.32544077009014,44.300591405724525],[-78.32626502322273,44.300555071090145],[-78.32627858915264,44.30055524750555],[-78.32629194947884,44.30055694237459]]},"properties":{"id":"district-curb-8-4510","semantic_type":"curb","source_id":"city-of-peterborough-8/4510","confidence":0.98,"review_status":"source-aligned","render_in_semantic_layer":false,"source_role":"authoritative-curb-edge"}},{"type":"Feature","id":"district-curb-8-4512","geometry":{"type":"LineString","coordinates":[[-78.32536294914799,44.300610751452496],[-78.32537879708647,44.30060087401952],[-78.32539766153523,44.300594272255424],[-78.32540346352673,44.300593050581824],[-78.32544077009014,44.300591405724525]]},"properties":{"id":"district-curb-8-4512","semantic_type":"curb","source_id":"city-of-peterborough-8/4512","confidence":0.98,"review_status":"source-aligned","render_in_semantic_layer":false,"source_role":"authoritative-curb-edge"}},{"type":"Feature","id":"district-curb-8-4513","geometry":{"type":"LineString","coordinates":[[-78.32308211704789,44.30056273336648],[-78.32307422748433,44.30054761272719],[-78.32307067267034,44.3005316691575],[-78.32300123570356,44.29953268796627],[-78.32300248752686,44.29951475136599],[-78.3230086679284,44.29949734897995]]},"properties":{"id":"district-curb-8-4513","semantic_type":"curb","source_id":"city-of-peterborough-8/4513","confidence":0.98,"review_status":"source-aligned","render_in_semantic_layer":false,"source_role":"authoritative-curb-edge"}},{"type":"Feature","id":"district-curb-8-4515","geometry":{"type":"LineString","coordinates":[[-78.32520917214703,44.30062050648558],[-78.32519042021809,44.300611056190036],[-78.32517010013709,44.300605714927045],[-78.3251629885646,44.3006047749423],[-78.32512818053041,44.30060641703867]]},"properties":{"id":"district-curb-8-4515","semantic_type":"curb","source_id":"city-of-peterborough-8/4515","confidence":0.98,"review_status":"source-aligned","render_in_semantic_layer":false,"source_role":"authoritative-curb-edge"}},{"type":"Feature","id":"district-curb-8-4516","geometry":{"type":"LineString","coordinates":[[-78.32284727319362,44.299481627054604],[-78.32285444766813,44.2994930064882],[-78.32285769030878,44.29950467542513],[-78.32293339590352,44.30054204574596],[-78.32293280864926,44.30055526336475],[-78.32292923391957,44.30056823626533]]},"properties":{"id":"district-curb-8-4516","semantic_type":"curb","source_id":"city-of-peterborough-8/4516","confidence":0.98,"review_status":"source-aligned","render_in_semantic_layer":false,"source_role":"authoritative-curb-edge"}},{"type":"Feature","id":"district-curb-8-4520","geometry":{"type":"LineString","coordinates":[[-78.32312762451342,44.3005973467401],[-78.32311386820379,44.30059074289904],[-78.3231016059763,44.300582765158566],[-78.32309110083631,44.30057358443794],[-78.32308211704789,44.30056273336648]]},"properties":{"id":"district-curb-8-4520","semantic_type":"curb","source_id":"city-of-peterborough-8/4520","confidence":0.98,"review_status":"source-aligned","render_in_semantic_layer":false,"source_role":"authoritative-curb-edge"}},{"type":"Feature","id":"district-curb-8-4523","geometry":{"type":"LineString","coordinates":[[-78.32315620350366,44.3006055189595],[-78.3231414591542,44.300602117649035],[-78.32312762451342,44.3005973467401]]},"properties":{"id":"district-curb-8-4523","semantic_type":"curb","source_id":"city-of-peterborough-8/4523","confidence":0.98,"review_status":"source-aligned","render_in_semantic_layer":false,"source_role":"authoritative-curb-edge"}},{"type":"Feature","id":"district-curb-8-4525","geometry":{"type":"LineString","coordinates":[[-78.32319162083002,44.30060759909992],[-78.32360859937857,44.300581139522706],[-78.32394837948242,44.30056593977009]]},"properties":{"id":"district-curb-8-4525","semantic_type":"curb","source_id":"city-of-peterborough-8/4525","confidence":0.98,"review_status":"source-aligned","render_in_semantic_layer":false,"source_role":"authoritative-curb-edge"}},{"type":"Feature","id":"district-curb-8-4527","geometry":{"type":"LineString","coordinates":[[-78.32319162697887,44.300607656861935],[-78.32317423737534,44.300607622683955],[-78.32315620350366,44.3006055189595]]},"properties":{"id":"district-curb-8-4527","semantic_type":"curb","source_id":"city-of-peterborough-8/4527","confidence":0.98,"review_status":"source-aligned","render_in_semantic_layer":false,"source_role":"authoritative-curb-edge"}},{"type":"Feature","id":"district-curb-8-4532","geometry":{"type":"LineString","coordinates":[[-78.32292923391957,44.30056823626533],[-78.3229188570465,44.30058603627903],[-78.32290361497094,44.300601024054586],[-78.32288327525463,44.300613486729134],[-78.32285951113238,44.30062213563218]]},"properties":{"id":"district-curb-8-4532","semantic_type":"curb","source_id":"city-of-peterborough-8/4532","confidence":0.98,"review_status":"source-aligned","render_in_semantic_layer":false,"source_role":"authoritative-curb-edge"}},{"type":"Feature","id":"district-curb-8-4533","geometry":{"type":"LineString","coordinates":[[-78.32512818053041,44.30060641703867],[-78.32439026580343,44.30064121834235]]},"properties":{"id":"district-curb-8-4533","semantic_type":"curb","source_id":"city-of-peterborough-8/4533","confidence":0.98,"review_status":"source-aligned","render_in_semantic_layer":false,"source_role":"authoritative-curb-edge"}},{"type":"Feature","id":"district-curb-8-4535","geometry":{"type":"LineString","coordinates":[[-78.32285951113238,44.30062213563218],[-78.3228429101949,44.300625488742064],[-78.32282669229237,44.300626952146004]]},"properties":{"id":"district-curb-8-4535","semantic_type":"curb","source_id":"city-of-peterborough-8/4535","confidence":0.98,"review_status":"source-aligned","render_in_semantic_layer":false,"source_role":"authoritative-curb-edge"}},{"type":"Feature","id":"district-curb-8-4552","geometry":{"type":"LineString","coordinates":[[-78.32397863345028,44.30066500984769],[-78.32358047840458,44.3006848539504]]},"properties":{"id":"district-curb-8-4552","semantic_type":"curb","source_id":"city-of-peterborough-8/4552","confidence":0.98,"review_status":"source-aligned","render_in_semantic_layer":false,"source_role":"authoritative-curb-edge"}},{"type":"Feature","id":"district-curb-8-4568","geometry":{"type":"LineString","coordinates":[[-78.32290247447173,44.30072589922696],[-78.32292282618081,44.30073608243248],[-78.32293914576499,44.30075068866751]]},"properties":{"id":"district-curb-8-4568","semantic_type":"curb","source_id":"city-of-peterborough-8/4568","confidence":0.98,"review_status":"source-aligned","render_in_semantic_layer":false,"source_role":"authoritative-curb-edge"}},{"type":"Feature","id":"district-curb-8-4574","geometry":{"type":"LineString","coordinates":[[-78.32259939334207,44.30072936176585],[-78.32210960822337,44.30074900776388]]},"properties":{"id":"district-curb-8-4574","semantic_type":"curb","source_id":"city-of-peterborough-8/4574","confidence":0.98,"review_status":"source-aligned","render_in_semantic_layer":false,"source_role":"authoritative-curb-edge"}},{"type":"Feature","id":"district-curb-8-4579","geometry":{"type":"LineString","coordinates":[[-78.32210960822337,44.30074900776388],[-78.32183323363114,44.300760820081585]]},"properties":{"id":"district-curb-8-4579","semantic_type":"curb","source_id":"city-of-peterborough-8/4579","confidence":0.98,"review_status":"source-aligned","render_in_semantic_layer":false,"source_role":"authoritative-curb-edge"}},{"type":"Feature","id":"district-curb-8-4581","geometry":{"type":"LineString","coordinates":[[-78.3197635237824,44.30065390317407],[-78.3196937758258,44.299661004033865]]},"properties":{"id":"district-curb-8-4581","semantic_type":"curb","source_id":"city-of-peterborough-8/4581","confidence":0.98,"review_status":"source-aligned","render_in_semantic_layer":false,"source_role":"authoritative-curb-edge"}},{"type":"Feature","id":"district-curb-8-4583","geometry":{"type":"LineString","coordinates":[[-78.32183323363114,44.300760820081585],[-78.32152207557033,44.30077436152747]]},"properties":{"id":"district-curb-8-4583","semantic_type":"curb","source_id":"city-of-peterborough-8/4583","confidence":0.98,"review_status":"source-aligned","render_in_semantic_layer":false,"source_role":"authoritative-curb-edge"}},{"type":"Feature","id":"district-curb-8-4585","geometry":{"type":"LineString","coordinates":[[-78.32247315901073,44.30064051064439],[-78.31990309705543,44.300739043535145]]},"properties":{"id":"district-curb-8-4585","semantic_type":"curb","source_id":"city-of-peterborough-8/4585","confidence":0.98,"review_status":"source-aligned","render_in_semantic_layer":false,"source_role":"authoritative-curb-edge"}},{"type":"Feature","id":"district-curb-8-4588","geometry":{"type":"LineString","coordinates":[[-78.32152207557033,44.30077436152747],[-78.32135577531442,44.30078207726316],[-78.32124530130942,44.30078530957711]]},"properties":{"id":"district-curb-8-4588","semantic_type":"curb","source_id":"city-of-peterborough-8/4588","confidence":0.98,"review_status":"source-aligned","render_in_semantic_layer":false,"source_role":"authoritative-curb-edge"}},{"type":"Feature","id":"district-curb-8-4592","geometry":{"type":"LineString","coordinates":[[-78.32124530130942,44.30078530957711],[-78.32097281824134,44.300795812099445]]},"properties":{"id":"district-curb-8-4592","semantic_type":"curb","source_id":"city-of-peterborough-8/4592","confidence":0.98,"review_status":"source-aligned","render_in_semantic_layer":false,"source_role":"authoritative-curb-edge"}},{"type":"Feature","id":"district-curb-8-4593","geometry":{"type":"LineString","coordinates":[[-78.31837747304833,44.30002690941346],[-78.31839922249094,44.300057684119245],[-78.31853618861396,44.30028121151363],[-78.31881289699666,44.30072179407911]]},"properties":{"id":"district-curb-8-4593","semantic_type":"curb","source_id":"city-of-peterborough-8/4593","confidence":0.98,"review_status":"source-aligned","render_in_semantic_layer":false,"source_role":"authoritative-curb-edge"}},{"type":"Feature","id":"district-curb-8-4596","geometry":{"type":"LineString","coordinates":[[-78.31959738807804,44.300651922410104],[-78.31952572497201,44.299592227054156],[-78.3194955683449,44.29918279517468],[-78.31948357969917,44.298965272843404],[-78.31947766134178,44.29881134108307]]},"properties":{"id":"district-curb-8-4596","semantic_type":"curb","source_id":"city-of-peterborough-8/4596","confidence":0.98,"review_status":"source-aligned","render_in_semantic_layer":false,"source_role":"authoritative-curb-edge"}},{"type":"Feature","id":"district-curb-8-4609","geometry":{"type":"LineString","coordinates":[[-78.32097281824134,44.300795812099445],[-78.3198622798231,44.3008381466035]]},"properties":{"id":"district-curb-8-4609","semantic_type":"curb","source_id":"city-of-peterborough-8/4609","confidence":0.98,"review_status":"source-aligned","render_in_semantic_layer":false,"source_role":"authoritative-curb-edge"}},{"type":"Feature","id":"district-curb-8-4626","geometry":{"type":"LineString","coordinates":[[-78.32639095412729,44.301067014757635],[-78.32635923445315,44.30061183016902],[-78.32635505352438,44.30059858457457],[-78.32634745918128,44.30058685432213]]},"properties":{"id":"district-curb-8-4626","semantic_type":"curb","source_id":"city-of-peterborough-8/4626","confidence":0.98,"review_status":"source-aligned","render_in_semantic_layer":false,"source_role":"authoritative-curb-edge"}},{"type":"Feature","id":"district-curb-8-4632","geometry":{"type":"LineString","coordinates":[[-78.31841834655097,44.30039387508991],[-78.31867306815535,44.30079960035236],[-78.31868434575743,44.30082290878531],[-78.31869329440649,44.300846735087376],[-78.31870720677335,44.30090745615273]]},"properties":{"id":"district-curb-8-4632","semantic_type":"curb","source_id":"city-of-peterborough-8/4632","confidence":0.98,"review_status":"source-aligned","render_in_semantic_layer":false,"source_role":"authoritative-curb-edge"}},{"type":"Feature","id":"district-curb-8-4788","geometry":{"type":"LineString","coordinates":[[-78.32639095412729,44.301067014757635],[-78.3264309268911,44.301662006874885]]},"properties":{"id":"district-curb-8-4788","semantic_type":"curb","source_id":"city-of-peterborough-8/4788","confidence":0.98,"review_status":"source-aligned","render_in_semantic_layer":false,"source_role":"authoritative-curb-edge"}},{"type":"Feature","id":"district-curb-8-4789","geometry":{"type":"LineString","coordinates":[[-78.32649929132744,44.30058466855746],[-78.3264974176262,44.30059768861342],[-78.32653284985655,44.30112032164731],[-78.32657311736044,44.301652430773494],[-78.32657787603048,44.30166626246629]]},"properties":{"id":"district-curb-8-4789","semantic_type":"curb","source_id":"city-of-peterborough-8/4789","confidence":0.98,"review_status":"source-aligned","render_in_semantic_layer":false,"source_role":"authoritative-curb-edge"}},{"type":"Feature","id":"district-curb-8-4793","geometry":{"type":"LineString","coordinates":[[-78.32657787603048,44.30166626246629],[-78.32658503429548,44.301677026393044]]},"properties":{"id":"district-curb-8-4793","semantic_type":"curb","source_id":"city-of-peterborough-8/4793","confidence":0.98,"review_status":"source-aligned","render_in_semantic_layer":false,"source_role":"authoritative-curb-edge"}},{"type":"Feature","id":"district-curb-8-4798","geometry":{"type":"LineString","coordinates":[[-78.3264309268911,44.301662006874885],[-78.32642869287581,44.3016753407881],[-78.32642242047882,44.30168799493337]]},"properties":{"id":"district-curb-8-4798","semantic_type":"curb","source_id":"city-of-peterborough-8/4798","confidence":0.98,"review_status":"source-aligned","render_in_semantic_layer":false,"source_role":"authoritative-curb-edge"}},{"type":"Feature","id":"district-curb-8-4799","geometry":{"type":"LineString","coordinates":[[-78.32318403631923,44.301618303253896],[-78.32316723577313,44.30141579229957],[-78.32312229858188,44.30076672265295],[-78.3231248967323,44.30075055156312],[-78.32313326788689,44.30073542423616],[-78.32314679019612,44.3007224172253],[-78.32316528622448,44.300712069235615]]},"properties":{"id":"district-curb-8-4799","semantic_type":"curb","source_id":"city-of-peterborough-8/4799","confidence":0.98,"review_status":"source-aligned","render_in_semantic_layer":false,"source_role":"authoritative-curb-edge"}},{"type":"Feature","id":"district-curb-8-4800","geometry":{"type":"LineString","coordinates":[[-78.32662397755911,44.30170155006],[-78.32660231683452,44.301691709573085],[-78.3265931636597,44.30168509512279],[-78.32658503429548,44.301677026393044]]},"properties":{"id":"district-curb-8-4800","semantic_type":"curb","source_id":"city-of-peterborough-8/4800","confidence":0.98,"review_status":"source-aligned","render_in_semantic_layer":false,"source_role":"authoritative-curb-edge"}},{"type":"Feature","id":"district-curb-8-4808","geometry":{"type":"LineString","coordinates":[[-78.32642242047882,44.30168799493337],[-78.32640846427698,44.301702423611545],[-78.32639940389994,44.30170836840109],[-78.32638776408147,44.30171386025207]]},"properties":{"id":"district-curb-8-4808","semantic_type":"curb","source_id":"city-of-peterborough-8/4808","confidence":0.98,"review_status":"source-aligned","render_in_semantic_layer":false,"source_role":"authoritative-curb-edge"}},{"type":"Feature","id":"district-curb-8-4820","geometry":{"type":"LineString","coordinates":[[-78.32544030858989,44.30173692799688],[-78.32543087653302,44.30172903212504],[-78.32542416609724,44.30172113610237],[-78.32541870174842,44.301711502029846],[-78.32541579678514,44.30170218270443],[-78.32538751657765,44.3013282673846],[-78.32534181408872,44.300646250260215],[-78.32534393857179,44.300636242129485],[-78.32534784729083,44.30062768834277],[-78.32535438996916,44.30061871732509],[-78.32536294914799,44.300610751452496]]},"properties":{"id":"district-curb-8-4820","semantic_type":"curb","source_id":"city-of-peterborough-8/4820","confidence":0.98,"review_status":"source-aligned","render_in_semantic_layer":false,"source_role":"authoritative-curb-edge"}},{"type":"Feature","id":"district-curb-8-4821","geometry":{"type":"LineString","coordinates":[[-78.31870720677335,44.30090745615273],[-78.31873073340955,44.30100620843534],[-78.31883207671066,44.30137831245551],[-78.31888571929161,44.30158730622434]]},"properties":{"id":"district-curb-8-4821","semantic_type":"curb","source_id":"city-of-peterborough-8/4821","confidence":0.98,"review_status":"source-aligned","render_in_semantic_layer":false,"source_role":"authoritative-curb-edge"}},{"type":"Feature","id":"district-curb-8-4823","geometry":{"type":"LineString","coordinates":[[-78.32638776408147,44.30171386025207],[-78.3263740398914,44.30171807350063],[-78.32635949621557,44.3017204841018],[-78.32558210462906,44.301751246279096]]},"properties":{"id":"district-curb-8-4823","semantic_type":"curb","source_id":"city-of-peterborough-8/4823","confidence":0.98,"review_status":"source-aligned","render_in_semantic_layer":false,"source_role":"authoritative-curb-edge"}},{"type":"Feature","id":"district-curb-8-4825","geometry":{"type":"LineString","coordinates":[[-78.32558210462906,44.301751246279096],[-78.32550300932836,44.30175437613714],[-78.32548862771912,44.301753880724895],[-78.32547456936607,44.30175165084638],[-78.32546123638981,44.3017477481397],[-78.32544030858989,44.30173692799688]]},"properties":{"id":"district-curb-8-4825","semantic_type":"curb","source_id":"city-of-peterborough-8/4825","confidence":0.98,"review_status":"source-aligned","render_in_semantic_layer":false,"source_role":"authoritative-curb-edge"}},{"type":"Feature","id":"district-curb-8-4834","geometry":{"type":"LineString","coordinates":[[-78.32516270835708,44.301769032643],[-78.32522614829422,44.30176632032011],[-78.32524777044469,44.30176227157135],[-78.32526816601757,44.30175572371356],[-78.32528685085833,44.30174690307612],[-78.32529745664685,44.30173751861268],[-78.32530639088058,44.30172430931051],[-78.32531045446096,44.301709920850406],[-78.32523481749263,44.30065446093576],[-78.32523194779179,44.300645525949285],[-78.32522604170443,44.30063598774814],[-78.32521797317743,44.30062730455524],[-78.32520917214703,44.30062050648558]]},"properties":{"id":"district-curb-8-4834","semantic_type":"curb","source_id":"city-of-peterborough-8/4834","confidence":0.98,"review_status":"source-aligned","render_in_semantic_layer":false,"source_role":"authoritative-curb-edge"}},{"type":"Feature","id":"district-curb-8-4841","geometry":{"type":"LineString","coordinates":[[-78.32447305899625,44.301795907755725],[-78.32453668495036,44.30179497912659],[-78.32488846845928,44.30177935030532],[-78.32516270835708,44.301769032643]]},"properties":{"id":"district-curb-8-4841","semantic_type":"curb","source_id":"city-of-peterborough-8/4841","confidence":0.98,"review_status":"source-aligned","render_in_semantic_layer":false,"source_role":"authoritative-curb-edge"}},{"type":"Feature","id":"district-curb-8-4853","geometry":{"type":"LineString","coordinates":[[-78.32554907370599,44.301851700569806],[-78.32638209984385,44.30182237586819],[-78.32639642559994,44.30182354956962],[-78.32641041776382,44.30182707238437],[-78.32642206636014,44.30183226343897],[-78.32643421798193,44.30184111870324]]},"properties":{"id":"district-curb-8-4853","semantic_type":"curb","source_id":"city-of-peterborough-8/4853","confidence":0.98,"review_status":"source-aligned","render_in_semantic_layer":false,"source_role":"authoritative-curb-edge"}},{"type":"Feature","id":"district-curb-8-4855","geometry":{"type":"LineString","coordinates":[[-78.32318403631923,44.301618303253896],[-78.32319865520624,44.301794466812716],[-78.32320009271338,44.30179874893565]]},"properties":{"id":"district-curb-8-4855","semantic_type":"curb","source_id":"city-of-peterborough-8/4855","confidence":0.98,"review_status":"source-aligned","render_in_semantic_layer":false,"source_role":"authoritative-curb-edge"}},{"type":"Feature","id":"district-curb-8-4856","geometry":{"type":"LineString","coordinates":[[-78.32320009271338,44.30179874893565],[-78.32320297360457,44.30180500590624]]},"properties":{"id":"district-curb-8-4856","semantic_type":"curb","source_id":"city-of-peterborough-8/4856","confidence":0.98,"review_status":"source-aligned","render_in_semantic_layer":false,"source_role":"authoritative-curb-edge"}},{"type":"Feature","id":"district-curb-8-4859","geometry":{"type":"LineString","coordinates":[[-78.3230179852004,44.301812119267865],[-78.32302111363995,44.30179873437637],[-78.32296884554097,44.30104405308503]]},"properties":{"id":"district-curb-8-4859","semantic_type":"curb","source_id":"city-of-peterborough-8/4859","confidence":0.98,"review_status":"source-aligned","render_in_semantic_layer":false,"source_role":"authoritative-curb-edge"}},{"type":"Feature","id":"district-curb-8-4864","geometry":{"type":"LineString","coordinates":[[-78.32325972632653,44.301840104394564],[-78.32324150973955,44.30183525595195],[-78.32322580299478,44.30182773131716],[-78.32321293436625,44.301817810073324],[-78.32320297360457,44.30180500590624]]},"properties":{"id":"district-curb-8-4864","semantic_type":"curb","source_id":"city-of-peterborough-8/4864","confidence":0.98,"review_status":"source-aligned","render_in_semantic_layer":false,"source_role":"authoritative-curb-edge"}},{"type":"Feature","id":"district-curb-8-4866","geometry":{"type":"LineString","coordinates":[[-78.32325972632653,44.301840104394564],[-78.32328190147818,44.301841597595356],[-78.32403558507991,44.301811372060236]]},"properties":{"id":"district-curb-8-4866","semantic_type":"curb","source_id":"city-of-peterborough-8/4866","confidence":0.98,"review_status":"source-aligned","render_in_semantic_layer":false,"source_role":"authoritative-curb-edge"}},{"type":"Feature","id":"district-curb-8-4867","geometry":{"type":"LineString","coordinates":[[-78.3230179852004,44.301812119267865],[-78.32301292091651,44.30182109871253],[-78.32300405362803,44.30183072899759],[-78.32299299996305,44.30183848584371],[-78.32298048544222,44.301844238619694]]},"properties":{"id":"district-curb-8-4867","semantic_type":"curb","source_id":"city-of-peterborough-8/4867","confidence":0.98,"review_status":"source-aligned","render_in_semantic_layer":false,"source_role":"authoritative-curb-edge"}},{"type":"Feature","id":"district-curb-8-4871","geometry":{"type":"LineString","coordinates":[[-78.32520255192124,44.30186535887842],[-78.32506341786157,44.301871771993355],[-78.3244177452874,44.30189545590592]]},"properties":{"id":"district-curb-8-4871","semantic_type":"curb","source_id":"city-of-peterborough-8/4871","confidence":0.98,"review_status":"source-aligned","render_in_semantic_layer":false,"source_role":"authoritative-curb-edge"}},{"type":"Feature","id":"district-curb-8-4873","geometry":{"type":"LineString","coordinates":[[-78.32298048544222,44.301844238619694],[-78.32296721290197,44.301847969597624],[-78.32295235556117,44.3018498583487],[-78.3225227159744,44.30186705986117],[-78.32250871616077,44.30186536395478],[-78.3224875819692,44.30185534417842],[-78.32247236951045,44.30185324350676]]},"properties":{"id":"district-curb-8-4873","semantic_type":"curb","source_id":"city-of-peterborough-8/4873","confidence":0.98,"review_status":"source-aligned","render_in_semantic_layer":false,"source_role":"authoritative-curb-edge"}},{"type":"Feature","id":"district-curb-8-4877","geometry":{"type":"LineString","coordinates":[[-78.325326762866,44.30195388857504],[-78.32532352992249,44.30192582407109],[-78.32532078072852,44.30191542175763],[-78.32531089314605,44.30189834766871],[-78.32529737544901,44.301885597181204],[-78.32527612949377,44.30187535023297],[-78.32525623820827,44.30186958419889],[-78.3252291532124,44.30186542764461],[-78.32520255192124,44.30186535887842]]},"properties":{"id":"district-curb-8-4877","semantic_type":"curb","source_id":"city-of-peterborough-8/4877","confidence":0.98,"review_status":"source-aligned","render_in_semantic_layer":false,"source_role":"authoritative-curb-edge"}},{"type":"Feature","id":"district-curb-8-4882","geometry":{"type":"LineString","coordinates":[[-78.3254342046209,44.301971885444864],[-78.3254336498106,44.30190874043233],[-78.32543972115836,44.30189094194283],[-78.3254497280374,44.3018784599795],[-78.32545896493791,44.30187001212678],[-78.32546746413787,44.30186497074694],[-78.32548146093741,44.30185887070985],[-78.32549260968409,44.30185549840442],[-78.32550291167537,44.30185384919712],[-78.32554907370599,44.301851700569806]]},"properties":{"id":"district-curb-8-4882","semantic_type":"curb","source_id":"city-of-peterborough-8/4882","confidence":0.98,"review_status":"source-aligned","render_in_semantic_layer":false,"source_role":"authoritative-curb-edge"}},{"type":"Feature","id":"district-curb-8-4885","geometry":{"type":"LineString","coordinates":[[-78.3233455217306,44.30193544898881],[-78.32407561097628,44.301907094373156]]},"properties":{"id":"district-curb-8-4885","semantic_type":"curb","source_id":"city-of-peterborough-8/4885","confidence":0.98,"review_status":"source-aligned","render_in_semantic_layer":false,"source_role":"authoritative-curb-edge"}},{"type":"Feature","id":"district-curb-8-4890","geometry":{"type":"LineString","coordinates":[[-78.32247236951045,44.30185324350676],[-78.32171126271324,44.30188987096549],[-78.32106720269817,44.301914449701805]]},"properties":{"id":"district-curb-8-4890","semantic_type":"curb","source_id":"city-of-peterborough-8/4890","confidence":0.98,"review_status":"source-aligned","render_in_semantic_layer":false,"source_role":"authoritative-curb-edge"}},{"type":"Feature","id":"district-curb-8-4893","geometry":{"type":"LineString","coordinates":[[-78.32106720269817,44.301914449701805],[-78.32091265693914,44.3019203466045]]},"properties":{"id":"district-curb-8-4893","semantic_type":"curb","source_id":"city-of-peterborough-8/4893","confidence":0.98,"review_status":"source-aligned","render_in_semantic_layer":false,"source_role":"authoritative-curb-edge"}},{"type":"Feature","id":"district-curb-8-4895","geometry":{"type":"LineString","coordinates":[[-78.32091265693914,44.3019203466045],[-78.32081963183832,44.301923896205146]]},"properties":{"id":"district-curb-8-4895","semantic_type":"curb","source_id":"city-of-peterborough-8/4895","confidence":0.98,"review_status":"source-aligned","render_in_semantic_layer":false,"source_role":"authoritative-curb-edge"}},{"type":"Feature","id":"district-curb-8-4898","geometry":{"type":"LineString","coordinates":[[-78.32302429976765,44.30198039431392],[-78.32301350868607,44.301969805148595],[-78.32299743080799,44.301960462219455],[-78.32298015751026,44.30195460863975],[-78.32296103998907,44.30195170793191]]},"properties":{"id":"district-curb-8-4898","semantic_type":"curb","source_id":"city-of-peterborough-8/4898","confidence":0.98,"review_status":"source-aligned","render_in_semantic_layer":false,"source_role":"authoritative-curb-edge"}},{"type":"Feature","id":"district-curb-8-4899","geometry":{"type":"LineString","coordinates":[[-78.32320778269803,44.30198531026749],[-78.32321381467162,44.3019731899292],[-78.32322417433541,44.30196128631098],[-78.32323796520848,44.30195133933337],[-78.32325302969008,44.30194437153141],[-78.32326662852667,44.30194041229891],[-78.32328095761514,44.30193814830748],[-78.3233455217306,44.30193544898881]]},"properties":{"id":"district-curb-8-4899","semantic_type":"curb","source_id":"city-of-peterborough-8/4899","confidence":0.98,"review_status":"source-aligned","render_in_semantic_layer":false,"source_role":"authoritative-curb-edge"}},{"type":"Feature","id":"district-curb-8-4905","geometry":{"type":"LineString","coordinates":[[-78.32296103998907,44.30195170793191],[-78.32220326128144,44.30198041055208],[-78.32219155483773,44.30198190047479],[-78.32218170124895,44.301984658241246],[-78.32217167387769,44.30198925209862],[-78.32216375027022,44.30199475147272]]},"properties":{"id":"district-curb-8-4905","semantic_type":"curb","source_id":"city-of-peterborough-8/4905","confidence":0.98,"review_status":"source-aligned","render_in_semantic_layer":false,"source_role":"authoritative-curb-edge"}},{"type":"Feature","id":"district-curb-8-4906","geometry":{"type":"LineString","coordinates":[[-78.31888571929161,44.30158730622434],[-78.31893293930928,44.30175375771338],[-78.31896127243971,44.30186380788704],[-78.31897461672781,44.30192206591231]]},"properties":{"id":"district-curb-8-4906","semantic_type":"curb","source_id":"city-of-peterborough-8/4906","confidence":0.98,"review_status":"source-aligned","render_in_semantic_layer":false,"source_role":"authoritative-curb-edge"}},{"type":"Feature","id":"district-curb-8-4907","geometry":{"type":"LineString","coordinates":[[-78.3198771633936,44.3019479701377],[-78.31986873774719,44.30194174764646],[-78.31986205257918,44.30193430383031],[-78.31985756408142,44.30192605452596],[-78.31985545028364,44.301917329814415],[-78.31978626165308,44.30093696510268]]},"properties":{"id":"district-curb-8-4907","semantic_type":"curb","source_id":"city-of-peterborough-8/4907","confidence":0.98,"review_status":"source-aligned","render_in_semantic_layer":false,"source_role":"authoritative-curb-edge"}},{"type":"Feature","id":"district-curb-8-4908","geometry":{"type":"LineString","coordinates":[[-78.31990952828193,44.30195810283871],[-78.31989248439766,44.301954789361176],[-78.3198771633936,44.3019479701377]]},"properties":{"id":"district-curb-8-4908","semantic_type":"curb","source_id":"city-of-peterborough-8/4908","confidence":0.98,"review_status":"source-aligned","render_in_semantic_layer":false,"source_role":"authoritative-curb-edge"}},{"type":"Feature","id":"district-curb-8-4909","geometry":{"type":"LineString","coordinates":[[-78.32081963183832,44.301923896205146],[-78.31990952828193,44.30195810283871]]},"properties":{"id":"district-curb-8-4909","semantic_type":"curb","source_id":"city-of-peterborough-8/4909","confidence":0.98,"review_status":"source-aligned","render_in_semantic_layer":false,"source_role":"authoritative-curb-edge"}},{"type":"Feature","id":"district-curb-8-4911","geometry":{"type":"LineString","coordinates":[[-78.3196888642946,44.30195814593329],[-78.31969189488075,44.301952048388856],[-78.31969265736585,44.30194537902671],[-78.31964023731877,44.30122454406964]]},"properties":{"id":"district-curb-8-4911","semantic_type":"curb","source_id":"city-of-peterborough-8/4911","confidence":0.98,"review_status":"source-aligned","render_in_semantic_layer":false,"source_role":"authoritative-curb-edge"}},{"type":"Feature","id":"district-curb-8-4919","geometry":{"type":"LineString","coordinates":[[-78.32216375027022,44.30199475147272],[-78.3221565915611,44.30200234123075],[-78.32215184149337,44.30201118936522],[-78.32215007327667,44.30201963570651],[-78.3221507872327,44.302032381488885]]},"properties":{"id":"district-curb-8-4919","semantic_type":"curb","source_id":"city-of-peterborough-8/4919","confidence":0.98,"review_status":"source-aligned","render_in_semantic_layer":false,"source_role":"authoritative-curb-edge"}},{"type":"Feature","id":"district-curb-8-4920","geometry":{"type":"LineString","coordinates":[[-78.3189868964576,44.30128684706096],[-78.31902727153863,44.30144969868616],[-78.31907536016362,44.30161594004937],[-78.31911864819733,44.301782968019644],[-78.3191365721419,44.30184375803402],[-78.3191473650036,44.30189029931529],[-78.31915877086837,44.30195886409185],[-78.3191614710389,44.301966492544565]]},"properties":{"id":"district-curb-8-4920","semantic_type":"curb","source_id":"city-of-peterborough-8/4920","confidence":0.98,"review_status":"source-aligned","render_in_semantic_layer":false,"source_role":"authoritative-curb-edge"}},{"type":"Feature","id":"district-curb-8-4924","geometry":{"type":"LineString","coordinates":[[-78.32201340439784,44.30201249072288],[-78.32199905949881,44.30200471158075],[-78.32198100281182,44.30199833351447],[-78.32196262537066,44.30199479009832],[-78.32194632660523,44.301993778414875],[-78.32107830417718,44.30202873317368]]},"properties":{"id":"district-curb-8-4924","semantic_type":"curb","source_id":"city-of-peterborough-8/4924","confidence":0.98,"review_status":"source-aligned","render_in_semantic_layer":false,"source_role":"authoritative-curb-edge"}},{"type":"Feature","id":"district-curb-8-4927","geometry":{"type":"LineString","coordinates":[[-78.3191614710389,44.301966492544565],[-78.3191685206081,44.301975457427126],[-78.31917904474328,44.30198256111128],[-78.31919204455144,44.30198708242101],[-78.31920512350064,44.30198859955922],[-78.3196606246877,44.30197189448541],[-78.31966873290848,44.301970660637046],[-78.31967708666882,44.301967695917085],[-78.319684069323,44.30196326395806],[-78.3196888642946,44.30195814593329]]},"properties":{"id":"district-curb-8-4927","semantic_type":"curb","source_id":"city-of-peterborough-8/4927","confidence":0.98,"review_status":"source-aligned","render_in_semantic_layer":false,"source_role":"authoritative-curb-edge"}},{"type":"Feature","id":"district-curb-8-4930","geometry":{"type":"LineString","coordinates":[[-78.32107830417718,44.30202873317368],[-78.3208254629738,44.302038914865015]]},"properties":{"id":"district-curb-8-4930","semantic_type":"curb","source_id":"city-of-peterborough-8/4930","confidence":0.98,"review_status":"source-aligned","render_in_semantic_layer":false,"source_role":"authoritative-curb-edge"}},{"type":"Feature","id":"district-curb-8-4947","geometry":{"type":"LineString","coordinates":[[-78.31793713923291,44.30209994915842],[-78.31793478749674,44.30208302539008],[-78.31793584338665,44.30207143391138],[-78.31794056508411,44.30205898507473],[-78.31794881340961,44.30204752298003],[-78.31796022288681,44.30203755759949],[-78.31797505110487,44.3020291859125],[-78.3179912290327,44.302023575579625],[-78.31800957816388,44.30202044340849],[-78.31802754263056,44.3020202235989],[-78.31804517059774,44.302022712019316],[-78.31805770041818,44.302026293328694],[-78.31807390747036,44.30203567329893],[-78.31809146939334,44.302042280733374],[-78.3181114350431,44.30204651028856],[-78.31813217273812,44.30204779966538],[-78.31887009270534,44.30201604866431],[-78.31888945585365,44.30201399259411],[-78.31890897821522,44.30200926643412],[-78.31892782746569,44.302001648072284],[-78.31894358220542,44.30199211505557],[-78.3189572337856,44.30198006767713],[-78.31896703068142,44.30196705198927],[-78.31897358804342,44.30195225058426],[-78.31897609087056,44.30193682278452],[-78.31897461672781,44.30192206591231]]},"properties":{"id":"district-curb-8-4947","semantic_type":"curb","source_id":"city-of-peterborough-8/4947","confidence":0.98,"review_status":"source-aligned","render_in_semantic_layer":false,"source_role":"authoritative-curb-edge"}},{"type":"Feature","id":"district-curb-8-4957","geometry":{"type":"LineString","coordinates":[[-78.31890670574803,44.30212068279501],[-78.3188949239162,44.30212021970558],[-78.31859481524343,44.30213386593074],[-78.3183420928175,44.30211538724917],[-78.31810403979952,44.302125129777686],[-78.31809035711824,44.30212665567283],[-78.31807715974921,44.302129664023255],[-78.31806396396566,44.30213442615119],[-78.31805272628299,44.3021402353933],[-78.31804285464774,44.30214720928017],[-78.31803458100427,44.30215518220901],[-78.31802809804351,44.30216396964919],[-78.31802355815543,44.302173363616085]]},"properties":{"id":"district-curb-8-4957","semantic_type":"curb","source_id":"city-of-peterborough-8/4957","confidence":0.98,"review_status":"source-aligned","render_in_semantic_layer":false,"source_role":"authoritative-curb-edge"}},{"type":"Feature","id":"district-curb-8-4964","geometry":{"type":"LineString","coordinates":[[-78.31802057863048,44.30218972818657],[-78.31802355815543,44.302173363616085]]},"properties":{"id":"district-curb-8-4964","semantic_type":"curb","source_id":"city-of-peterborough-8/4964","confidence":0.98,"review_status":"source-aligned","render_in_semantic_layer":false,"source_role":"authoritative-curb-edge"}},{"type":"Feature","id":"district-curb-8-4968","geometry":{"type":"LineString","coordinates":[[-78.31802057863048,44.30218972818657],[-78.31802074009349,44.30219377873029],[-78.31794571277668,44.302197190681774],[-78.31793713923291,44.30209994915842]]},"properties":{"id":"district-curb-8-4968","semantic_type":"curb","source_id":"city-of-peterborough-8/4968","confidence":0.98,"review_status":"source-aligned","render_in_semantic_layer":false,"source_role":"authoritative-curb-edge"}},{"type":"Feature","id":"district-curb-8-4999","geometry":{"type":"LineString","coordinates":[[-78.32206044415808,44.302388220750125],[-78.32205982048323,44.30237382147433],[-78.322068295566,44.30233442967028],[-78.32204625638845,44.302061253478556],[-78.32204321977949,44.3020478122071],[-78.32203722207413,44.30203577702274],[-78.32202602847327,44.302022382957105],[-78.32201340439784,44.30201249072288]]},"properties":{"id":"district-curb-8-4999","semantic_type":"curb","source_id":"city-of-peterborough-8/4999","confidence":0.98,"review_status":"source-aligned","render_in_semantic_layer":false,"source_role":"authoritative-curb-edge"}},{"type":"Feature","id":"district-curb-8-5029","geometry":{"type":"LineString","coordinates":[[-78.32307660248064,44.302586927427974],[-78.32303670924478,44.30200898648403],[-78.32303339316985,44.3019944079352],[-78.32302429976765,44.30198039431392]]},"properties":{"id":"district-curb-8-5029","semantic_type":"curb","source_id":"city-of-peterborough-8/5029","confidence":0.98,"review_status":"source-aligned","render_in_semantic_layer":false,"source_role":"authoritative-curb-edge"}},{"type":"Feature","id":"district-curb-8-5100","geometry":{"type":"LineString","coordinates":[[-78.32643421798193,44.30184111870324],[-78.32644300621543,44.30185253930684],[-78.32644714783778,44.30186524470858],[-78.32653200645879,44.30302236749577],[-78.32653113309965,44.30303182606935],[-78.32652583202302,44.303044620903606]]},"properties":{"id":"district-curb-8-5100","semantic_type":"curb","source_id":"city-of-peterborough-8/5100","confidence":0.98,"review_status":"source-aligned","render_in_semantic_layer":false,"source_role":"authoritative-curb-edge"}},{"type":"Feature","id":"district-curb-8-5107","geometry":{"type":"LineString","coordinates":[[-78.32652583202302,44.303044620903606],[-78.32651668436932,44.30305549177955],[-78.32650526162513,44.303063761582045],[-78.3264901975309,44.303070419226],[-78.32647368592815,44.30307416837695]]},"properties":{"id":"district-curb-8-5107","semantic_type":"curb","source_id":"city-of-peterborough-8/5107","confidence":0.98,"review_status":"source-aligned","render_in_semantic_layer":false,"source_role":"authoritative-curb-edge"}},{"type":"Feature","id":"district-curb-8-5119","geometry":{"type":"LineString","coordinates":[[-78.32559552238148,44.30311846654496],[-78.3255808572848,44.303117111938796],[-78.32556671097643,44.303114023846426],[-78.32555347696929,44.30310928801159],[-78.32554029088098,44.30310225578817],[-78.3255301514719,44.303094527009364],[-78.32552116248165,44.303084655513636],[-78.32551536943406,44.30307488590652],[-78.32551182564367,44.303064118374714],[-78.3254342046209,44.301971885444864]]},"properties":{"id":"district-curb-8-5119","semantic_type":"curb","source_id":"city-of-peterborough-8/5119","confidence":0.98,"review_status":"source-aligned","render_in_semantic_layer":false,"source_role":"authoritative-curb-edge"}},{"type":"Feature","id":"district-curb-8-5120","geometry":{"type":"LineString","coordinates":[[-78.32647368592815,44.30307416837695],[-78.32559552238148,44.30311846654496]]},"properties":{"id":"district-curb-8-5120","semantic_type":"curb","source_id":"city-of-peterborough-8/5120","confidence":0.98,"review_status":"source-aligned","render_in_semantic_layer":false,"source_role":"authoritative-curb-edge"}},{"type":"Feature","id":"district-curb-8-5121","geometry":{"type":"LineString","coordinates":[[-78.3253652026355,44.3031240174641],[-78.32538327356762,44.30311301815976],[-78.32539695279965,44.30309912508836],[-78.32540537762505,44.30308322551775],[-78.32540801266833,44.303066314315956],[-78.325326762866,44.30195388857504]]},"properties":{"id":"district-curb-8-5121","semantic_type":"curb","source_id":"city-of-peterborough-8/5121","confidence":0.98,"review_status":"source-aligned","render_in_semantic_layer":false,"source_role":"authoritative-curb-edge"}},{"type":"Feature","id":"district-curb-8-5123","geometry":{"type":"LineString","coordinates":[[-78.3253363685055,44.30313257419078],[-78.32535022474515,44.3031297127792],[-78.3253652026355,44.3031240174641]]},"properties":{"id":"district-curb-8-5123","semantic_type":"curb","source_id":"city-of-peterborough-8/5123","confidence":0.98,"review_status":"source-aligned","render_in_semantic_layer":false,"source_role":"authoritative-curb-edge"}},{"type":"Feature","id":"district-curb-8-5127","geometry":{"type":"LineString","coordinates":[[-78.32653752035284,44.303223813231995],[-78.32652927251301,44.30321459477058],[-78.32651665078009,44.30320548453183],[-78.3265031388065,44.30319897235013],[-78.32648817305217,44.303194382421474]]},"properties":{"id":"district-curb-8-5127","semantic_type":"curb","source_id":"city-of-peterborough-8/5127","confidence":0.98,"review_status":"source-aligned","render_in_semantic_layer":false,"source_role":"authoritative-curb-edge"}},{"type":"Feature","id":"district-curb-8-5128","geometry":{"type":"LineString","coordinates":[[-78.32648817305217,44.303194382421474],[-78.32646252787578,44.303191411338595],[-78.32602364475876,44.30321198633991]]},"properties":{"id":"district-curb-8-5128","semantic_type":"curb","source_id":"city-of-peterborough-8/5128","confidence":0.98,"review_status":"source-aligned","render_in_semantic_layer":false,"source_role":"authoritative-curb-edge"}},{"type":"Feature","id":"district-curb-8-5129","geometry":{"type":"LineString","coordinates":[[-78.3245193638579,44.30317475000183],[-78.3253363685055,44.30313257419078]]},"properties":{"id":"district-curb-8-5129","semantic_type":"curb","source_id":"city-of-peterborough-8/5129","confidence":0.98,"review_status":"source-aligned","render_in_semantic_layer":false,"source_role":"authoritative-curb-edge"}},{"type":"Feature","id":"district-curb-8-5132","geometry":{"type":"LineString","coordinates":[[-78.32311702176771,44.30317252671096],[-78.32307660248064,44.302586927427974]]},"properties":{"id":"district-curb-8-5132","semantic_type":"curb","source_id":"city-of-peterborough-8/5132","confidence":0.98,"review_status":"source-aligned","render_in_semantic_layer":false,"source_role":"authoritative-curb-edge"}},{"type":"Feature","id":"district-curb-8-5135","geometry":{"type":"LineString","coordinates":[[-78.32602364475876,44.30321198633991],[-78.32559134475109,44.303232302461794],[-78.32557809716128,44.30323423917293],[-78.32556556596623,44.30323787438682],[-78.32555415666141,44.30324308526347],[-78.32554505755556,44.30324907499023]]},"properties":{"id":"district-curb-8-5135","semantic_type":"curb","source_id":"city-of-peterborough-8/5135","confidence":0.98,"review_status":"source-aligned","render_in_semantic_layer":false,"source_role":"authoritative-curb-edge"}},{"type":"Feature","id":"district-curb-8-5138","geometry":{"type":"LineString","coordinates":[[-78.3243040798899,44.30320515586408],[-78.32420911395138,44.30320866903584],[-78.32419127076354,44.30320717853283],[-78.32417516119139,44.30320036931064],[-78.32415404871358,44.3031941576292],[-78.3241372647492,44.30319126320666],[-78.32400718908718,44.3031949956814],[-78.32344398806835,44.30322485763826],[-78.3233470564273,44.30322685204487],[-78.32333007991264,44.303224636299454],[-78.32331530442407,44.30321994778438],[-78.32330239148422,44.303212979325394],[-78.32329200915625,44.30320409229569],[-78.32328373204759,44.303191751649614],[-78.32328033704287,44.30317827229938],[-78.32320726930394,44.30198565563872]]},"properties":{"id":"district-curb-8-5138","semantic_type":"curb","source_id":"city-of-peterborough-8/5138","confidence":0.98,"review_status":"source-aligned","render_in_semantic_layer":false,"source_role":"authoritative-curb-edge"}},{"type":"Feature","id":"district-curb-8-5143","geometry":{"type":"LineString","coordinates":[[-78.32455829629055,44.30328775344571],[-78.32533751234719,44.30324916450016]]},"properties":{"id":"district-curb-8-5143","semantic_type":"curb","source_id":"city-of-peterborough-8/5143","confidence":0.98,"review_status":"source-aligned","render_in_semantic_layer":false,"source_role":"authoritative-curb-edge"}},{"type":"Feature","id":"district-curb-8-5146","geometry":{"type":"LineString","coordinates":[[-78.322297533837,44.30327550425765],[-78.32306425594666,44.30324565585391],[-78.32307619524897,44.30324224830904],[-78.32308808467187,44.30323662941051],[-78.32309803984617,44.303229325743956],[-78.32310496606685,44.30322158373068],[-78.32311098329238,44.30321012205774],[-78.3231150404627,44.303197984224504],[-78.32311731078657,44.30318403544128],[-78.32311702176771,44.30317252671096]]},"properties":{"id":"district-curb-8-5146","semantic_type":"curb","source_id":"city-of-peterborough-8/5146","confidence":0.98,"review_status":"source-aligned","render_in_semantic_layer":false,"source_role":"authoritative-curb-edge"}},{"type":"Feature","id":"district-curb-8-5153","geometry":{"type":"LineString","coordinates":[[-78.32415300936223,44.30330668242843],[-78.32340440390514,44.30334173443966]]},"properties":{"id":"district-curb-8-5153","semantic_type":"curb","source_id":"city-of-peterborough-8/5153","confidence":0.98,"review_status":"source-aligned","render_in_semantic_layer":false,"source_role":"authoritative-curb-edge"}},{"type":"Feature","id":"district-curb-8-5157","geometry":{"type":"LineString","coordinates":[[-78.32141193573118,44.30331678421281],[-78.32207616577689,44.30328642341453]]},"properties":{"id":"district-curb-8-5157","semantic_type":"curb","source_id":"city-of-peterborough-8/5157","confidence":0.98,"review_status":"source-aligned","render_in_semantic_layer":false,"source_role":"authoritative-curb-edge"}},{"type":"Feature","id":"district-curb-8-5160","geometry":{"type":"LineString","coordinates":[[-78.32107462788574,44.30333211452428],[-78.32141193573118,44.30331678421281]]},"properties":{"id":"district-curb-8-5160","semantic_type":"curb","source_id":"city-of-peterborough-8/5160","confidence":0.98,"review_status":"source-aligned","render_in_semantic_layer":false,"source_role":"authoritative-curb-edge"}},{"type":"Feature","id":"district-curb-8-5164","geometry":{"type":"LineString","coordinates":[[-78.32044993413373,44.303360503190035],[-78.32107462788574,44.30333211452428]]},"properties":{"id":"district-curb-8-5164","semantic_type":"curb","source_id":"city-of-peterborough-8/5164","confidence":0.98,"review_status":"source-aligned","render_in_semantic_layer":false,"source_role":"authoritative-curb-edge"}},{"type":"Feature","id":"district-curb-8-5165","geometry":{"type":"LineString","coordinates":[[-78.3208254629738,44.302038914865015],[-78.31991986469914,44.30207537358548],[-78.31990329796834,44.30207881619651],[-78.31988961595096,44.30208451421223],[-78.31987722647918,44.30209312976657],[-78.31986885596923,44.302102767869656],[-78.31986328006144,44.30211556674445],[-78.31986323976365,44.30212683277913],[-78.31995115619443,44.303250983760584],[-78.31993460359693,44.303291915183],[-78.31993066399102,44.30331924425232],[-78.31993574959603,44.303337731128615],[-78.3199479955502,44.30335419214419]]},"properties":{"id":"district-curb-8-5165","semantic_type":"curb","source_id":"city-of-peterborough-8/5165","confidence":0.98,"review_status":"source-aligned","render_in_semantic_layer":false,"source_role":"authoritative-curb-edge"}},{"type":"Feature","id":"district-curb-8-5169","geometry":{"type":"LineString","coordinates":[[-78.3199479955502,44.30335419214419],[-78.31996160913361,44.303364680414475],[-78.31997792086507,44.30337262932822],[-78.31999786867183,44.303378089714236],[-78.32001740971371,44.303379955639706],[-78.32044993413373,44.303360503190035]]},"properties":{"id":"district-curb-8-5169","semantic_type":"curb","source_id":"city-of-peterborough-8/5169","confidence":0.98,"review_status":"source-aligned","render_in_semantic_layer":false,"source_role":"authoritative-curb-edge"}},{"type":"Feature","id":"district-curb-8-5170","geometry":{"type":"LineString","coordinates":[[-78.31979978274748,44.30337656276351],[-78.3198112848323,44.303357238283404],[-78.31981391784217,44.303349163394174],[-78.31981580924038,44.30334080100846],[-78.31981596941249,44.303320734872194],[-78.31981030060227,44.3032959215476],[-78.31978842529156,44.30324386069504],[-78.31975041181894,44.30270375830223],[-78.31970514160079,44.302111642946265],[-78.31970215980607,44.30210345242203],[-78.31969524624463,44.30209659201528],[-78.3196853361021,44.30209199836706],[-78.3196727879051,44.30209019485431]]},"properties":{"id":"district-curb-8-5170","semantic_type":"curb","source_id":"city-of-peterborough-8/5170","confidence":0.98,"review_status":"source-aligned","render_in_semantic_layer":false,"source_role":"authoritative-curb-edge"}},{"type":"Feature","id":"district-curb-8-5173","geometry":{"type":"LineString","coordinates":[[-78.32554505755556,44.30324907499023],[-78.32553781894724,44.30325567008088],[-78.32553138212897,44.30326420875149],[-78.32552755532004,44.30327239084498],[-78.32552552468589,44.30328198704637],[-78.32554343374757,44.303532191506775]]},"properties":{"id":"district-curb-8-5173","semantic_type":"curb","source_id":"city-of-peterborough-8/5173","confidence":0.98,"review_status":"source-aligned","render_in_semantic_layer":false,"source_role":"authoritative-curb-edge"}},{"type":"Feature","id":"district-curb-8-5176","geometry":{"type":"LineString","coordinates":[[-78.32303821597381,44.30336238471404],[-78.32137571055497,44.303435792659336],[-78.32135489211947,44.303444062029634]]},"properties":{"id":"district-curb-8-5176","semantic_type":"curb","source_id":"city-of-peterborough-8/5176","confidence":0.98,"review_status":"source-aligned","render_in_semantic_layer":false,"source_role":"authoritative-curb-edge"}},{"type":"Feature","id":"district-curb-8-5179","geometry":{"type":"LineString","coordinates":[[-78.32135489211947,44.303444062029634],[-78.32105886833715,44.303458249926756]]},"properties":{"id":"district-curb-8-5179","semantic_type":"curb","source_id":"city-of-peterborough-8/5179","confidence":0.98,"review_status":"source-aligned","render_in_semantic_layer":false,"source_role":"authoritative-curb-edge"}},{"type":"Feature","id":"district-curb-8-5180","geometry":{"type":"LineString","coordinates":[[-78.32105886833715,44.303458249926756],[-78.3210509136861,44.30345825409686],[-78.32102765282221,44.30345115775852],[-78.32089009920112,44.30345729496927]]},"properties":{"id":"district-curb-8-5180","semantic_type":"curb","source_id":"city-of-peterborough-8/5180","confidence":0.98,"review_status":"source-aligned","render_in_semantic_layer":false,"source_role":"authoritative-curb-edge"}},{"type":"Feature","id":"district-curb-8-5185","geometry":{"type":"LineString","coordinates":[[-78.32671262921149,44.303618052543406],[-78.32668576853918,44.30322958457197],[-78.32669056707077,44.30321568142238],[-78.32669938854009,44.30320285559201],[-78.32671190004255,44.30319172947812],[-78.3267261000914,44.30318347698312]]},"properties":{"id":"district-curb-8-5185","semantic_type":"curb","source_id":"city-of-peterborough-8/5185","confidence":0.98,"review_status":"source-aligned","render_in_semantic_layer":false,"source_role":"authoritative-curb-edge"}},{"type":"Feature","id":"district-curb-8-5186","geometry":{"type":"LineString","coordinates":[[-78.3196727879051,44.30209019485431],[-78.31917232749781,44.30211093336066],[-78.31916006987092,44.30211307263169],[-78.31914784571522,44.3021177802807],[-78.31913777048267,44.302124630644215],[-78.31913108243077,44.30213230958961],[-78.31912690901522,44.30214180853746],[-78.31884888961251,44.30336518986608],[-78.31884540373514,44.30338535343881],[-78.31884823916111,44.30339551755635],[-78.31885334592607,44.30340483474607],[-78.31886159753097,44.303414247409506],[-78.31887109707799,44.303421583634226],[-78.31888356896576,44.30342817852267],[-78.31889614391282,44.303432510731064],[-78.31891110745929,44.30343537577112],[-78.3189246313707,44.303435938294854],[-78.31975870321911,44.303397950304166],[-78.31977152574588,44.30339579992603],[-78.31978290930174,44.30339152441321],[-78.31978891983347,44.30338807163245],[-78.31979978274748,44.30337656276351]]},"properties":{"id":"district-curb-8-5186","semantic_type":"curb","source_id":"city-of-peterborough-8/5186","confidence":0.98,"review_status":"source-aligned","render_in_semantic_layer":false,"source_role":"authoritative-curb-edge"}},{"type":"Feature","id":"district-curb-8-5188","geometry":{"type":"LineString","coordinates":[[-78.3186476252801,44.30343223155067],[-78.31866539492819,44.30341912408729],[-78.31867054705698,44.30341203208425],[-78.31867342647492,44.30340430331483],[-78.31878504634773,44.30293352213888],[-78.3188087130613,44.30284882171645],[-78.31886431415347,44.302556243644005],[-78.31894217081064,44.30219781346141],[-78.31894812939811,44.30215800897502],[-78.3189453841664,44.30214415853731],[-78.3189403514988,44.30213671206792],[-78.3189323907475,44.302129890038444],[-78.31891671737611,44.30212257896045],[-78.31890670574803,44.30212068279501]]},"properties":{"id":"district-curb-8-5188","semantic_type":"curb","source_id":"city-of-peterborough-8/5188","confidence":0.98,"review_status":"source-aligned","render_in_semantic_layer":false,"source_role":"authoritative-curb-edge"}},{"type":"Feature","id":"district-curb-8-5190","geometry":{"type":"LineString","coordinates":[[-78.32657306143084,44.30362628130073],[-78.32654767488917,44.30324479346919],[-78.32654367447836,44.303232813403724],[-78.32653752035284,44.303223813231995]]},"properties":{"id":"district-curb-8-5190","semantic_type":"curb","source_id":"city-of-peterborough-8/5190","confidence":0.98,"review_status":"source-aligned","render_in_semantic_layer":false,"source_role":"authoritative-curb-edge"}},{"type":"Feature","id":"district-curb-8-5198","geometry":{"type":"LineString","coordinates":[[-78.31839970697492,44.30345606367124],[-78.31859956345646,44.30344682591016],[-78.31862877608268,44.30344159910538],[-78.3186476252801,44.30343223155067]]},"properties":{"id":"district-curb-8-5198","semantic_type":"curb","source_id":"city-of-peterborough-8/5198","confidence":0.98,"review_status":"source-aligned","render_in_semantic_layer":false,"source_role":"authoritative-curb-edge"}},{"type":"Feature","id":"district-curb-8-5201","geometry":{"type":"LineString","coordinates":[[-78.32089009920112,44.30345729496927],[-78.3201716900428,44.30348996271451],[-78.32002632695738,44.30349522412683],[-78.32001464290268,44.303496792675055],[-78.32000250697799,44.30350052118311],[-78.31999285876628,44.30350550636749],[-78.31998435517836,44.30351230817777]]},"properties":{"id":"district-curb-8-5201","semantic_type":"curb","source_id":"city-of-peterborough-8/5201","confidence":0.98,"review_status":"source-aligned","render_in_semantic_layer":false,"source_role":"authoritative-curb-edge"}},{"type":"Feature","id":"district-curb-8-5206","geometry":{"type":"LineString","coordinates":[[-78.3189119781112,44.30351111139709],[-78.31907912303348,44.30350388182081],[-78.31908613219551,44.30350052455378],[-78.31908846732371,44.30349500127535],[-78.31908490792485,44.30348930894623],[-78.31907768965787,44.303486769883136],[-78.3189076710219,44.303493952666116],[-78.31890084801883,44.30349715854657],[-78.31889837800456,44.30350148668491],[-78.31889861174135,44.30350414439376],[-78.31890382372184,44.303509775613705],[-78.3189119781112,44.30351111139709]]},"properties":{"id":"district-curb-8-5206","semantic_type":"curb","source_id":"city-of-peterborough-8/5206","confidence":0.98,"review_status":"source-aligned","render_in_semantic_layer":false,"source_role":"authoritative-curb-edge"}},{"type":"Feature","id":"district-curb-8-5228","geometry":{"type":"LineString","coordinates":[[-78.31885586812498,44.303604060677785],[-78.31885678825661,44.30359473110333],[-78.31886014218682,44.30358569456776],[-78.31886580993263,44.30357727325295],[-78.31887358709089,44.30356977115282],[-78.31888319438289,44.303563457192254],[-78.31889428800069,44.303558558267916],[-78.31890646886482,44.3035552486625],[-78.31891930149098,44.30355364868738],[-78.31917542850096,44.303541828873506],[-78.31934232055164,44.30353566610378],[-78.31975301814516,44.30351320094128],[-78.31977370297001,44.30351599404314],[-78.31979158840859,44.3035239628294],[-78.31980425741864,44.303536033234764],[-78.31980806711795,44.30354311334523],[-78.31981003878677,44.30355085791696]]},"properties":{"id":"district-curb-8-5228","semantic_type":"curb","source_id":"city-of-peterborough-8/5228","confidence":0.98,"review_status":"source-aligned","render_in_semantic_layer":false,"source_role":"authoritative-curb-edge"}},{"type":"Feature","id":"district-curb-8-5237","geometry":{"type":"LineString","coordinates":[[-78.31780899765768,44.30363268914966],[-78.31780217144868,44.303625205889254],[-78.31779884766037,44.303617426810646],[-78.31779854245876,44.3036088273867],[-78.3178009835276,44.303602467565234],[-78.31780994369137,44.30359299741966],[-78.31783096929458,44.303585778788275],[-78.31784477856667,44.30358343574635],[-78.31843692761703,44.30355756843565],[-78.31855030625927,44.30355473118479],[-78.3186178219714,44.30355077147217],[-78.31864018170123,44.30355271014811],[-78.31865292976256,44.3035564621694],[-78.31866320141418,44.30356132457889]]},"properties":{"id":"district-curb-8-5237","semantic_type":"curb","source_id":"city-of-peterborough-8/5237","confidence":0.98,"review_status":"source-aligned","render_in_semantic_layer":false,"source_role":"authoritative-curb-edge"}},{"type":"Feature","id":"district-curb-8-5240","geometry":{"type":"LineString","coordinates":[[-78.31885994324476,44.303662561926565],[-78.31885586812498,44.303604060677785]]},"properties":{"id":"district-curb-8-5240","semantic_type":"curb","source_id":"city-of-peterborough-8/5240","confidence":0.98,"review_status":"source-aligned","render_in_semantic_layer":false,"source_role":"authoritative-curb-edge"}},{"type":"Feature","id":"district-curb-8-5243","geometry":{"type":"LineString","coordinates":[[-78.31866320141418,44.30356132457889],[-78.31867440700515,44.30356943552183],[-78.31868282105896,44.3035794651032],[-78.31868685682593,44.30358793698925],[-78.31869212997509,44.3036067020098],[-78.31869222938676,44.303668620059035]]},"properties":{"id":"district-curb-8-5243","semantic_type":"curb","source_id":"city-of-peterborough-8/5243","confidence":0.98,"review_status":"source-aligned","render_in_semantic_layer":false,"source_role":"authoritative-curb-edge"}},{"type":"Feature","id":"district-curb-8-5244","geometry":{"type":"LineString","coordinates":[[-78.31780899765768,44.30363268914966],[-78.31774209682855,44.30363798083841],[-78.31767989815283,44.30364597578313]]},"properties":{"id":"district-curb-8-5244","semantic_type":"curb","source_id":"city-of-peterborough-8/5244","confidence":0.98,"review_status":"source-aligned","render_in_semantic_layer":false,"source_role":"authoritative-curb-edge"}},{"type":"Feature","id":"district-curb-8-5246","geometry":{"type":"LineString","coordinates":[[-78.32658935627606,44.303871163152195],[-78.32657306143084,44.30362628130073]]},"properties":{"id":"district-curb-8-5246","semantic_type":"curb","source_id":"city-of-peterborough-8/5246","confidence":0.98,"review_status":"source-aligned","render_in_semantic_layer":false,"source_role":"authoritative-curb-edge"}},{"type":"Feature","id":"district-curb-8-5252","geometry":{"type":"LineString","coordinates":[[-78.31839970697492,44.30345606367124],[-78.31779292105283,44.30348094405892],[-78.31773707217955,44.30348668629966],[-78.31768186652236,44.3034950400293],[-78.31759991171074,44.30351167069399],[-78.3175193755281,44.303530952645865],[-78.3174400845568,44.30355272966549],[-78.3173591759776,44.303577814946436],[-78.31729757541719,44.30360016696682],[-78.31724212271452,44.30362337286353],[-78.31718386049401,44.3036512553647],[-78.31713246257496,44.303679208243594]]},"properties":{"id":"district-curb-8-5252","semantic_type":"curb","source_id":"city-of-peterborough-8/5252","confidence":0.98,"review_status":"source-aligned","render_in_semantic_layer":false,"source_role":"authoritative-curb-edge"}},{"type":"Feature","id":"district-curb-8-5255","geometry":{"type":"LineString","coordinates":[[-78.32673648334159,44.3039158190875],[-78.32673218720751,44.30390082517537],[-78.32671262921149,44.303618052543406]]},"properties":{"id":"district-curb-8-5255","semantic_type":"curb","source_id":"city-of-peterborough-8/5255","confidence":0.98,"review_status":"source-aligned","render_in_semantic_layer":false,"source_role":"authoritative-curb-edge"}},{"type":"Feature","id":"district-curb-8-5266","geometry":{"type":"LineString","coordinates":[[-78.3265974836486,44.30399328715669],[-78.32658935627606,44.303871163152195]]},"properties":{"id":"district-curb-8-5266","semantic_type":"curb","source_id":"city-of-peterborough-8/5266","confidence":0.98,"review_status":"source-aligned","render_in_semantic_layer":false,"source_role":"authoritative-curb-edge"}},{"type":"Feature","id":"district-curb-8-5276","geometry":{"type":"LineString","coordinates":[[-78.32675617828056,44.30405788235805],[-78.32677350052496,44.30404324528317],[-78.3267842558413,44.30403736356703],[-78.3267971997914,44.30403228843824]]},"properties":{"id":"district-curb-8-5276","semantic_type":"curb","source_id":"city-of-peterborough-8/5276","confidence":0.98,"review_status":"source-aligned","render_in_semantic_layer":false,"source_role":"authoritative-curb-edge"}},{"type":"Feature","id":"district-curb-8-5279","geometry":{"type":"LineString","coordinates":[[-78.32675617828056,44.30405788235805],[-78.32674836184688,44.3040689752859]]},"properties":{"id":"district-curb-8-5279","semantic_type":"curb","source_id":"city-of-peterborough-8/5279","confidence":0.98,"review_status":"source-aligned","render_in_semantic_layer":false,"source_role":"authoritative-curb-edge"}},{"type":"Feature","id":"district-curb-8-5280","geometry":{"type":"LineString","coordinates":[[-78.31716169551031,44.30385500476741],[-78.31715404542884,44.30384846270123],[-78.31714836749477,44.303840955074456],[-78.31714489234389,44.30383278530008],[-78.31714376857457,44.303823746205815],[-78.31714517195338,44.30381526256136],[-78.31714904138234,44.30380630931469],[-78.31715703607286,44.30379445239925],[-78.3171634003486,44.30378805606035],[-78.31720567367202,44.303761324657],[-78.31724990237768,44.303736277700004],[-78.31729595528739,44.30371298772756],[-78.31734151849153,44.30369273997001],[-78.3174055605668,44.303668752782315],[-78.31746594747975,44.303649264775245],[-78.31753344379081,44.30363079637061],[-78.31760237855973,44.30361531464043],[-78.3176136118711,44.303614148074736],[-78.31763405079009,44.3036141926394],[-78.31764084572465,44.30361490598536],[-78.31765056013951,44.30361837706593],[-78.31766229799788,44.30362443357786],[-78.3176693598698,44.303630293781694],[-78.31767563096916,44.30363768838225],[-78.31767989815283,44.30364597578313]]},"properties":{"id":"district-curb-8-5280","semantic_type":"curb","source_id":"city-of-peterborough-8/5280","confidence":0.98,"review_status":"source-aligned","render_in_semantic_layer":false,"source_role":"authoritative-curb-edge"}},{"type":"Feature","id":"district-curb-8-5293","geometry":{"type":"LineString","coordinates":[[-78.31716169551031,44.30385500476741],[-78.3170960270083,44.303910406597524]]},"properties":{"id":"district-curb-8-5293","semantic_type":"curb","source_id":"city-of-peterborough-8/5293","confidence":0.98,"review_status":"source-aligned","render_in_semantic_layer":false,"source_role":"authoritative-curb-edge"}},{"type":"Feature","id":"district-curb-8-5331","geometry":{"type":"LineString","coordinates":[[-78.32660553951135,44.30426994040223],[-78.32661145566416,44.30425881468284],[-78.32661443370601,44.30424800907157],[-78.3265974836486,44.30399328715669]]},"properties":{"id":"district-curb-8-5331","semantic_type":"curb","source_id":"city-of-peterborough-8/5331","confidence":0.98,"review_status":"source-aligned","render_in_semantic_layer":false,"source_role":"authoritative-curb-edge"}},{"type":"Feature","id":"district-curb-8-5335","geometry":{"type":"LineString","coordinates":[[-78.32656936910205,44.304298716916236],[-78.3265888693759,44.30428730346083],[-78.32659848156278,44.304278713061564],[-78.32660553951135,44.30426994040223]]},"properties":{"id":"district-curb-8-5335","semantic_type":"curb","source_id":"city-of-peterborough-8/5335","confidence":0.98,"review_status":"source-aligned","render_in_semantic_layer":false,"source_role":"authoritative-curb-edge"}},{"type":"Feature","id":"district-curb-8-5337","geometry":{"type":"LineString","coordinates":[[-78.32652847261349,44.304307970934694],[-78.3265387685917,44.304307456744475],[-78.3265505824671,44.30430515504099],[-78.32656936910205,44.304298716916236]]},"properties":{"id":"district-curb-8-5337","semantic_type":"curb","source_id":"city-of-peterborough-8/5337","confidence":0.98,"review_status":"source-aligned","render_in_semantic_layer":false,"source_role":"authoritative-curb-edge"}},{"type":"Feature","id":"district-curb-8-5338","geometry":{"type":"LineString","coordinates":[[-78.32554343374757,44.303532191506775],[-78.32559744661339,44.30428671241832]]},"properties":{"id":"district-curb-8-5338","semantic_type":"curb","source_id":"city-of-peterborough-8/5338","confidence":0.98,"review_status":"source-aligned","render_in_semantic_layer":false,"source_role":"authoritative-curb-edge"}},{"type":"Feature","id":"district-curb-8-5339","geometry":{"type":"LineString","coordinates":[[-78.32652847261349,44.304307970934694],[-78.32650926660794,44.30430893004167]]},"properties":{"id":"district-curb-8-5339","semantic_type":"curb","source_id":"city-of-peterborough-8/5339","confidence":0.98,"review_status":"source-aligned","render_in_semantic_layer":false,"source_role":"authoritative-curb-edge"}},{"type":"Feature","id":"district-curb-8-5342","geometry":{"type":"LineString","coordinates":[[-78.318898600251,44.304146687770086],[-78.31886012156613,44.30366255531172]]},"properties":{"id":"district-curb-8-5342","semantic_type":"curb","source_id":"city-of-peterborough-8/5342","confidence":0.98,"review_status":"source-aligned","render_in_semantic_layer":false,"source_role":"authoritative-curb-edge"}},{"type":"Feature","id":"district-curb-8-5343","geometry":{"type":"LineString","coordinates":[[-78.31869222938676,44.303668620059035],[-78.3186921242611,44.30368179945894],[-78.31868873682564,44.3036924791099],[-78.31868207288375,44.30370254072871],[-78.31866951947626,44.30371642252524],[-78.31866676987917,44.30372286964717],[-78.31866632263228,44.30372922050503],[-78.31868451482505,44.30393767055322],[-78.31869029758849,44.30394885369982],[-78.31871210262105,44.30396823031848],[-78.3187174373862,44.30397804712186],[-78.3187325556303,44.30415380338126]]},"properties":{"id":"district-curb-8-5343","semantic_type":"curb","source_id":"city-of-peterborough-8/5343","confidence":0.98,"review_status":"source-aligned","render_in_semantic_layer":false,"source_role":"authoritative-curb-edge"}},{"type":"Feature","id":"district-curb-8-5344","geometry":{"type":"LineString","coordinates":[[-78.32674836184688,44.3040689752859],[-78.32674396630236,44.30407935878402],[-78.32674195590403,44.30409011413795],[-78.32676025268678,44.304351220829595]]},"properties":{"id":"district-curb-8-5344","semantic_type":"curb","source_id":"city-of-peterborough-8/5344","confidence":0.98,"review_status":"source-aligned","render_in_semantic_layer":false,"source_role":"authoritative-curb-edge"}},{"type":"Feature","id":"district-curb-8-5348","geometry":{"type":"LineString","coordinates":[[-78.32569037550162,44.30434981775149],[-78.32650926660794,44.30430893004167]]},"properties":{"id":"district-curb-8-5348","semantic_type":"curb","source_id":"city-of-peterborough-8/5348","confidence":0.98,"review_status":"source-aligned","render_in_semantic_layer":false,"source_role":"authoritative-curb-edge"}},{"type":"Feature","id":"district-curb-8-5349","geometry":{"type":"LineString","coordinates":[[-78.32569037550162,44.30434981775149],[-78.32567132154031,44.30435076857582]]},"properties":{"id":"district-curb-8-5349","semantic_type":"curb","source_id":"city-of-peterborough-8/5349","confidence":0.98,"review_status":"source-aligned","render_in_semantic_layer":false,"source_role":"authoritative-curb-edge"}},{"type":"Feature","id":"district-curb-8-5350","geometry":{"type":"LineString","coordinates":[[-78.32567132154031,44.30435076857582],[-78.32562556997183,44.304351427903505]]},"properties":{"id":"district-curb-8-5350","semantic_type":"curb","source_id":"city-of-peterborough-8/5350","confidence":0.98,"review_status":"source-aligned","render_in_semantic_layer":false,"source_role":"authoritative-curb-edge"}},{"type":"Feature","id":"district-curb-8-5351","geometry":{"type":"LineString","coordinates":[[-78.32559744661339,44.30428671241832],[-78.32559974607234,44.30432092373947],[-78.3256025616519,44.304333317212645],[-78.32560980899419,44.304344634254036],[-78.32561763293353,44.3043492757388],[-78.32562556997183,44.304351427903505]]},"properties":{"id":"district-curb-8-5351","semantic_type":"curb","source_id":"city-of-peterborough-8/5351","confidence":0.98,"review_status":"source-aligned","render_in_semantic_layer":false,"source_role":"authoritative-curb-edge"}},{"type":"Feature","id":"district-curb-8-5353","geometry":{"type":"LineString","coordinates":[[-78.32533751234719,44.30324916450016],[-78.32535365586456,44.30324896658887],[-78.3253686637803,44.30325091623833],[-78.32538283146806,44.30325496905402],[-78.32539559586523,44.30326096329725],[-78.32540644889029,44.303268658393016],[-78.32541495690784,44.303277747989874],[-78.32542120379087,44.303288924566935],[-78.32542380875556,44.30329971601793],[-78.32549641292972,44.30430721228534],[-78.32549445225824,44.304321365530505],[-78.32548676040427,44.30433564287237],[-78.32547599907845,44.30434626068718],[-78.325457705662,44.304357650913296]]},"properties":{"id":"district-curb-8-5353","semantic_type":"curb","source_id":"city-of-peterborough-8/5353","confidence":0.98,"review_status":"source-aligned","render_in_semantic_layer":false,"source_role":"authoritative-curb-edge"}},{"type":"Feature","id":"district-curb-8-5357","geometry":{"type":"LineString","coordinates":[[-78.32457896701608,44.30440412261996],[-78.32542983535454,44.30436341327459],[-78.32544242130153,44.304361889610895],[-78.325457705662,44.304357650913296]]},"properties":{"id":"district-curb-8-5357","semantic_type":"curb","source_id":"city-of-peterborough-8/5357","confidence":0.98,"review_status":"source-aligned","render_in_semantic_layer":false,"source_role":"authoritative-curb-edge"}},{"type":"Feature","id":"district-curb-8-5358","geometry":{"type":"LineString","coordinates":[[-78.32569125456311,44.304450532635784],[-78.32655171174416,44.30440757010445],[-78.32656798571158,44.304408260950375],[-78.32658380060943,44.3044111098119],[-78.32659860181376,44.304416017273006],[-78.32661187808367,44.304422812011325]]},"properties":{"id":"district-curb-8-5358","semantic_type":"curb","source_id":"city-of-peterborough-8/5358","confidence":0.98,"review_status":"source-aligned","render_in_semantic_layer":false,"source_role":"authoritative-curb-edge"}},{"type":"Feature","id":"district-curb-8-5360","geometry":{"type":"LineString","coordinates":[[-78.32567220154968,44.30445146187573],[-78.32569125456311,44.304450532635784]]},"properties":{"id":"district-curb-8-5360","semantic_type":"curb","source_id":"city-of-peterborough-8/5360","confidence":0.98,"review_status":"source-aligned","render_in_semantic_layer":false,"source_role":"authoritative-curb-edge"}},{"type":"Feature","id":"district-curb-8-5361","geometry":{"type":"LineString","coordinates":[[-78.32564164583148,44.304459983744515],[-78.32565585512017,44.30445454587022],[-78.32567220154968,44.30445146187573]]},"properties":{"id":"district-curb-8-5361","semantic_type":"curb","source_id":"city-of-peterborough-8/5361","confidence":0.98,"review_status":"source-aligned","render_in_semantic_layer":false,"source_role":"authoritative-curb-edge"}},{"type":"Feature","id":"district-curb-8-5363","geometry":{"type":"LineString","coordinates":[[-78.32542450069327,44.30446214239956],[-78.32540718768742,44.304462604608226]]},"properties":{"id":"district-curb-8-5363","semantic_type":"curb","source_id":"city-of-peterborough-8/5363","confidence":0.98,"review_status":"source-aligned","render_in_semantic_layer":false,"source_role":"authoritative-curb-edge"}},{"type":"Feature","id":"district-curb-8-5364","geometry":{"type":"LineString","coordinates":[[-78.32546873013355,44.30446750365835],[-78.32544705826359,44.30446294012284],[-78.32542450069327,44.30446214239956]]},"properties":{"id":"district-curb-8-5364","semantic_type":"curb","source_id":"city-of-peterborough-8/5364","confidence":0.98,"review_status":"source-aligned","render_in_semantic_layer":false,"source_role":"authoritative-curb-edge"}},{"type":"Feature","id":"district-curb-8-5366","geometry":{"type":"LineString","coordinates":[[-78.3187325556303,44.30415380338126],[-78.3187465433509,44.30431862801369]]},"properties":{"id":"district-curb-8-5366","semantic_type":"curb","source_id":"city-of-peterborough-8/5366","confidence":0.98,"review_status":"source-aligned","render_in_semantic_layer":false,"source_role":"authoritative-curb-edge"}},{"type":"Feature","id":"district-curb-8-5370","geometry":{"type":"LineString","coordinates":[[-78.32340440390514,44.30334173443966],[-78.32335940992463,44.30334458029307],[-78.32333992030817,44.30334910812047],[-78.32332891809041,44.30335445976046],[-78.32331578298675,44.30336288084809],[-78.32330457753471,44.30337408042757],[-78.32329719886413,44.30338681018679],[-78.32329413048768,44.30339925930194],[-78.32334240891652,44.30403139624741]]},"properties":{"id":"district-curb-8-5370","semantic_type":"curb","source_id":"city-of-peterborough-8/5370","confidence":0.98,"review_status":"source-aligned","render_in_semantic_layer":false,"source_role":"authoritative-curb-edge"}},{"type":"Feature","id":"district-curb-8-5371","geometry":{"type":"LineString","coordinates":[[-78.32540718768742,44.304462604608226],[-78.32470477538352,44.30449745738117]]},"properties":{"id":"district-curb-8-5371","semantic_type":"curb","source_id":"city-of-peterborough-8/5371","confidence":0.98,"review_status":"source-aligned","render_in_semantic_layer":false,"source_role":"authoritative-curb-edge"}},{"type":"Feature","id":"district-curb-8-5377","geometry":{"type":"LineString","coordinates":[[-78.32263199334395,44.30449005877642],[-78.32312802307214,44.30446649136814],[-78.32314879708373,44.30446179293625],[-78.32316818602916,44.30445248500701],[-78.32318299625015,44.30443954421297],[-78.32319195376684,44.30442407863179],[-78.32319417072388,44.304415246677884],[-78.32312759352358,44.303403916517134],[-78.32312436280813,44.30339305542284],[-78.32311843939146,44.30338390022822],[-78.32310892962367,44.303375150680594],[-78.32309800189341,44.30336880133082],[-78.32308542725274,44.303364290437464],[-78.32307179664701,44.30336182811917],[-78.32303821597381,44.30336238471404]]},"properties":{"id":"district-curb-8-5377","semantic_type":"curb","source_id":"city-of-peterborough-8/5377","confidence":0.98,"review_status":"source-aligned","render_in_semantic_layer":false,"source_role":"authoritative-curb-edge"}},{"type":"Feature","id":"district-curb-8-5378","geometry":{"type":"LineString","coordinates":[[-78.32470477538352,44.30449745738117],[-78.32468125787896,44.30450274719899],[-78.32447490501364,44.30451142562149]]},"properties":{"id":"district-curb-8-5378","semantic_type":"curb","source_id":"city-of-peterborough-8/5378","confidence":0.98,"review_status":"source-aligned","render_in_semantic_layer":false,"source_role":"authoritative-curb-edge"}},{"type":"Feature","id":"district-curb-8-5380","geometry":{"type":"LineString","coordinates":[[-78.32439831687627,44.30451425606261],[-78.3237470680753,44.30454606007425]]},"properties":{"id":"district-curb-8-5380","semantic_type":"curb","source_id":"city-of-peterborough-8/5380","confidence":0.98,"review_status":"source-aligned","render_in_semantic_layer":false,"source_role":"authoritative-curb-edge"}},{"type":"Feature","id":"district-curb-8-5382","geometry":{"type":"LineString","coordinates":[[-78.32676025268678,44.304351220829595],[-78.32677989117836,44.304599211271245],[-78.32678357916393,44.30461042687597],[-78.32679317148236,44.30462502175378]]},"properties":{"id":"district-curb-8-5382","semantic_type":"curb","source_id":"city-of-peterborough-8/5382","confidence":0.98,"review_status":"source-aligned","render_in_semantic_layer":false,"source_role":"authoritative-curb-edge"}},{"type":"Feature","id":"district-curb-8-5392","geometry":{"type":"LineString","coordinates":[[-78.3237470680753,44.30454606007425],[-78.32344494484282,44.30456050277641],[-78.32342086339528,44.30456625355693],[-78.32339179680235,44.304578852887595]]},"properties":{"id":"district-curb-8-5392","semantic_type":"curb","source_id":"city-of-peterborough-8/5392","confidence":0.98,"review_status":"source-aligned","render_in_semantic_layer":false,"source_role":"authoritative-curb-edge"}},{"type":"Feature","id":"district-curb-8-5398","geometry":{"type":"LineString","coordinates":[[-78.32121206521404,44.30455686046075],[-78.32263199334395,44.30449005877642]]},"properties":{"id":"district-curb-8-5398","semantic_type":"curb","source_id":"city-of-peterborough-8/5398","confidence":0.98,"review_status":"source-aligned","render_in_semantic_layer":false,"source_role":"authoritative-curb-edge"}},{"type":"Feature","id":"district-curb-8-5400","geometry":{"type":"LineString","coordinates":[[-78.32097790773375,44.30456787525939],[-78.32121206521404,44.30455686046075]]},"properties":{"id":"district-curb-8-5400","semantic_type":"curb","source_id":"city-of-peterborough-8/5400","confidence":0.98,"review_status":"source-aligned","render_in_semantic_layer":false,"source_role":"authoritative-curb-edge"}},{"type":"Feature","id":"district-curb-8-5402","geometry":{"type":"LineString","coordinates":[[-78.32056450301198,44.30458736077723],[-78.32097790773375,44.30456787525939]]},"properties":{"id":"district-curb-8-5402","semantic_type":"curb","source_id":"city-of-peterborough-8/5402","confidence":0.98,"review_status":"source-aligned","render_in_semantic_layer":false,"source_role":"authoritative-curb-edge"}},{"type":"Feature","id":"district-curb-8-5406","geometry":{"type":"LineString","coordinates":[[-78.32009928439292,44.30460965888772],[-78.32056450301198,44.30458736077723]]},"properties":{"id":"district-curb-8-5406","semantic_type":"curb","source_id":"city-of-peterborough-8/5406","confidence":0.98,"review_status":"source-aligned","render_in_semantic_layer":false,"source_role":"authoritative-curb-edge"}},{"type":"Feature","id":"district-curb-8-5407","geometry":{"type":"LineString","coordinates":[[-78.31998435517836,44.30351230817777],[-78.31997604723236,44.30352450544527],[-78.31997370534089,44.30353764133359],[-78.31997767166257,44.303565981578565],[-78.320017628684,44.304177940131574],[-78.32004029184344,44.30444098334368],[-78.32003716187114,44.30447660497438],[-78.32002257223111,44.304531661933915],[-78.3200193303598,44.30454735418685],[-78.32001955408187,44.30455315182705],[-78.3200218697878,44.30456344685612],[-78.3200272460054,44.30457436921183],[-78.32003445499929,44.30458342150701],[-78.32004483674385,44.30459228811139],[-78.32005601750727,44.30459894258566],[-78.32007007727735,44.304604621229586],[-78.32008537393943,44.3046083005852],[-78.32009928439292,44.30460965888772]]},"properties":{"id":"district-curb-8-5407","semantic_type":"curb","source_id":"city-of-peterborough-8/5407","confidence":0.98,"review_status":"source-aligned","render_in_semantic_layer":false,"source_role":"authoritative-curb-edge"}},{"type":"Feature","id":"district-curb-8-5409","geometry":{"type":"LineString","coordinates":[[-78.31981003878677,44.30355085791696],[-78.31987564604205,44.3044491912871],[-78.31988785615226,44.30458013439624],[-78.31988479245734,44.304594142807744],[-78.31987444949908,44.30460730599769],[-78.31985818245603,44.304616899132505],[-78.31983890722108,44.30462154932963]]},"properties":{"id":"district-curb-8-5409","semantic_type":"curb","source_id":"city-of-peterborough-8/5409","confidence":0.98,"review_status":"source-aligned","render_in_semantic_layer":false,"source_role":"authoritative-curb-edge"}},{"type":"Feature","id":"district-curb-8-9071","geometry":{"type":"LineString","coordinates":[[-78.31869484560875,44.30066355048998],[-78.31863694941242,44.300570768144404],[-78.31862991364368,44.30056703776973],[-78.31862256509845,44.30056786265784],[-78.31861781453317,44.30057197877182],[-78.31861805258544,44.30057732121357],[-78.31867647458684,44.300669017580276],[-78.31868172916592,44.30067233159627],[-78.31868897688935,44.30067228937877],[-78.31869294184041,44.30067022904914],[-78.31869526253325,44.30066529602003]]},"properties":{"id":"district-curb-8-9071","semantic_type":"curb","source_id":"city-of-peterborough-8/9071","confidence":0.98,"review_status":"source-aligned","render_in_semantic_layer":false,"source_role":"authoritative-curb-edge"}},{"type":"Feature","id":"district-curb-8-9139","geometry":{"type":"LineString","coordinates":[[-78.3221507872327,44.302032381488885],[-78.32218903783485,44.30253377225905]]},"properties":{"id":"district-curb-8-9139","semantic_type":"curb","source_id":"city-of-peterborough-8/9139","confidence":0.98,"review_status":"source-aligned","render_in_semantic_layer":false,"source_role":"authoritative-curb-edge"}},{"type":"Feature","id":"district-curb-8-9140","geometry":{"type":"LineString","coordinates":[[-78.32206700595495,44.302539426057585],[-78.32206044415808,44.302388220750125]]},"properties":{"id":"district-curb-8-9140","semantic_type":"curb","source_id":"city-of-peterborough-8/9140","confidence":0.98,"review_status":"source-aligned","render_in_semantic_layer":false,"source_role":"authoritative-curb-edge"}},{"type":"Feature","id":"district-curb-8-9141","geometry":{"type":"LineString","coordinates":[[-78.32218903783485,44.30253377225905],[-78.32206700595495,44.302539426057585]]},"properties":{"id":"district-curb-8-9141","semantic_type":"curb","source_id":"city-of-peterborough-8/9141","confidence":0.98,"review_status":"source-aligned","render_in_semantic_layer":false,"source_role":"authoritative-curb-edge"}},{"type":"Feature","id":"district-curb-8-9142","geometry":{"type":"LineString","coordinates":[[-78.322297533837,44.30327550425765],[-78.32207616577689,44.30328642341453]]},"properties":{"id":"district-curb-8-9142","semantic_type":"curb","source_id":"city-of-peterborough-8/9142","confidence":0.98,"review_status":"source-aligned","render_in_semantic_layer":false,"source_role":"authoritative-curb-edge"}},{"type":"Feature","id":"district-curb-8-9218","geometry":{"type":"LineString","coordinates":[[-78.31896029098685,44.30118560527331],[-78.3189868964576,44.30128684706096]]},"properties":{"id":"district-curb-8-9218","semantic_type":"curb","source_id":"city-of-peterborough-8/9218","confidence":0.98,"review_status":"source-aligned","render_in_semantic_layer":false,"source_role":"authoritative-curb-edge"}},{"type":"Feature","id":"district-curb-8-9219","geometry":{"type":"LineString","coordinates":[[-78.31887462812792,44.301032064704835],[-78.31886672219335,44.300999654448376],[-78.31886652085001,44.30097597150075],[-78.31887020677202,44.30095815514327],[-78.31888040170908,44.30093325793486],[-78.31887763206909,44.30093007431713],[-78.3188657706959,44.300925527494975],[-78.31886034825855,44.300928265716706],[-78.3188504545748,44.300950208984105],[-78.31884754065561,44.30096156147065],[-78.31884589362093,44.30098459601581],[-78.31885034035838,44.30100906199241],[-78.31886036432041,44.30104299845529],[-78.31886354540953,44.30104603869032],[-78.31886826332122,44.30104638357841],[-78.31887197869273,44.30104424355766],[-78.31887494131685,44.301037574561796],[-78.318874645461,44.30103212453033]]},"properties":{"id":"district-curb-8-9219","semantic_type":"curb","source_id":"city-of-peterborough-8/9219","confidence":0.98,"review_status":"source-aligned","render_in_semantic_layer":false,"source_role":"authoritative-curb-edge"}},{"type":"Feature","id":"district-curb-8-9220","geometry":{"type":"LineString","coordinates":[[-78.31897626505204,44.30086347198326],[-78.31894759606841,44.300875178348214],[-78.31893443590826,44.30088233165369],[-78.31890775605882,44.30090012829674],[-78.31889957683927,44.3009022634028],[-78.31889087444766,44.300902260662944],[-78.31888269688346,44.30090012038519],[-78.31888087482376,44.30089828873545],[-78.31888152418209,44.30089416000683],[-78.31889746529912,44.30088157402732],[-78.31892324105517,44.300866535310476],[-78.31893739815469,44.300860283193394],[-78.31896771483764,44.30085054842862],[-78.31899992482096,44.300844741924465],[-78.31935744055241,44.30082762629444],[-78.31938886198218,44.30082985865257],[-78.31941926534677,44.300835976102654],[-78.31942090375524,44.300837849345264],[-78.31941801131984,44.30084019776785],[-78.31898938140263,44.300861079215785],[-78.31897626505204,44.30086347198326]]},"properties":{"id":"district-curb-8-9220","semantic_type":"curb","source_id":"city-of-peterborough-8/9220","confidence":0.98,"review_status":"source-aligned","render_in_semantic_layer":false,"source_role":"authoritative-curb-edge"}},{"type":"Feature","id":"district-curb-8-9221","geometry":{"type":"LineString","coordinates":[[-78.31964063789898,44.301224529168366],[-78.31963949372536,44.30121438857565],[-78.3196569328165,44.30119211105893],[-78.31965953603533,44.30118702889643],[-78.319661741297,44.30117634215998],[-78.31966558248921,44.30090835019544],[-78.31966324534373,44.30088839736565],[-78.31965572624843,44.30087586898914],[-78.31964982085933,44.30087049250329],[-78.31963460674282,44.30086232353851],[-78.31961642533962,44.30085836751851],[-78.31954153437924,44.300860448612504],[-78.31904172270562,44.300883962948674],[-78.31901830373226,44.30088702752773],[-78.31899590186063,44.30089280782286],[-78.31897512094712,44.30090114696472],[-78.31895652534378,44.300911819635715],[-78.31894061836431,44.30092453696559],[-78.31892782814064,44.300938954301685],[-78.31891850204048,44.300954683681546],[-78.3189128927284,44.30097129710641],[-78.31891115100318,44.30098834617912],[-78.3189133254287,44.30100537019775],[-78.318939923019,44.30110248763894],[-78.31896029098685,44.30118560527331]]},"properties":{"id":"district-curb-8-9221","semantic_type":"curb","source_id":"city-of-peterborough-8/9221","confidence":0.98,"review_status":"source-aligned","render_in_semantic_layer":false,"source_role":"authoritative-curb-edge"}},{"type":"Feature","id":"district-curb-8-9222","geometry":{"type":"LineString","coordinates":[[-78.31978626165308,44.30093696510268],[-78.31978397475008,44.30090321398954]]},"properties":{"id":"district-curb-8-9222","semantic_type":"curb","source_id":"city-of-peterborough-8/9222","confidence":0.98,"review_status":"source-aligned","render_in_semantic_layer":false,"source_role":"authoritative-curb-edge"}},{"type":"Feature","id":"district-curb-8-9223","geometry":{"type":"LineString","coordinates":[[-78.31978397475008,44.30090321398954],[-78.31978759819036,44.300885579791554],[-78.31979692253192,44.30087002135175],[-78.31981258374135,44.300855786564085],[-78.31983150471407,44.30084567326336]]},"properties":{"id":"district-curb-8-9223","semantic_type":"curb","source_id":"city-of-peterborough-8/9223","confidence":0.98,"review_status":"source-aligned","render_in_semantic_layer":false,"source_role":"authoritative-curb-edge"}},{"type":"Feature","id":"district-curb-8-9224","geometry":{"type":"LineString","coordinates":[[-78.3198622798231,44.3008381466035],[-78.31984522678633,44.30084112674944],[-78.31983150471407,44.30084567326336]]},"properties":{"id":"district-curb-8-9224","semantic_type":"curb","source_id":"city-of-peterborough-8/9224","confidence":0.98,"review_status":"source-aligned","render_in_semantic_layer":false,"source_role":"authoritative-curb-edge"}},{"type":"Feature","id":"district-curb-8-9225","geometry":{"type":"LineString","coordinates":[[-78.31959738807804,44.300651922410104],[-78.31959517685107,44.30067033969588],[-78.31958854687372,44.30068820218128],[-78.31957770085847,44.30070496725645],[-78.31956296785731,44.30072012588731],[-78.31954479501152,44.30073321862701],[-78.3195237332857,44.30074384608453],[-78.3195004228329,44.30075168748698],[-78.31947557150134,44.30075650467659],[-78.31941047644253,44.30076023455946],[-78.31939931554355,44.30075993374974],[-78.31937802281995,44.300755287935985],[-78.31935751455616,44.300746106032626],[-78.31934558896297,44.30074239140984],[-78.31932008709761,44.30073905747339],[-78.31887836562208,44.30076042690395],[-78.31886910361881,44.300759169534444],[-78.3188521151147,44.30075341024568],[-78.31883243193573,44.3007400415277],[-78.31881289699666,44.30072179407911]]},"properties":{"id":"district-curb-8-9225","semantic_type":"curb","source_id":"city-of-peterborough-8/9225","confidence":0.98,"review_status":"source-aligned","render_in_semantic_layer":false,"source_role":"authoritative-curb-edge"}},{"type":"Feature","id":"district-curb-8-9226","geometry":{"type":"LineString","coordinates":[[-78.31953137489685,44.297866212454494],[-78.31953044556957,44.29787167422893],[-78.31952697191355,44.297876577501924],[-78.31952137188283,44.29788033250232],[-78.31951051473028,44.297882871113394],[-78.31950290980899,44.297882203678526],[-78.31949608254081,44.29787970893336],[-78.31949085411736,44.29787568704878],[-78.31948731938414,44.297867889555626],[-78.31946923087678,44.297625757068204],[-78.31947134135119,44.297618003012715],[-78.31947554829394,44.29761365082618],[-78.31948149482524,44.297610517054515],[-78.31948853750498,44.297608940397176],[-78.3194994696328,44.29760982010627],[-78.31950585203427,44.297612476357884],[-78.31951234963216,44.29761885256497],[-78.31951394559277,44.297624024331526],[-78.31953137489685,44.297866212454494]]},"properties":{"id":"district-curb-8-9226","semantic_type":"curb","source_id":"city-of-peterborough-8/9226","confidence":0.98,"review_status":"source-aligned","render_in_semantic_layer":false,"source_role":"authoritative-curb-edge"}},{"type":"Feature","id":"district-curb-8-9227","geometry":{"type":"LineString","coordinates":[[-78.31990309705543,44.300739043535145],[-78.31988440461302,44.3007397597071]]},"properties":{"id":"district-curb-8-9227","semantic_type":"curb","source_id":"city-of-peterborough-8/9227","confidence":0.98,"review_status":"source-aligned","render_in_semantic_layer":false,"source_role":"authoritative-curb-edge"}},{"type":"Feature","id":"district-curb-8-9228","geometry":{"type":"LineString","coordinates":[[-78.31979540484883,44.30072404610298],[-78.31978640567999,44.30071748333736],[-78.3197777070866,44.300708751655996],[-78.31976863854605,44.30069404784394],[-78.31976564668697,44.30068442744162],[-78.3197635237824,44.30065390317407]]},"properties":{"id":"district-curb-8-9228","semantic_type":"curb","source_id":"city-of-peterborough-8/9228","confidence":0.98,"review_status":"source-aligned","render_in_semantic_layer":false,"source_role":"authoritative-curb-edge"}},{"type":"Feature","id":"district-curb-8-9229","geometry":{"type":"LineString","coordinates":[[-78.31988440461302,44.3007397597071],[-78.31985163033013,44.30074067190298],[-78.31983680743801,44.300739247132796],[-78.3198156731619,44.300733929012075],[-78.31979540484883,44.30072404610298]]},"properties":{"id":"district-curb-8-9229","semantic_type":"curb","source_id":"city-of-peterborough-8/9229","confidence":0.98,"review_status":"source-aligned","render_in_semantic_layer":false,"source_role":"authoritative-curb-edge"}},{"type":"Feature","id":"district-curb-8-9239","geometry":{"type":"LineString","coordinates":[[-78.31963924421586,44.298721817030156],[-78.31964306357298,44.29863789542021],[-78.31964100297438,44.298559910819144]]},"properties":{"id":"district-curb-8-9239","semantic_type":"curb","source_id":"city-of-peterborough-8/9239","confidence":0.98,"review_status":"source-aligned","render_in_semantic_layer":false,"source_role":"authoritative-curb-edge"}},{"type":"Feature","id":"district-curb-8-9243","geometry":{"type":"LineString","coordinates":[[-78.31965723138126,44.30077174483424],[-78.31964036298167,44.300772184198365],[-78.31963701407014,44.300770516569635],[-78.31963580243831,44.30076772246371],[-78.3196503910321,44.30074976056713],[-78.31965550646058,44.30074759667848],[-78.3196593903694,44.300748417103335],[-78.31966177557881,44.300750766120046],[-78.31966313975025,44.30076739118191],[-78.31966170939704,44.30077011694834],[-78.31965723138126,44.30077174483424]]},"properties":{"id":"district-curb-8-9243","semantic_type":"curb","source_id":"city-of-peterborough-8/9243","confidence":0.98,"review_status":"source-aligned","render_in_semantic_layer":false,"source_role":"authoritative-curb-edge"}},{"type":"Feature","id":"district-curb-8-9257","geometry":{"type":"LineString","coordinates":[[-78.31957025066647,44.298861586583854],[-78.31954701736736,44.29886651110751],[-78.3195430174806,44.29886424840995],[-78.31954304730979,44.29882744122255],[-78.31954615929853,44.29882549947586],[-78.31956713091812,44.29882110342331],[-78.31957097393624,44.298822130855385],[-78.31957244498389,44.29882426484816],[-78.31957292902814,44.29885856872418],[-78.31957025066647,44.298861586583854]]},"properties":{"id":"district-curb-8-9257","semantic_type":"curb","source_id":"city-of-peterborough-8/9257","confidence":0.98,"review_status":"source-aligned","render_in_semantic_layer":false,"source_role":"authoritative-curb-edge"}},{"type":"Feature","id":"district-curb-8-9351","geometry":{"type":"LineString","coordinates":[[-78.32282669229237,44.300626952146004],[-78.32247315901073,44.30064051064439]]},"properties":{"id":"district-curb-8-9351","semantic_type":"curb","source_id":"city-of-peterborough-8/9351","confidence":0.98,"review_status":"source-aligned","render_in_semantic_layer":false,"source_role":"authoritative-curb-edge"}},{"type":"Feature","id":"district-curb-8-9352","geometry":{"type":"LineString","coordinates":[[-78.32290247447173,44.30072589922696],[-78.32288276716022,44.300720677260266],[-78.32286070786324,44.30071887880406],[-78.32259939334207,44.30072936176585]]},"properties":{"id":"district-curb-8-9352","semantic_type":"curb","source_id":"city-of-peterborough-8/9352","confidence":0.98,"review_status":"source-aligned","render_in_semantic_layer":false,"source_role":"authoritative-curb-edge"}},{"type":"Feature","id":"district-curb-8-9353","geometry":{"type":"LineString","coordinates":[[-78.32296884554097,44.30104405308503],[-78.32296022884678,44.3009203697275]]},"properties":{"id":"district-curb-8-9353","semantic_type":"curb","source_id":"city-of-peterborough-8/9353","confidence":0.98,"review_status":"source-aligned","render_in_semantic_layer":false,"source_role":"authoritative-curb-edge"}},{"type":"Feature","id":"district-curb-8-9354","geometry":{"type":"LineString","coordinates":[[-78.32296022884678,44.3009203697275],[-78.3229497642235,44.30077014153483],[-78.32294465982275,44.30075844694501],[-78.32293914576499,44.30075068866751]]},"properties":{"id":"district-curb-8-9354","semantic_type":"curb","source_id":"city-of-peterborough-8/9354","confidence":0.98,"review_status":"source-aligned","render_in_semantic_layer":false,"source_role":"authoritative-curb-edge"}},{"type":"Feature","id":"district-curb-8-9355","geometry":{"type":"LineString","coordinates":[[-78.32358047840458,44.3006848539504],[-78.3232007503337,44.30070383057937],[-78.32317888606637,44.30070753025688],[-78.32316528622448,44.300712069235615]]},"properties":{"id":"district-curb-8-9355","semantic_type":"curb","source_id":"city-of-peterborough-8/9355","confidence":0.98,"review_status":"source-aligned","render_in_semantic_layer":false,"source_role":"authoritative-curb-edge"}},{"type":"Feature","id":"district-curb-8-9374","geometry":{"type":"LineString","coordinates":[[-78.3238443837451,44.30444072422987],[-78.32430278073215,44.30441685729523]]},"properties":{"id":"district-curb-8-9374","semantic_type":"curb","source_id":"city-of-peterborough-8/9374","confidence":0.98,"review_status":"source-aligned","render_in_semantic_layer":false,"source_role":"authoritative-curb-edge"}},{"type":"Feature","id":"district-curb-8-9375","geometry":{"type":"LineString","coordinates":[[-78.32334240891652,44.30403139624741],[-78.32337146838431,44.30439975387292],[-78.32337900860266,44.30441876449599],[-78.32338550119661,44.30442750899155],[-78.32339477812585,44.30443644841562],[-78.32340860148585,44.304445760928274],[-78.3234231423358,44.30445241823843],[-78.32344406411315,44.304458144834626],[-78.32346625686284,44.30446029291489],[-78.3238443837451,44.30444072422987]]},"properties":{"id":"district-curb-8-9375","semantic_type":"curb","source_id":"city-of-peterborough-8/9375","confidence":0.98,"review_status":"source-aligned","render_in_semantic_layer":false,"source_role":"authoritative-curb-edge"}},{"type":"Feature","id":"district-curb-8-9447","geometry":{"type":"LineString","coordinates":[[-78.32380387156688,44.298182734858734],[-78.32384214150537,44.298188489092],[-78.32386118215817,44.29819501327227],[-78.32388156490097,44.298207146140186],[-78.32389363812943,44.29821977020766],[-78.3239017621709,44.298236514993164],[-78.32390724637558,44.29829316396136],[-78.32391360018289,44.29832053194565],[-78.32392325691974,44.29834536655491],[-78.32394320776274,44.298383192242376],[-78.32395065058246,44.29840469343089],[-78.3239539922626,44.298422654007226],[-78.32395577870172,44.29844606622172],[-78.32399774969683,44.29903951092723],[-78.32401435511387,44.29925299074894],[-78.32401283380875,44.29926798253466],[-78.32400987414513,44.2992758148958],[-78.32400304390013,44.2992865058307],[-78.32399617007192,44.299293715266515],[-78.32398589771455,44.299301450916516],[-78.32396064611379,44.29931335839899],[-78.32392638802015,44.299319106588676],[-78.32382322078298,44.29932591125577]]},"properties":{"id":"district-curb-8-9447","semantic_type":"curb","source_id":"city-of-peterborough-8/9447","confidence":0.98,"review_status":"source-aligned","render_in_semantic_layer":false,"source_role":"authoritative-curb-edge"}},{"type":"Feature","id":"district-curb-8-9448","geometry":{"type":"LineString","coordinates":[[-78.32426684029049,44.29930729677766],[-78.32419687473589,44.29930793260557],[-78.32417363702136,44.299304767165324],[-78.32416077438874,44.29930134167594],[-78.32414213909537,44.299293116519344],[-78.32412788097938,44.29928293953442],[-78.32411582362055,44.29926825062627],[-78.32411043479367,44.29925497843249],[-78.3240883577092,44.29897339121856],[-78.32404767245403,44.29840387547898],[-78.32403932990354,44.298372740929075],[-78.32403310782375,44.29835871817],[-78.3240133537724,44.298323236035486],[-78.3240076273467,44.29830898181936],[-78.32400405090085,44.298296655086304],[-78.32399816039184,44.29823978683268],[-78.32400111315314,44.29822231412459],[-78.32400618421482,44.29821229226719],[-78.32401772720175,44.29819907399497],[-78.32402561619372,44.29819302450678],[-78.32404731622901,44.29818238056585],[-78.32405849011349,44.298178937865536],[-78.32409799639271,44.29817081169012],[-78.32413466889052,44.29816576374497]]},"properties":{"id":"district-curb-8-9448","semantic_type":"curb","source_id":"city-of-peterborough-8/9448","confidence":0.98,"review_status":"source-aligned","render_in_semantic_layer":false,"source_role":"authoritative-curb-edge"}},{"type":"Feature","id":"district-curb-8-9449","geometry":{"type":"LineString","coordinates":[[-78.32381676530565,44.29940910409523],[-78.32390348657161,44.299405675238525],[-78.32391947480258,44.29940652631409],[-78.32397457112245,44.29941473211478],[-78.3239945643799,44.299422536293676],[-78.3240057511598,44.29942948851778],[-78.32401758507919,44.29944043334236],[-78.32402529691065,44.299452047668694],[-78.32402999864303,44.299467749815406],[-78.32404887816539,44.299738707196354],[-78.32404665317571,44.29975790028991],[-78.3240398095681,44.29978176378803],[-78.3240274099523,44.29980902252689],[-78.3240183819566,44.29983353433129],[-78.324012349431,44.29986222342861],[-78.32401092359011,44.29988906961727],[-78.32402510943666,44.300098336104796],[-78.32402756826383,44.300120553201126],[-78.32403713991474,44.30015556794965],[-78.32404995599718,44.30018305050266],[-78.324078828937,44.30023781789154],[-78.32408508101958,44.3002581072861],[-78.32410622735372,44.300470760821355],[-78.32410681072822,44.30050050979279],[-78.32410562789562,44.30051191560027],[-78.32410117418603,44.30052114798228],[-78.32409026694162,44.30053608989002],[-78.32407620651506,44.30054624131938],[-78.32406326318274,44.30055241809747],[-78.3240415346781,44.30055881475628],[-78.32402017123277,44.30056150992174],[-78.32394837948242,44.30056593977009]]},"properties":{"id":"district-curb-8-9449","semantic_type":"curb","source_id":"city-of-peterborough-8/9449","confidence":0.98,"review_status":"source-aligned","render_in_semantic_layer":false,"source_role":"authoritative-curb-edge"}},{"type":"Feature","id":"district-curb-8-9450","geometry":{"type":"LineString","coordinates":[[-78.32433664058574,44.300542970769946],[-78.32427546195393,44.300544612059184],[-78.32425159856882,44.30053994921001],[-78.32424022945669,44.30053578990172],[-78.3242230551767,44.300525971303756],[-78.32421348754639,44.3005175355863],[-78.32420310707673,44.30050249167617],[-78.32419858668067,44.30048414877148],[-78.32418326040315,44.30027097178104],[-78.3241787106922,44.30024157997073],[-78.3241664338781,44.300206037276894],[-78.32413587136242,44.30015300025023],[-78.3241303798214,44.30014107606874],[-78.32412271597205,44.30011566160653],[-78.32412048910643,44.30009895875379],[-78.32410641224585,44.29989412690362],[-78.32410664457636,44.299873294504046],[-78.32411192267128,44.29984641978292],[-78.32413107161447,44.29980131458383],[-78.32413794329238,44.29978050098156],[-78.32414190594585,44.299761992319674],[-78.3241440801181,44.29974016561857],[-78.32414373739499,44.29972018040434],[-78.32412508908632,44.29946417758325],[-78.32412629677343,44.29945230691251],[-78.32413079526063,44.29944051518557],[-78.32414143487523,44.29942638174977],[-78.32415144201751,44.299418082596326],[-78.32417345410728,44.29940598839784],[-78.32418862010086,44.29940068656324],[-78.324212083172,44.29939528122962],[-78.32424923747578,44.29939095756417]]},"properties":{"id":"district-curb-8-9450","semantic_type":"curb","source_id":"city-of-peterborough-8/9450","confidence":0.98,"review_status":"source-aligned","render_in_semantic_layer":false,"source_role":"authoritative-curb-edge"}},{"type":"Feature","id":"district-curb-8-9451","geometry":{"type":"LineString","coordinates":[[-78.32397863345028,44.30066500984769],[-78.32401999187078,44.30066294818657],[-78.32403551075409,44.30066343173294],[-78.3240563082764,44.300665658624006],[-78.32407082704249,44.300669446149],[-78.32408104973592,44.300673509277736],[-78.3240999505934,44.30068538859674],[-78.32410955841416,44.30069528461696],[-78.32411641989874,44.30070655310043],[-78.324120507806,44.30072246862189],[-78.32419355327634,44.301739957775965],[-78.32419297887209,44.30175667688276],[-78.32418831031632,44.30176947563402],[-78.3241784046914,44.301782978975034],[-78.3241713476041,44.30178938737646],[-78.32415271714729,44.30180081361061],[-78.32413189706905,44.30180789958674],[-78.32403558507991,44.301811372060236]]},"properties":{"id":"district-curb-8-9451","semantic_type":"curb","source_id":"city-of-peterborough-8/9451","confidence":0.98,"review_status":"source-aligned","render_in_semantic_layer":false,"source_role":"authoritative-curb-edge"}},{"type":"Feature","id":"district-curb-8-9452","geometry":{"type":"LineString","coordinates":[[-78.32447305899625,44.301795907755725],[-78.32438444687246,44.301798799366466],[-78.32435498740857,44.301795860840954],[-78.32434253533481,44.30179298876421],[-78.32432936119933,44.30178815786045],[-78.32430993895738,44.301776267259555],[-78.32429749179941,44.301762806220246],[-78.32429136066216,44.301750856253044],[-78.324288524774,44.30173467029546],[-78.32421518527038,44.300715064054444],[-78.32421608988446,44.30070235982479],[-78.32421834523777,44.30069493768183],[-78.3242283424232,44.30067880856873],[-78.32423502795567,44.300672187089745],[-78.3242469743162,44.300663894675196],[-78.32426027301575,44.30065734628901],[-78.32427481999467,44.30065254219235],[-78.3242930267723,44.30064896723562],[-78.32439026580343,44.30064121834235]]},"properties":{"id":"district-curb-8-9452","semantic_type":"curb","source_id":"city-of-peterborough-8/9452","confidence":0.98,"review_status":"source-aligned","render_in_semantic_layer":false,"source_role":"authoritative-curb-edge"}},{"type":"Feature","id":"district-curb-8-9453","geometry":{"type":"LineString","coordinates":[[-78.32407561097628,44.301907094373156],[-78.32413643790467,44.3019106845679],[-78.32414807157198,44.3019125318713],[-78.32416227320878,44.3019165460226],[-78.3241947126589,44.30193269401442],[-78.32420490483062,44.30194198433183],[-78.32421453457722,44.30196364839252],[-78.32428154224452,44.302878617058454],[-78.32428890559542,44.30295596600282],[-78.32429444263862,44.30298010621243],[-78.32429648410847,44.30299940111159],[-78.32430957308725,44.30320474896249],[-78.32430459328876,44.303204810488076]]},"properties":{"id":"district-curb-8-9453","semantic_type":"curb","source_id":"city-of-peterborough-8/9453","confidence":0.98,"review_status":"source-aligned","render_in_semantic_layer":false,"source_role":"authoritative-curb-edge"}},{"type":"Feature","id":"district-curb-8-9454","geometry":{"type":"LineString","coordinates":[[-78.32437636381188,44.303201442251385],[-78.32436057800392,44.302988288802055],[-78.32436209841161,44.302966505300276],[-78.32436843106018,44.302926446417224],[-78.32436807824492,44.30290499982437],[-78.32435561246453,44.30273630069763],[-78.3243437946273,44.302504058915716],[-78.32431032132723,44.30210832044357],[-78.32430229004159,44.30197511427703],[-78.32430372526318,44.301952280852326],[-78.3243072189278,44.30194254881287],[-78.32431296671598,44.301932869611115],[-78.32431963630512,44.301925498723236],[-78.32433660164624,44.30191217615718],[-78.32435769876085,44.301903380707195],[-78.32437439036258,44.30189955595639],[-78.3244177452874,44.30189545590592]]},"properties":{"id":"district-curb-8-9454","semantic_type":"curb","source_id":"city-of-peterborough-8/9454","confidence":0.98,"review_status":"source-aligned","render_in_semantic_layer":false,"source_role":"authoritative-curb-edge"}},{"type":"Feature","id":"district-curb-8-9455","geometry":{"type":"LineString","coordinates":[[-78.32430992272721,44.303279523452055],[-78.32432839980774,44.30347133317292],[-78.32433071030503,44.30347889024918],[-78.3243309220395,44.30348857410159],[-78.32432721980932,44.30349158427629],[-78.32432698347675,44.30349780415923],[-78.32432771160391,44.30350630454687],[-78.32433057443603,44.303508991461946],[-78.3243316378716,44.30352354687694],[-78.32433383407975,44.30361211369356],[-78.32432686690518,44.30363140538841],[-78.32432622341236,44.30363767424528],[-78.32437731852677,44.304356172011744],[-78.32437506956579,44.30436747720255],[-78.32437024164611,44.30437784777248],[-78.32435896197389,44.30439139724027],[-78.32434911962007,44.30440052042117],[-78.32434071819088,44.3044064894928],[-78.32433034645268,44.30441098633867],[-78.32430278073215,44.30441685729523]]},"properties":{"id":"district-curb-8-9455","semantic_type":"curb","source_id":"city-of-peterborough-8/9455","confidence":0.98,"review_status":"source-aligned","render_in_semantic_layer":false,"source_role":"authoritative-curb-edge"}},{"type":"Feature","id":"district-curb-8-9456","geometry":{"type":"LineString","coordinates":[[-78.32457896701608,44.30440412261996],[-78.32456066146554,44.30440512861164],[-78.32453856707257,44.30440340888124],[-78.32452329613193,44.30439965510247],[-78.3245058520466,44.304392134038274],[-78.32449735647847,44.3043867421082],[-78.32448505801163,44.30437551366681],[-78.32447537467814,44.30435956964583],[-78.3244725032978,44.304348022899056],[-78.32442132307501,44.303634157809455],[-78.32441858006104,44.30362560749354],[-78.32441133664109,44.303613355978996],[-78.32440961989289,44.3036021684963],[-78.32438610458875,44.30327555639672]]},"properties":{"id":"district-curb-8-9456","semantic_type":"curb","source_id":"city-of-peterborough-8/9456","confidence":0.98,"review_status":"source-aligned","render_in_semantic_layer":false,"source_role":"authoritative-curb-edge"}},{"type":"Feature","id":"district-curb-8-9474","geometry":{"type":"LineString","coordinates":[[-78.32437636381188,44.303201442251385],[-78.32449079167459,44.30319431045116],[-78.3245193638579,44.30317475000183]]},"properties":{"id":"district-curb-8-9474","semantic_type":"curb","source_id":"city-of-peterborough-8/9474","confidence":0.98,"review_status":"source-aligned","render_in_semantic_layer":false,"source_role":"authoritative-curb-edge"}},{"type":"Feature","id":"district-curb-8-9475","geometry":{"type":"LineString","coordinates":[[-78.32455829629055,44.30328775344571],[-78.32449441202355,44.30326972607695],[-78.32438610458875,44.30327555639672]]},"properties":{"id":"district-curb-8-9475","semantic_type":"curb","source_id":"city-of-peterborough-8/9475","confidence":0.98,"review_status":"source-aligned","render_in_semantic_layer":false,"source_role":"authoritative-curb-edge"}},{"type":"Feature","id":"district-curb-8-9476","geometry":{"type":"LineString","coordinates":[[-78.32415300936223,44.30330668242843],[-78.32421603946148,44.3032796247462],[-78.32430992272721,44.303279523452055]]},"properties":{"id":"district-curb-8-9476","semantic_type":"curb","source_id":"city-of-peterborough-8/9476","confidence":0.98,"review_status":"source-aligned","render_in_semantic_layer":false,"source_role":"authoritative-curb-edge"}},{"type":"Feature","id":"district-road-surface-11-42","geometry":{"type":"Polygon","coordinates":[[[-78.31873407906882,44.304171770900545],[-78.31871743613387,44.30397804709244],[-78.31871210132776,44.303968231188406],[-78.31869029754753,44.303948854599184],[-78.31868451357273,44.303937670523815],[-78.31866632259131,44.303729221404346],[-78.31866830563409,44.30371860329406],[-78.31868692353719,44.30369584766893],[-78.3186921242611,44.30368179945894],[-78.31869212997509,44.3036067020098],[-78.31868983747825,44.30359846283239],[-78.3188573264271,44.30359268660904],[-78.31885590141279,44.303604706058664],[-78.31885994320382,44.30366256282587],[-78.3188998069439,44.30416373856684],[-78.31873407906882,44.304171770900545]]]},"properties":{"id":"district-road-surface-11-42","semantic_type":"paved_area","source_id":"city-of-peterborough-11/42","confidence":0.98,"review_status":"source-aligned","render_in_semantic_layer":false,"source_role":"authoritative-road-surface","facility_id":"15116"}},{"type":"Feature","id":"district-road-surface-11-99","geometry":{"type":"Polygon","coordinates":[[[-78.31959294168988,44.3006778837584],[-78.31959738807804,44.300651922410104],[-78.31953081214861,44.29966760979094],[-78.31969394624889,44.29966340097563],[-78.31976485693852,44.30067308249658],[-78.31959294168988,44.3006778837584]]]},"properties":{"id":"district-road-surface-11-99","semantic_type":"paved_area","source_id":"city-of-peterborough-11/99","confidence":0.98,"review_status":"source-aligned","render_in_semantic_layer":false,"source_role":"authoritative-road-surface","facility_id":"4331"}},{"type":"Feature","id":"district-road-surface-11-101","geometry":{"type":"Polygon","coordinates":[[[-78.31997767166257,44.303565981578565],[-78.320017628684,44.304177940131574],[-78.32004029184344,44.30444098334368],[-78.32003948079284,44.304460367089995],[-78.32003571354015,44.30448352381614],[-78.32001995275643,44.30454387212051],[-78.31988511262087,44.30455013214072],[-78.31987564604205,44.3044491912871],[-78.31981130750742,44.30356082497469],[-78.31997587940249,44.30355360749133],[-78.31997767166257,44.303565981578565]]]},"properties":{"id":"district-road-surface-11-101","semantic_type":"paved_area","source_id":"city-of-peterborough-11/101","confidence":0.98,"review_status":"source-aligned","render_in_semantic_layer":false,"source_role":"authoritative-road-surface","facility_id":"8015"}},{"type":"Feature","id":"district-road-surface-11-119","geometry":{"type":"Polygon","coordinates":[[[-78.32560017336624,44.30311866104062],[-78.32647368592815,44.30307416837695],[-78.32649801704395,44.30306742708907],[-78.32651668190553,44.303055490821585],[-78.32652785160363,44.30304100587296],[-78.32653200775194,44.3030223666258],[-78.32654767488917,44.30324479346919],[-78.32654367577153,44.30323281253373],[-78.3265366767899,44.30322229181098],[-78.32651913700651,44.303206997611724],[-78.32650597473226,44.303200128107775],[-78.3264927838563,44.30319554463887],[-78.32647791295354,44.303192509910225],[-78.32646252787578,44.303191411338595],[-78.32560876611085,44.303231434037016],[-78.32560017336624,44.30311866104062]]]},"properties":{"id":"district-road-surface-11-119","semantic_type":"paved_area","source_id":"city-of-peterborough-11/119","confidence":0.98,"review_status":"source-aligned","render_in_semantic_layer":false,"source_role":"authoritative-road-surface","facility_id":"11936"}},{"type":"Feature","id":"district-road-surface-11-122","geometry":{"type":"Polygon","coordinates":[[[-78.32448855215826,44.30326992543163],[-78.32448125443098,44.30319490526018],[-78.32449079167459,44.30319431045116],[-78.3245193638579,44.30317475000183],[-78.32533456279515,44.30313266692184],[-78.32534520546483,44.303248735273385],[-78.32455829629055,44.30328775344571],[-78.32449441202355,44.30326972607695],[-78.32448855215826,44.30326992543163]]]},"properties":{"id":"district-road-surface-11-122","semantic_type":"paved_area","source_id":"city-of-peterborough-11/122","confidence":0.98,"review_status":"source-aligned","render_in_semantic_layer":false,"source_role":"authoritative-road-surface","facility_id":"11940"}},{"type":"Feature","id":"district-road-surface-11-125","geometry":{"type":"Polygon","coordinates":[[[-78.3241372647492,44.30319126320666],[-78.32415404871358,44.3031941576292],[-78.32419522731648,44.303207508954195],[-78.32420100200095,44.30328607564741],[-78.32415300932134,44.30330668332775],[-78.32336571182668,44.303343730557614],[-78.32333991784442,44.30334910716244],[-78.32332509674205,44.303356559629066],[-78.32331419463381,44.30336417601384],[-78.3233057838333,44.303372585444066],[-78.32329866243803,44.30338351707916],[-78.32329392837408,44.30340271163015],[-78.32328084786086,44.303177928668035],[-78.32328687574706,44.303196338461944],[-78.32330132933612,44.30321152477707],[-78.32332234919156,44.30322203237187],[-78.32334756983175,44.3032265066733],[-78.3234419548453,44.303224632608085],[-78.32401303739925,44.303194857299516],[-78.3241372647492,44.30319126320666]]]},"properties":{"id":"district-road-surface-11-125","semantic_type":"paved_area","source_id":"city-of-peterborough-11/125","confidence":0.98,"review_status":"source-aligned","render_in_semantic_layer":false,"source_role":"authoritative-road-surface","facility_id":"11942"}},{"type":"Feature","id":"district-road-surface-11-276","geometry":{"type":"Polygon","coordinates":[[[-78.32284447514326,44.29929055743811],[-78.32277109893208,44.298274840102366],[-78.32292583443227,44.298272136602776],[-78.32291964273269,44.29828703324689],[-78.3229182041115,44.29830254461903],[-78.32298156530665,44.29927032572741],[-78.32298478373659,44.29928658011221],[-78.32284447514326,44.29929055743811]]]},"properties":{"id":"district-road-surface-11-276","semantic_type":"paved_area","source_id":"city-of-peterborough-11/276","confidence":0.98,"review_status":"source-aligned","render_in_semantic_layer":false,"source_role":"authoritative-road-surface","facility_id":"11381"}},{"type":"Feature","id":"district-road-surface-11-278","geometry":{"type":"Polygon","coordinates":[[[-78.32293265029736,44.300556209444686],[-78.32293339590352,44.30054204574596],[-78.3228590794793,44.299523720087336],[-78.32300134945898,44.29952230142001],[-78.32307061704638,44.30053093502644],[-78.32307585574017,44.30055161393751],[-78.32293265029736,44.300556209444686]]]},"properties":{"id":"district-road-surface-11-278","semantic_type":"paved_area","source_id":"city-of-peterborough-11/278","confidence":0.98,"review_status":"source-aligned","render_in_semantic_layer":false,"source_role":"authoritative-road-surface","facility_id":"11378"}},{"type":"Feature","id":"district-road-surface-11-523","geometry":{"type":"Polygon","coordinates":[[[-78.319723996541,44.30124099900995],[-78.319805816914,44.30121977583362],[-78.3198561702318,44.30192013037861],[-78.3196915842136,44.30192872208931],[-78.31964051319444,44.301226249372675],[-78.319723996541,44.30124099900995]]]},"properties":{"id":"district-road-surface-11-523","semantic_type":"paved_area","source_id":"city-of-peterborough-11/523","confidence":0.98,"review_status":"source-aligned","render_in_semantic_layer":false,"source_role":"authoritative-road-surface","facility_id":"8087"}},{"type":"Feature","id":"district-road-surface-11-568","geometry":{"type":"Polygon","coordinates":[[[-78.3193418233804,44.30353565442814],[-78.31917493132974,44.30354181719711],[-78.31893717506603,44.30355281981284],[-78.31893394854234,44.303510174386595],[-78.31907862586259,44.30350387014401],[-78.31908473155767,44.30350130190795],[-78.31908788589661,44.30349587619405],[-78.31908714203492,44.303492197293004],[-78.31908352370479,44.30348876237713],[-78.31907471160802,44.30348675575639],[-78.3189326377481,44.30349284925962],[-78.31892831835181,44.30343577371643],[-78.31975759191145,44.30339801783899],[-78.3197773698788,44.30339393673078],[-78.31978891983347,44.30338807163245],[-78.3197944811311,44.303382315295266],[-78.31981077408594,44.30355513889823],[-78.31980685303519,44.30354039930932],[-78.319794423658,44.30352595689675],[-78.31977854102671,44.30351753188223],[-78.31976223789246,44.30351374422667],[-78.31974987637342,44.30351323070262],[-78.3193418233804,44.30353565442814]]]},"properties":{"id":"district-road-surface-11-568","semantic_type":"paved_area","source_id":"city-of-peterborough-11/568","confidence":0.98,"review_status":"source-aligned","render_in_semantic_layer":false,"source_role":"authoritative-road-surface","facility_id":"8017"}},{"type":"Feature","id":"district-road-surface-11-582","geometry":{"type":"Polygon","coordinates":[[[-78.31947766134178,44.29881134108307],[-78.31947767250175,44.29879818287403],[-78.31955036819453,44.2987838803031],[-78.31963756642263,44.2987640673176],[-78.3196386687971,44.29887628861536],[-78.3196463239036,44.29903242001572],[-78.31967417297825,44.29943911485108],[-78.31951413845917,44.29944048492465],[-78.31949473048856,44.299167579698846],[-78.31948346426746,44.298962274005845],[-78.31947766134178,44.29881134108307]],[[-78.31954615929853,44.29882549947586],[-78.31954261258221,44.298829225269245],[-78.31954296495529,44.29886380513976],[-78.31954694362408,44.29886662243177],[-78.31957250377292,44.29886025486309],[-78.31957247882865,44.29882487063009],[-78.31957088073541,44.29882210552409],[-78.31956789937928,44.298820960435116],[-78.31954615929853,44.29882549947586]]]},"properties":{"id":"district-road-surface-11-582","semantic_type":"paved_area","source_id":"city-of-peterborough-11/582","confidence":0.98,"review_status":"source-aligned","render_in_semantic_layer":false,"source_role":"authoritative-road-surface","facility_id":"4316"}},{"type":"Feature","id":"district-road-surface-11-818","geometry":{"type":"Polygon","coordinates":[[[-78.32535060661532,44.3032488366225],[-78.32534521394273,44.30324882459957],[-78.32533456279515,44.30313266692184],[-78.32534707470252,44.30313061487056],[-78.3253637738307,44.3031246717978],[-78.32537727130536,44.30311731769129],[-78.32538871610724,44.30310834540175],[-78.32539773901233,44.30309804517084],[-78.3254040489845,44.30308675228552],[-78.3254074402948,44.30307482833905],[-78.32540783940817,44.30306394702624],[-78.32551142671005,44.3030582194082],[-78.32551315555979,44.30306920009494],[-78.3255189800835,44.30308147771421],[-78.3255271886932,44.30309169373798],[-78.32553907596115,44.30310145848534],[-78.32555207984615,44.303108665595246],[-78.32556671097643,44.303114023846426],[-78.32558246871386,44.30311734955537],[-78.32560016321476,44.30311852576106],[-78.32560876611085,44.303231434037016],[-78.32558836340334,44.30323258191864],[-78.32557241665275,44.30323565095878],[-78.32555780851771,44.30324118211084],[-78.32554426321447,44.303249699177556],[-78.32553397262599,44.30326030822283],[-78.32552793381954,44.303271344587245],[-78.32552552468589,44.30328198704637],[-78.32552667885668,44.303298138969424],[-78.32542415499607,44.30330429124139],[-78.32542260570624,44.30329319412364],[-78.32541878990176,44.30328372291815],[-78.32541267322539,44.303274895516566],[-78.32540342072018,44.30326618819894],[-78.32539194536074,44.303258973673856],[-78.32537870414124,44.30325354083456],[-78.32536571061762,44.30325035458976],[-78.32535060661532,44.3032488366225]]]},"properties":{"id":"district-road-surface-11-818","semantic_type":"paved_area","source_id":"city-of-peterborough-11/818","confidence":0.98,"review_status":"source-aligned","render_in_semantic_layer":false,"source_role":"authoritative-road-surface","facility_id":"11939"}},{"type":"Feature","id":"district-road-surface-11-896","geometry":{"type":"Polygon","coordinates":[[[-78.31966558248921,44.30090835019544],[-78.31966411869074,44.30089173809929],[-78.3196602502517,44.30088190445166],[-78.31965128713534,44.30087165858335],[-78.31963728962516,44.30086336603948],[-78.31962411006039,44.3008594383439],[-78.31961074293801,44.30085808824072],[-78.31954501341076,44.30086033224711],[-78.31953717633542,44.30073752580917],[-78.31955565611334,44.300725951845415],[-78.31957436786139,44.30070892493843],[-78.31958473283244,44.30069501595409],[-78.31959294168988,44.3006778837584],[-78.31976485693852,44.30067308249658],[-78.31976564668697,44.30068442744162],[-78.31977110026644,44.30069912199678],[-78.3197777070866,44.300708751655996],[-78.31979147072367,44.30072143745122],[-78.31980286255678,44.300728395801265],[-78.31982250863372,44.30073611333416],[-78.31984417625341,44.30074017998564],[-78.31986197382912,44.30074061587184],[-78.31986894017184,44.300837899660685],[-78.31985241778894,44.30083946712665],[-78.31983824523036,44.30084319731505],[-78.31982025160544,44.300851032179956],[-78.31980567724091,44.30086110979491],[-78.31979525813634,44.30087213303636],[-78.3197880786025,44.30088441710886],[-78.31978442138512,44.30089747890063],[-78.31978441930133,44.300910135864086],[-78.31966551026908,44.300913433271354],[-78.31966558248921,44.30090835019544]],[[-78.31963590704781,44.30076702180276],[-78.3196366024305,44.30077005856509],[-78.3196409041125,44.300772276129415],[-78.3196611690481,44.30077053099214],[-78.31966313975025,44.30076739118191],[-78.31966038227726,44.30074904358109],[-78.31965575767381,44.30074761338063],[-78.31965114595756,44.30074909408232],[-78.31963590704781,44.30076702180276]]]},"properties":{"id":"district-road-surface-11-896","semantic_type":"paved_area","source_id":"city-of-peterborough-11/896","confidence":0.98,"review_status":"source-aligned","render_in_semantic_layer":false,"source_role":"authoritative-road-surface","facility_id":"4327"}},{"type":"Feature","id":"district-road-surface-11-897","geometry":{"type":"Polygon","coordinates":[[[-78.31986353203118,44.30211454814407],[-78.31986357480908,44.302131231302305],[-78.31970709377387,44.302137601490585],[-78.31970494015502,44.302110230181114],[-78.31970025716926,44.302100966191965],[-78.31969376990645,44.302095646267844],[-78.3196853361021,44.30209199836706],[-78.31967674860881,44.302090431901],[-78.31966526040962,44.30209051325209],[-78.31965780188813,44.301971996554244],[-78.31967532927975,44.301968490109594],[-78.31968823503604,44.301958998125464],[-78.3196926219352,44.301948359916],[-78.31969152131678,44.30192991078015],[-78.31985610733832,44.30192131906961],[-78.31985977374573,44.301930718533015],[-78.31986551067727,44.301938558714475],[-78.31987330537727,44.30194542269445],[-78.31988399721742,44.30195157055475],[-78.31990693536333,44.30195783669569],[-78.31993521859849,44.30195764009363],[-78.31994437167097,44.30207438700129],[-78.3199142128656,44.30207618257643],[-78.31989195991261,44.302083309757776],[-78.31987382253413,44.30209646910012],[-78.31986768181186,44.302104656993144],[-78.31986353203118,44.30211454814407]]]},"properties":{"id":"district-road-surface-11-897","semantic_type":"paved_area","source_id":"city-of-peterborough-11/897","confidence":0.98,"review_status":"source-aligned","render_in_semantic_layer":false,"source_role":"authoritative-road-surface","facility_id":"8084"}},{"type":"Feature","id":"district-road-surface-11-898","geometry":{"type":"Polygon","coordinates":[[[-78.31995975465215,44.30337468307561],[-78.31979649257593,44.303380209959734],[-78.3198073101623,44.30336465777763],[-78.31981391784217,44.303349163394174],[-78.31981631290306,44.30332976642361],[-78.31981497539128,44.30331263693932],[-78.31993119814305,44.30330872354123],[-78.31993224907852,44.30332862365325],[-78.31994187838198,44.30334740356815],[-78.31995914819738,44.303363111068066],[-78.31998235277953,44.30337419363412],[-78.31995975465215,44.30337468307561]]]},"properties":{"id":"district-road-surface-11-898","semantic_type":"paved_area","source_id":"city-of-peterborough-11/898","confidence":0.98,"review_status":"source-aligned","render_in_semantic_layer":false,"source_role":"authoritative-road-surface","facility_id":"10898"}},{"type":"Feature","id":"district-road-surface-11-900","geometry":{"type":"Polygon","coordinates":[[[-78.31981130078161,44.303560724885905],[-78.3197944811311,44.303382315295266],[-78.31979649257593,44.303380209959734],[-78.31998235277953,44.30337419363412],[-78.31999487553574,44.30350427532338],[-78.31998333032405,44.303513368050375],[-78.31997568471148,44.30352541881839],[-78.31997367586136,44.30353669174848],[-78.31997587940249,44.30355360749133],[-78.31981130078161,44.303560724885905]]]},"properties":{"id":"district-road-surface-11-900","semantic_type":"paved_area","source_id":"city-of-peterborough-11/900","confidence":0.98,"review_status":"source-aligned","render_in_semantic_layer":false,"source_role":"authoritative-road-surface","facility_id":"10899"}},{"type":"Feature","id":"district-road-surface-11-995","geometry":{"type":"Polygon","coordinates":[[[-78.32654767488917,44.30324479346919],[-78.32653217382938,44.30302472744369],[-78.32666452580459,44.3030184228874],[-78.32666636360712,44.30302869308829],[-78.32667113694474,44.303037677120464],[-78.32667861117086,44.30304565577651],[-78.32668948771966,44.303052780525036],[-78.3267012355153,44.303057394094665],[-78.32671412950614,44.30305998457301],[-78.3267447176775,44.30305942433369],[-78.3267513885772,44.303175254597804],[-78.32673622587072,44.30317936307794],[-78.3267233512414,44.303184820641725],[-78.32671190004255,44.30319172947812],[-78.3267012339266,44.303200867782785],[-78.32669306487523,44.30321125293399],[-78.32668808690082,44.30322137791531],[-78.32668576853918,44.30322958457197],[-78.32668662352539,44.30324195190995],[-78.32654779430914,44.30324658061737],[-78.32654767488917,44.30324479346919]]]},"properties":{"id":"district-road-surface-11-995","semantic_type":"paved_area","source_id":"city-of-peterborough-11/995","confidence":0.98,"review_status":"source-aligned","render_in_semantic_layer":false,"source_role":"authoritative-road-surface","facility_id":"7925"}},{"type":"Feature","id":"district-road-surface-11-1004","geometry":{"type":"Polygon","coordinates":[[[-78.32285692552136,44.29950034965569],[-78.32285041521988,44.29948577720672],[-78.32283539741466,44.29946890577785],[-78.32281790146779,44.2994591982599],[-78.32279737626313,44.2994541083423],[-78.32279186420755,44.29936029968145],[-78.32281328860016,44.29934644182066],[-78.32282945377574,44.29932981018888],[-78.3228399582758,44.29931115610812],[-78.32284443046255,44.29929129191779],[-78.32298478373659,44.29928658011221],[-78.32299105372232,44.29930045550411],[-78.32300036108266,44.29931342172484],[-78.32301249222465,44.29932515866704],[-78.32302629726729,44.299334847117976],[-78.32304293296698,44.29934329294579],[-78.32306033422108,44.29934943130509],[-78.32307886308186,44.29935357047891],[-78.32309913503947,44.29935565557914],[-78.32310078779255,44.29944011885763],[-78.32308196659237,44.29944406273449],[-78.32306328837015,44.299450458718894],[-78.32304637773667,44.29945894878805],[-78.32303167869419,44.29946927957374],[-78.32302010278221,44.29948053706475],[-78.32301068104785,44.2994936573348],[-78.32300437368032,44.29950770410615],[-78.32300134945898,44.29952230142001],[-78.3228590794793,44.299523720087336],[-78.32285692552136,44.29950034965569]]]},"properties":{"id":"district-road-surface-11-1004","semantic_type":"paved_area","source_id":"city-of-peterborough-11/1004","confidence":0.98,"review_status":"source-aligned","render_in_semantic_layer":false,"source_role":"authoritative-road-surface","facility_id":"11379"}},{"type":"Feature","id":"district-road-surface-11-1010","geometry":{"type":"Polygon","coordinates":[[[-78.32312771819606,44.3034058064236],[-78.32312558723956,44.30339595872474],[-78.32312114009194,44.30338744943895],[-78.32311361216395,44.30337892462294],[-78.32310479067367,44.30337240770037],[-78.32309437695788,44.30336724346673],[-78.3230814203878,44.30336332950337],[-78.32306759511236,44.303361509018934],[-78.32305399483613,44.30336168792524],[-78.32304181989264,44.3032465251234],[-78.32306425594666,44.30324565585391],[-78.32307363207119,44.303243146094715],[-78.32308808467187,44.30323662941051],[-78.32309975895369,44.30322769154191],[-78.32310679730469,44.30321880700441],[-78.32311420414749,44.30320104716411],[-78.32311717968055,44.30318559524941],[-78.32311690758868,44.30317087472391],[-78.32328008410155,44.30316530776549],[-78.32329463983497,44.303411933656484],[-78.32312855082642,44.30341845595013],[-78.32312771819606,44.3034058064236]]]},"properties":{"id":"district-road-surface-11-1010","semantic_type":"paved_area","source_id":"city-of-peterborough-11/1010","confidence":0.98,"review_status":"source-aligned","render_in_semantic_layer":false,"source_role":"authoritative-road-surface","facility_id":"7965"}},{"type":"Feature","id":"district-road-surface-11-1188","geometry":{"type":"Polygon","coordinates":[[[-78.31884725308397,44.30337249499381],[-78.31884530263237,44.30338371976037],[-78.31884823916111,44.30339551755635],[-78.31885478544118,44.3034068095573],[-78.31886559430654,44.303417657911204],[-78.31887963888266,44.30342638648729],[-78.31889469290812,44.30343210933635],[-78.31891110745929,44.30343537577112],[-78.31892831835181,44.30343577371643],[-78.3189326377481,44.30349284925962],[-78.3189076710219,44.303493952666116],[-78.31890084801883,44.30349715854657],[-78.31889838402853,44.303502125123444],[-78.3189013339533,44.30350828929311],[-78.31890668878675,44.30351081160742],[-78.31893394854234,44.303510174386595],[-78.31893717506603,44.30355281981284],[-78.31890787116426,44.303554985408255],[-78.31888554404821,44.303562239388626],[-78.31886736421552,44.303575517307095],[-78.3188573264271,44.30359268660904],[-78.31868983873059,44.30359846286181],[-78.31868561155687,44.303584725255526],[-78.31867878148287,44.30357396674551],[-78.31866661220742,44.303563397914154],[-78.31865292976256,44.3035564621694],[-78.31864018170123,44.30355271014811],[-78.3186257295596,44.30355083748831],[-78.31857913617714,44.303553146029664],[-78.31857794421141,44.30344740199193],[-78.31860472113434,44.30344632767617],[-78.31862877608268,44.30344159910538],[-78.31864638772643,44.30343300642842],[-78.3186647069259,44.30341980654172],[-78.31867228010083,44.30340822320501],[-78.31868444860056,44.30335671695238],[-78.31884725308397,44.30337249499381]]]},"properties":{"id":"district-road-surface-11-1188","semantic_type":"paved_area","source_id":"city-of-peterborough-11/1188","confidence":0.98,"review_status":"source-aligned","render_in_semantic_layer":false,"source_role":"authoritative-road-surface","facility_id":"8010"}},{"type":"Feature","id":"district-road-surface-11-1198","geometry":{"type":"Polygon","coordinates":[[[-78.3197177995819,44.299624377631254],[-78.31970075363284,44.29964422644001],[-78.31969551234185,44.299655297431464],[-78.31969394624889,44.29966340097563],[-78.31953081214861,44.29966760979094],[-78.31951413845917,44.29944048492465],[-78.31967417297825,44.29943911485108],[-78.31967714266978,44.299452056764395],[-78.31968581567416,44.299468532949426],[-78.31969936277493,44.29948321499204],[-78.31971077778891,44.2994916413504],[-78.319730477008,44.29950162434808],[-78.31974535697645,44.29950652464665],[-78.3197691583571,44.29951077015426],[-78.31978960650886,44.299511324105076],[-78.31979265961799,44.2995995078451],[-78.3197691151222,44.299603827321356],[-78.31974649721087,44.299610207680146],[-78.31972515503747,44.29961855178777],[-78.3197177995819,44.299624377631254]]]},"properties":{"id":"district-road-surface-11-1198","semantic_type":"paved_area","source_id":"city-of-peterborough-11/1198","confidence":0.98,"review_status":"source-aligned","render_in_semantic_layer":false,"source_role":"authoritative-road-surface","facility_id":"4315"}},{"type":"Feature","id":"district-road-surface-11-1202","geometry":{"type":"Polygon","coordinates":[[[-78.32291417436055,44.29807735253237],[-78.32292412165376,44.298089804405585],[-78.32293709125803,44.298101814900214],[-78.32295160080852,44.2981120204389],[-78.3229662269653,44.29811911014506],[-78.3229697037139,44.298174069070136],[-78.3229759018773,44.298228008782665],[-78.32296036876765,44.29823692276807],[-78.32294651024478,44.29824730116563],[-78.32292583443227,44.298272136602776],[-78.32277109893208,44.298274840102366],[-78.32276559780729,44.29825913895879],[-78.3227536858608,44.29824776994224],[-78.32273204335402,44.298235144582826],[-78.32271254035986,44.29822983104821],[-78.32270281426108,44.298128574554354],[-78.32271967913223,44.29812025631437],[-78.32273196484067,44.29811094479656],[-78.32274395026292,44.298097981906295],[-78.32275264732722,44.29808373011402],[-78.32291417436055,44.29807735253237]]]},"properties":{"id":"district-road-surface-11-1202","semantic_type":"paved_area","source_id":"city-of-peterborough-11/1202","confidence":0.98,"review_status":"source-aligned","render_in_semantic_layer":false,"source_role":"authoritative-road-surface","facility_id":"11382"}},{"type":"Feature","id":"district-road-surface-11-2582","geometry":{"type":"Polygon","coordinates":[[[-78.32412939689688,44.29812294804211],[-78.32412432210141,44.298081751161256],[-78.32492620396886,44.298048118418954],[-78.32492896167295,44.29808842910628],[-78.32412939689688,44.29812294804211]]]},"properties":{"id":"district-road-surface-11-2582","semantic_type":"paved_area","source_id":"city-of-peterborough-11/2582","confidence":0.98,"review_status":"source-aligned","render_in_semantic_layer":false,"source_role":"authoritative-road-surface","facility_id":"4197"}},{"type":"Feature","id":"district-road-surface-11-2583","geometry":{"type":"Polygon","coordinates":[[[-78.32495968424658,44.29812916377597],[-78.32413466506699,44.29816573754725],[-78.32412939689688,44.29812294804211],[-78.32492896167295,44.29808842910628],[-78.32492620396886,44.298048118418954],[-78.3249745189189,44.298045863825],[-78.32497984246241,44.29813026817344],[-78.32495968424658,44.29812916377597]]]},"properties":{"id":"district-road-surface-11-2583","semantic_type":"paved_area","source_id":"city-of-peterborough-11/2583","confidence":0.98,"review_status":"source-aligned","render_in_semantic_layer":false,"source_role":"authoritative-road-surface","facility_id":"13679"}},{"type":"Feature","id":"district-road-surface-11-2585","geometry":{"type":"Polygon","coordinates":[[[-78.32379639220282,44.298137246677875],[-78.3229697037139,44.298174069070136],[-78.3229662269653,44.29811911014506],[-78.32299707651613,44.29812810179265],[-78.32302916185351,44.29813050896598],[-78.32379273489464,44.2980963918112],[-78.32379639220282,44.298137246677875]]]},"properties":{"id":"district-road-surface-11-2585","semantic_type":"paved_area","source_id":"city-of-peterborough-11/2585","confidence":0.98,"review_status":"source-aligned","render_in_semantic_layer":false,"source_role":"authoritative-road-surface","facility_id":"10805"}},{"type":"Feature","id":"district-road-surface-11-2586","geometry":{"type":"Polygon","coordinates":[[[-78.32379968885505,44.298183167959685],[-78.32302745557247,44.298215457058845],[-78.3230010316075,44.29821924423184],[-78.3229759018773,44.298228008782665],[-78.3229697037139,44.298174069070136],[-78.32379639220282,44.298137246677875],[-78.32379968885505,44.298183167959685]]]},"properties":{"id":"district-road-surface-11-2586","semantic_type":"paved_area","source_id":"city-of-peterborough-11/2586","confidence":0.98,"review_status":"source-aligned","render_in_semantic_layer":false,"source_role":"authoritative-road-surface","facility_id":"13682"}},{"type":"Feature","id":"district-road-surface-11-2591","geometry":{"type":"Polygon","coordinates":[[[-78.3215586579951,44.2982898760281],[-78.32154376946252,44.29830043264862],[-78.32152872986678,44.29831929709484],[-78.3215195197233,44.29833961183368],[-78.32150765217669,44.2983755470693],[-78.32149266795606,44.29840388464135],[-78.32147702725095,44.298421550208644],[-78.32145697623334,44.298435833468744],[-78.3214418570044,44.298442036316544],[-78.32141754217682,44.298449661887034],[-78.321386574034,44.2984530323563],[-78.32135016522973,44.29845053946916],[-78.3213197930705,44.298440810447566],[-78.32128412941414,44.298421940051604],[-78.32126674517833,44.298402681159644],[-78.32125488768277,44.298362238766664],[-78.32125684801876,44.29834425218953],[-78.32126336765633,44.29832637260658],[-78.32128272497172,44.29830223665682],[-78.3213027771944,44.298287954355665],[-78.32135284306457,44.29826617843094],[-78.32148865352042,44.29821608774768],[-78.32151090444005,44.298209602099796],[-78.321564179148,44.29828672316385],[-78.3215586579951,44.2982898760281]]]},"properties":{"id":"district-road-surface-11-2591","semantic_type":"paved_area","source_id":"city-of-peterborough-11/2591","confidence":0.98,"review_status":"source-aligned","render_in_semantic_layer":false,"source_role":"authoritative-road-surface","facility_id":"10807"}},{"type":"Feature","id":"district-road-surface-11-2592","geometry":{"type":"Polygon","coordinates":[[[-78.32156152070078,44.29819484766729],[-78.32162392764373,44.29818425727331],[-78.32212197449624,44.2981654202377],[-78.32264027444226,44.29814286436874],[-78.32267263690225,44.29813818484667],[-78.32270281426108,44.298128574554354],[-78.32271254035986,44.29822983104821],[-78.32269615818053,44.29822891204558],[-78.32165171823578,44.29826313366161],[-78.32162856542392,44.29826547129762],[-78.321604964112,44.29827047583388],[-78.32158375837169,44.29827754599793],[-78.321564179148,44.29828672316385],[-78.32151090444005,44.298209602099796],[-78.32156152070078,44.29819484766729]]]},"properties":{"id":"district-road-surface-11-2592","semantic_type":"paved_area","source_id":"city-of-peterborough-11/2592","confidence":0.98,"review_status":"source-aligned","render_in_semantic_layer":false,"source_role":"authoritative-road-surface","facility_id":"11383"}},{"type":"Feature","id":"district-road-surface-11-2596","geometry":{"type":"Polygon","coordinates":[[[-78.3253343175879,44.29926066482536],[-78.32536491880536,44.29926120900091],[-78.32613977438812,44.299228674720005],[-78.32615979253643,44.299226661564376],[-78.32616615947101,44.29931440691292],[-78.32614768063176,44.29931415771574],[-78.32536131286838,44.29934626745611],[-78.32533821916688,44.29934859462613],[-78.3253343175879,44.29926066482536]]]},"properties":{"id":"district-road-surface-11-2596","semantic_type":"paved_area","source_id":"city-of-peterborough-11/2596","confidence":0.98,"review_status":"source-aligned","render_in_semantic_layer":false,"source_role":"authoritative-road-surface","facility_id":"11415"}},{"type":"Feature","id":"district-road-surface-11-2598","geometry":{"type":"Polygon","coordinates":[[[-78.32309913503947,44.29935565557914],[-78.32382322078298,44.29932591125577],[-78.32392742659619,44.29931892747396],[-78.32393414716896,44.299408637538],[-78.32391522824734,44.2994061557742],[-78.32389600288747,44.29940578247765],[-78.3231190613925,44.29943837592077],[-78.32310078779255,44.29944011885763],[-78.32309913503947,44.29935565557914]]]},"properties":{"id":"district-road-surface-11-2598","semantic_type":"paved_area","source_id":"city-of-peterborough-11/2598","confidence":0.98,"review_status":"source-aligned","render_in_semantic_layer":false,"source_role":"authoritative-road-surface","facility_id":"11407"}},{"type":"Feature","id":"district-road-surface-11-2600","geometry":{"type":"Polygon","coordinates":[[[-78.32073107247874,44.299469442310205],[-78.32073808568703,44.29955129279042],[-78.32064303118918,44.299553902442895],[-78.3205546374321,44.299558071000774],[-78.32038198718058,44.299569922490065],[-78.31979265623963,44.29959941683767],[-78.31978908777987,44.29951134613583],[-78.32073107247874,44.299469442310205]]]},"properties":{"id":"district-road-surface-11-2600","semantic_type":"paved_area","source_id":"city-of-peterborough-11/2600","confidence":0.98,"review_status":"source-aligned","render_in_semantic_layer":false,"source_role":"authoritative-road-surface","facility_id":"10749"}},{"type":"Feature","id":"district-road-surface-11-2601","geometry":{"type":"Polygon","coordinates":[[[-78.32279657200527,44.299454013856],[-78.32278111536547,44.29945349198884],[-78.32073808568703,44.29955129279042],[-78.32073107247874,44.299469442310205],[-78.32272875307682,44.299376676490795],[-78.32276135741208,44.29937171002765],[-78.32279186420755,44.29936029968145],[-78.32279657200527,44.299454013856]]]},"properties":{"id":"district-road-surface-11-2601","semantic_type":"paved_area","source_id":"city-of-peterborough-11/2601","confidence":0.98,"review_status":"source-aligned","render_in_semantic_layer":false,"source_role":"authoritative-road-surface","facility_id":"11380"}},{"type":"Feature","id":"district-road-surface-11-2670","geometry":{"type":"Polygon","coordinates":[[[-78.32636033756431,44.301720397575494],[-78.32636948292395,44.30171904079727],[-78.32637397340883,44.30182257894911],[-78.32550727900663,44.30185366253464],[-78.32550047996207,44.301754366389126],[-78.32636033756431,44.301720397575494]]]},"properties":{"id":"district-road-surface-11-2670","semantic_type":"paved_area","source_id":"city-of-peterborough-11/2670","confidence":0.98,"review_status":"source-aligned","render_in_semantic_layer":false,"source_role":"authoritative-road-surface","facility_id":"8052"}},{"type":"Feature","id":"district-road-surface-11-2672","geometry":{"type":"Polygon","coordinates":[[[-78.32521628127816,44.30186473170053],[-78.3250134591401,44.301873604580756],[-78.32444075254261,44.3018946123573],[-78.32443396129767,44.30179703226405],[-78.32453668495036,44.30179497912659],[-78.32488846845928,44.30177935030532],[-78.32521506635689,44.3017673669457],[-78.32523069121127,44.301765690344375],[-78.32523832282915,44.30186654549033],[-78.32521628127816,44.30186473170053]]]},"properties":{"id":"district-road-surface-11-2672","semantic_type":"paved_area","source_id":"city-of-peterborough-11/2672","confidence":0.98,"review_status":"source-aligned","render_in_semantic_layer":false,"source_role":"authoritative-road-surface","facility_id":"8056"}},{"type":"Feature","id":"district-road-surface-11-2674","geometry":{"type":"Polygon","coordinates":[[[-78.32327460148444,44.30184157315872],[-78.32404835831643,44.301810818938506],[-78.3240595537698,44.30190771815832],[-78.32327974224407,44.301938271954555],[-78.32327460148444,44.30184157315872]]]},"properties":{"id":"district-road-surface-11-2674","semantic_type":"paved_area","source_id":"city-of-peterborough-11/2674","confidence":0.98,"review_status":"source-aligned","render_in_semantic_layer":false,"source_role":"authoritative-road-surface","facility_id":"8064"}},{"type":"Feature","id":"district-road-surface-11-2675","geometry":{"type":"Polygon","coordinates":[[[-78.32221055379622,44.30186586817872],[-78.32247452757701,44.30185320319973],[-78.3224880682535,44.30185551223336],[-78.32250816022331,44.30186521137137],[-78.3225227159744,44.30186705986117],[-78.32294956996988,44.30184996947424],[-78.32295436508151,44.30195147306499],[-78.3222173562194,44.301979877838136],[-78.32221055379622,44.30186586817872]]]},"properties":{"id":"district-road-surface-11-2675","semantic_type":"paved_area","source_id":"city-of-peterborough-11/2675","confidence":0.98,"review_status":"source-aligned","render_in_semantic_layer":false,"source_role":"authoritative-road-surface","facility_id":"8076"}},{"type":"Feature","id":"district-road-surface-11-2677","geometry":{"type":"Polygon","coordinates":[[[-78.32087037377326,44.302037106078785],[-78.3208616900418,44.301922291452115],[-78.32104517084521,44.30191529025349],[-78.32105173374377,44.30202980301468],[-78.32087037377326,44.302037106078785]]]},"properties":{"id":"district-road-surface-11-2677","semantic_type":"paved_area","source_id":"city-of-peterborough-11/2677","confidence":0.98,"review_status":"source-aligned","render_in_semantic_layer":false,"source_role":"authoritative-road-surface","facility_id":"10722"}},{"type":"Feature","id":"district-road-surface-11-2678","geometry":{"type":"Polygon","coordinates":[[[-78.31921280111845,44.301988315326945],[-78.31965780188813,44.301971996554244],[-78.31966526040962,44.30209051325209],[-78.31921788698472,44.30210938983762],[-78.31921280111845,44.301988315326945]]]},"properties":{"id":"district-road-surface-11-2678","semantic_type":"paved_area","source_id":"city-of-peterborough-11/2678","confidence":0.98,"review_status":"source-aligned","render_in_semantic_layer":false,"source_role":"authoritative-road-surface","facility_id":"8090"}},{"type":"Feature","id":"district-road-surface-11-2679","geometry":{"type":"Polygon","coordinates":[[[-78.31811604266782,44.30212503366773],[-78.31809670135974,44.30212575590743],[-78.31807887923509,44.30212917956087],[-78.318061618967,44.30213548739943],[-78.31804662317377,44.30214428999458],[-78.31803458100427,44.30215518220901],[-78.31802636211557,44.30216704382459],[-78.3180217991057,44.30217936675307],[-78.31802074009349,44.30219377873029],[-78.31794571277668,44.302197190681774],[-78.31793475606743,44.302080440853416],[-78.31793823738694,44.302063876510026],[-78.31794783870185,44.30204861012087],[-78.31796086900202,44.302037106436714],[-78.31797736681166,44.3020281896981],[-78.31799636683483,44.302022382791506],[-78.31801585391766,44.30202005609715],[-78.31803201251996,44.30202059330363],[-78.31804688515668,44.302023106113054],[-78.31805770041818,44.302026293328694],[-78.31807390747036,44.30203567329893],[-78.31809146939334,44.302042280733374],[-78.31811045962323,44.30204637483636],[-78.31813117957428,44.302047806040406],[-78.31888295691269,44.30201495899178],[-78.31889089896387,44.30212040245279],[-78.31859481524343,44.30213386593074],[-78.3183420928175,44.30211538724917],[-78.31811604266782,44.30212503366773]]]},"properties":{"id":"district-road-surface-11-2679","semantic_type":"paved_area","source_id":"city-of-peterborough-11/2679","confidence":0.98,"review_status":"source-aligned","render_in_semantic_layer":false,"source_role":"authoritative-road-surface","facility_id":"8092"}},{"type":"Feature","id":"district-road-surface-11-2848","geometry":{"type":"Polygon","coordinates":[[[-78.32567164825298,44.30435075192278],[-78.3265387685917,44.304307456744475],[-78.32655097616703,44.30430504362457],[-78.32655801988243,44.30440757830367],[-78.32567914477443,44.30445112309108],[-78.32567164825298,44.30435075192278]]]},"properties":{"id":"district-road-surface-11-2848","semantic_type":"paved_area","source_id":"city-of-peterborough-11/2848","confidence":0.98,"review_status":"source-aligned","render_in_semantic_layer":false,"source_role":"authoritative-road-surface","facility_id":"7936"}},{"type":"Feature","id":"district-road-surface-11-2849","geometry":{"type":"Polygon","coordinates":[[[-78.32469401703916,44.30450011673471],[-78.32468125787896,44.30450274719899],[-78.32467129838972,44.304503166476074],[-78.32466535996423,44.304399859044345],[-78.32542714287696,44.30436354194694],[-78.32543483600516,44.30446203255528],[-78.3247047754244,44.304497456481876],[-78.32469401703916,44.30450011673471]]]},"properties":{"id":"district-road-surface-11-2849","semantic_type":"paved_area","source_id":"city-of-peterborough-11/2849","confidence":0.98,"review_status":"source-aligned","render_in_semantic_layer":false,"source_role":"authoritative-road-surface","facility_id":"7940"}},{"type":"Feature","id":"district-road-surface-11-2891","geometry":{"type":"Polygon","coordinates":[[[-78.32518205458514,44.29919435115284],[-78.325172699732,44.29897526070763],[-78.32514133205702,44.29848616591086],[-78.32510638443408,44.29817581314792],[-78.32516029383035,44.29817356353368],[-78.32516107309317,44.29820869806586],[-78.32517783976839,44.298440103373935],[-78.3252227062293,44.299021436523674],[-78.32522992993621,44.29914895380335],[-78.32523558554993,44.299191815350895],[-78.32518205458514,44.29919435115284]]]},"properties":{"id":"district-road-surface-11-2891","semantic_type":"paved_area","source_id":"city-of-peterborough-11/2891","confidence":0.98,"review_status":"source-aligned","render_in_semantic_layer":false,"source_role":"authoritative-road-surface","facility_id":"13983"}},{"type":"Feature","id":"district-road-surface-11-2892","geometry":{"type":"Polygon","coordinates":[[[-78.32510638443408,44.29817581314792],[-78.32514133205702,44.29848616591086],[-78.325172699732,44.29897526070763],[-78.32518205458514,44.29919435115284],[-78.3251355738731,44.2991965515854],[-78.32513426664272,44.29915240009928],[-78.3250925557165,44.29865575536274],[-78.32505599661688,44.29817791659038],[-78.32510638443408,44.29817581314792]]]},"properties":{"id":"district-road-surface-11-2892","semantic_type":"paved_area","source_id":"city-of-peterborough-11/2892","confidence":0.98,"review_status":"source-aligned","render_in_semantic_layer":false,"source_role":"authoritative-road-surface","facility_id":"14340"}},{"type":"Feature","id":"district-road-surface-11-2898","geometry":{"type":"Polygon","coordinates":[[[-78.32526639227702,44.29966049661977],[-78.32528562372828,44.2999008489717],[-78.32532113989826,44.300423022543],[-78.32532403499533,44.300436944764904],[-78.32526925069865,44.30043815303685],[-78.32525557123431,44.30019970794511],[-78.32523265370885,44.29990799296194],[-78.3251844697413,44.29991014539965],[-78.32518204263417,44.29987226602487],[-78.32523337399596,44.29987042411251],[-78.3252050098066,44.2994226775436],[-78.32525241506649,44.29942101820798],[-78.32526639227702,44.29966049661977]]]},"properties":{"id":"district-road-surface-11-2898","semantic_type":"paved_area","source_id":"city-of-peterborough-11/2898","confidence":0.98,"review_status":"source-aligned","render_in_semantic_layer":false,"source_role":"authoritative-road-surface","facility_id":"13567"}},{"type":"Feature","id":"district-road-surface-11-2899","geometry":{"type":"Polygon","coordinates":[[[-78.3252050098066,44.2994226775436],[-78.32523337399596,44.29987042411251],[-78.32523265370885,44.29990799296194],[-78.32525557123431,44.30019970794511],[-78.32526925069865,44.30043815303685],[-78.32521834013832,44.30043927559956],[-78.32515594674592,44.29946493658649],[-78.32515367535414,44.29943894363451],[-78.32514991786678,44.29942460777627],[-78.3252050098066,44.2994226775436]]]},"properties":{"id":"district-road-surface-11-2899","semantic_type":"paved_area","source_id":"city-of-peterborough-11/2899","confidence":0.98,"review_status":"source-aligned","render_in_semantic_layer":false,"source_role":"authoritative-road-surface","facility_id":"14336"}},{"type":"Feature","id":"district-road-surface-11-2905","geometry":{"type":"Polygon","coordinates":[[[-78.32527202589698,44.30116813228039],[-78.32523478686106,44.300654169428064],[-78.32534208656887,44.30065032410271],[-78.32538751657765,44.3013282673846],[-78.32541537932849,44.30169666412021],[-78.3253097435433,44.301699907502275],[-78.32527202589698,44.30116813228039]]]},"properties":{"id":"district-road-surface-11-2905","semantic_type":"paved_area","source_id":"city-of-peterborough-11/2905","confidence":0.98,"review_status":"source-aligned","render_in_semantic_layer":false,"source_role":"authoritative-road-surface","facility_id":"8054"}},{"type":"Feature","id":"district-road-surface-11-2906","geometry":{"type":"Polygon","coordinates":[[[-78.32542415499607,44.30330429124139],[-78.32552667885668,44.303298138969424],[-78.32559835622504,44.30429941774621],[-78.32549633043243,44.3043058824424],[-78.32542415499607,44.30330429124139]]]},"properties":{"id":"district-road-surface-11-2906","semantic_type":"paved_area","source_id":"city-of-peterborough-11/2906","confidence":0.98,"review_status":"source-aligned","render_in_semantic_layer":false,"source_role":"authoritative-road-surface","facility_id":"7948"}},{"type":"Feature","id":"district-road-surface-11-3096","geometry":{"type":"Polygon","coordinates":[[[-78.32347597530041,44.304460074254585],[-78.32431131948815,44.304416472268365],[-78.3243164475561,44.304518838837744],[-78.32348283574504,44.30455869130981],[-78.32347597530041,44.304460074254585]]]},"properties":{"id":"district-road-surface-11-3096","semantic_type":"paved_area","source_id":"city-of-peterborough-11/3096","confidence":0.98,"review_status":"source-aligned","render_in_semantic_layer":false,"source_role":"authoritative-road-surface","facility_id":"7970"}},{"type":"Feature","id":"district-road-surface-11-3473","geometry":{"type":"Polygon","coordinates":[[[-78.32550211466217,44.30292058277235],[-78.32551142671005,44.3030582194082],[-78.32540783940817,44.30306394702624],[-78.325326762866,44.30195388857504],[-78.32532143705635,44.30191777966052],[-78.32543388078567,44.301912155197996],[-78.3254341918886,44.301970482513006],[-78.32550211466217,44.30292058277235]]]},"properties":{"id":"district-road-surface-11-3473","semantic_type":"paved_area","source_id":"city-of-peterborough-11/3473","confidence":0.98,"review_status":"source-aligned","render_in_semantic_layer":false,"source_role":"authoritative-road-surface","facility_id":"8051"}},{"type":"Feature","id":"district-road-surface-11-3609","geometry":{"type":"Polygon","coordinates":[[[-78.3242157678094,44.29930816932226],[-78.32426283547014,44.29930737215346],[-78.3250195312438,44.299275705403794],[-78.32503844633749,44.29927374672068],[-78.32505672719192,44.29926974484402],[-78.32506191590753,44.2993629966538],[-78.32502808062493,44.29936123415562],[-78.32421638137987,44.29939233634308],[-78.32420686051248,44.29930815678368],[-78.3242157678094,44.29930816932226]]]},"properties":{"id":"district-road-surface-11-3609","semantic_type":"paved_area","source_id":"city-of-peterborough-11/3609","confidence":0.98,"review_status":"source-aligned","render_in_semantic_layer":false,"source_role":"authoritative-road-surface","facility_id":"11411"}},{"type":"Feature","id":"district-road-surface-11-3686","geometry":{"type":"Polygon","coordinates":[[[-78.3263985728402,44.29802410307939],[-78.32725455034193,44.29798522726625],[-78.3272576960422,44.298029866521865],[-78.32698564829458,44.298038733518716],[-78.32667235284748,44.29805466344847],[-78.32640142983487,44.29806514798469],[-78.3263985728402,44.29802410307939]]]},"properties":{"id":"district-road-surface-11-3686","semantic_type":"paved_area","source_id":"city-of-peterborough-11/3686","confidence":0.98,"review_status":"source-aligned","render_in_semantic_layer":false,"source_role":"authoritative-road-surface","facility_id":"4212"}},{"type":"Feature","id":"district-road-surface-11-3687","geometry":{"type":"Polygon","coordinates":[[[-78.3263985728402,44.29802410307939],[-78.32639563711528,44.29798192107827],[-78.32725176111973,44.297945658624705],[-78.32725455034193,44.29798522726625],[-78.3263985728402,44.29802410307939]]]},"properties":{"id":"district-road-surface-11-3687","semantic_type":"paved_area","source_id":"city-of-peterborough-11/3687","confidence":0.98,"review_status":"source-aligned","render_in_semantic_layer":false,"source_role":"authoritative-road-surface","facility_id":"13663"}},{"type":"Feature","id":"district-road-surface-11-3942","geometry":{"type":"Polygon","coordinates":[[[-78.32523590477813,44.2981059148097],[-78.3252961049799,44.29807029156103],[-78.32607621272595,44.29803794017418],[-78.32607950353197,44.29808182122418],[-78.32524828647352,44.298115507521594],[-78.32523646895439,44.2981154601809],[-78.32523590477813,44.2981059148097]]]},"properties":{"id":"district-road-surface-11-3942","semantic_type":"paved_area","source_id":"city-of-peterborough-11/3942","confidence":0.98,"review_status":"source-aligned","render_in_semantic_layer":false,"source_role":"authoritative-road-surface","facility_id":"4204"}},{"type":"Feature","id":"district-road-surface-11-3943","geometry":{"type":"Polygon","coordinates":[[[-78.3252961049799,44.29807029156103],[-78.32523590477813,44.2981059148097],[-78.32523175922529,44.29803580299229],[-78.3260624040148,44.298001002367336],[-78.32607331030823,44.297999252927184],[-78.32607621272595,44.29803794017418],[-78.3252961049799,44.29807029156103]]]},"properties":{"id":"district-road-surface-11-3943","semantic_type":"paved_area","source_id":"city-of-peterborough-11/3943","confidence":0.98,"review_status":"source-aligned","render_in_semantic_layer":false,"source_role":"authoritative-road-surface","facility_id":"13677"}},{"type":"Feature","id":"district-road-surface-11-4257","geometry":{"type":"Polygon","coordinates":[[[-78.32532035859623,44.30191444856862],[-78.32530836104323,44.301895169773125],[-78.32529511189045,44.301884096494284],[-78.32527047289454,44.30187325868144],[-78.32523832282915,44.30186654549033],[-78.32523069121127,44.301765690344375],[-78.32526457370483,44.3017570907865],[-78.32528025506343,44.301750335232036],[-78.32529082102708,44.30174384152988],[-78.32529992509748,44.30173461993922],[-78.32530688104505,44.30172323325976],[-78.32531032299431,44.301711048519444],[-78.32530974479558,44.30169990753162],[-78.32541537932849,44.30169666412021],[-78.3254170218353,44.30170703329892],[-78.32542209086189,44.301718001324],[-78.32542994797097,44.30172808578236],[-78.32544030858989,44.30173692799688],[-78.32545496102617,44.301745203663835],[-78.32546778770288,44.30174990295834],[-78.32548153298937,44.30175298076684],[-78.32550047996207,44.301754366389126],[-78.32550727900663,44.30185366253464],[-78.3254932401074,44.30185536372916],[-78.32547972162357,44.30185954477819],[-78.3254564994269,44.30187190796249],[-78.32543972115836,44.30189094194283],[-78.3254348172615,44.30190280074217],[-78.32543388078567,44.301912155197996],[-78.32532143705635,44.30191777966052],[-78.32532035859623,44.30191444856862]]]},"properties":{"id":"district-road-surface-11-4257","semantic_type":"paved_area","source_id":"city-of-peterborough-11/4257","confidence":0.98,"review_status":"source-aligned","render_in_semantic_layer":false,"source_role":"authoritative-road-surface","facility_id":"8050"}},{"type":"Feature","id":"district-road-surface-11-4258","geometry":{"type":"Polygon","coordinates":[[[-78.32204474077616,44.30205268238421],[-78.32203967220958,44.302039926268456],[-78.32203204181025,44.30202875575904],[-78.32202021788221,44.302017368029546],[-78.32200693371365,44.30200862076697],[-78.32199162619443,44.302001692309936],[-78.32197689627557,44.30199730628336],[-78.32195887780921,44.30199438707879],[-78.32194160432871,44.301993968317],[-78.32193203571033,44.30187929685871],[-78.32221055379622,44.30186586817872],[-78.3222173562194,44.301979877838136],[-78.32219800586294,44.30198085624068],[-78.32218289351967,44.30198424327413],[-78.3221696428324,44.30199046844225],[-78.32215855965914,44.30199986302117],[-78.32215296366118,44.30200845723833],[-78.32215025485003,44.3020177385786],[-78.32215252018109,44.30205510825297],[-78.3220456508505,44.30205698275714],[-78.32204474077616,44.30205268238421]]]},"properties":{"id":"district-road-surface-11-4258","semantic_type":"paved_area","source_id":"city-of-peterborough-11/4258","confidence":0.98,"review_status":"source-aligned","render_in_semantic_layer":false,"source_role":"authoritative-road-surface","facility_id":"8074"}},{"type":"Feature","id":"district-road-surface-11-4349","geometry":{"type":"Polygon","coordinates":[[[-78.32546785951415,44.30446724018434],[-78.3254516701784,44.30446358294788],[-78.32543483600516,44.30446203255528],[-78.32542714287696,44.30436354194694],[-78.32544242130153,44.304361889610895],[-78.32545507968571,44.30435863370768],[-78.32546104832706,44.30435640132367],[-78.3254780354074,44.30434462487929],[-78.32548676040427,44.30433564287237],[-78.32549234857584,44.30432663598325],[-78.32549581319455,44.304315969641664],[-78.32549633043243,44.3043058824424],[-78.32559835622504,44.30429941774621],[-78.32560142669061,44.30432984885868],[-78.32560626182527,44.30434006506156],[-78.32561228517746,44.304346396495156],[-78.32562556997183,44.304351427903505],[-78.32567164825298,44.30435075192278],[-78.32567914477443,44.30445112309108],[-78.32566429017412,44.304452580125094],[-78.32564924914145,44.30445670571451],[-78.3256360058651,44.30446309440725],[-78.32562566967171,44.30447092233201],[-78.32561817561506,44.30447968741341],[-78.32561291463271,44.304490516034285],[-78.32561183766983,44.30451104684828],[-78.32551268871372,44.30451538678357],[-78.32550889394176,44.304500042662085],[-78.32549946703524,44.30448631221765],[-78.32548512297164,44.3044749873404],[-78.32546785951415,44.30446724018434]]]},"properties":{"id":"district-road-surface-11-4349","semantic_type":"paved_area","source_id":"city-of-peterborough-11/4349","confidence":0.98,"review_status":"source-aligned","render_in_semantic_layer":false,"source_role":"authoritative-road-surface","facility_id":"7934"}},{"type":"Feature","id":"district-road-surface-11-4696","geometry":{"type":"Polygon","coordinates":[[[-78.32498229206445,44.29813018153429],[-78.32497984246241,44.29813026817344],[-78.3249745189189,44.298045863825],[-78.32500586678552,44.298035643855606],[-78.32502588695776,44.29802265204659],[-78.32503824246784,44.29800542216326],[-78.32504100179617,44.29799589705647],[-78.32504081111223,44.29798296008383],[-78.32514707995271,44.29797954181702],[-78.32515844983118,44.298004010441915],[-78.32516600277916,44.29801316320929],[-78.32517546253051,44.29802084999038],[-78.32518820562586,44.29802781246052],[-78.3252006643356,44.29803220517175],[-78.32521623021226,44.298035198734745],[-78.32523175922529,44.29803580299229],[-78.32523646895439,44.2981154601809],[-78.32522121852926,44.29811727699951],[-78.3252084438067,44.2981207228147],[-78.32518644239347,44.298132183669985],[-78.325177916651,44.29813983521838],[-78.3251653317941,44.29815698141803],[-78.32516029383035,44.29817356353368],[-78.32505599661688,44.29817791659038],[-78.32504648632289,44.29815928482699],[-78.32502976973139,44.29814428786699],[-78.3250065382794,44.29813354419704],[-78.32498229206445,44.29813018153429]]]},"properties":{"id":"district-road-surface-11-4696","semantic_type":"paved_area","source_id":"city-of-peterborough-11/4696","confidence":0.98,"review_status":"source-aligned","render_in_semantic_layer":false,"source_role":"authoritative-road-surface","facility_id":"13678"}},{"type":"Feature","id":"district-road-surface-11-5242","geometry":{"type":"Polygon","coordinates":[[[-78.31963756642263,44.2987640673176],[-78.31955036819453,44.2987838803031],[-78.3194770376637,44.29879830480853],[-78.31947770453118,44.298773690648204],[-78.31963843205824,44.298740757825755],[-78.31963756642263,44.2987640673176]]]},"properties":{"id":"district-road-surface-11-5242","semantic_type":"paved_area","source_id":"city-of-peterborough-11/5242","confidence":0.98,"review_status":"source-aligned","render_in_semantic_layer":false,"source_role":"authoritative-road-surface","facility_id":"20173"}},{"type":"Feature","id":"district-road-surface-11-5266","geometry":{"type":"Polygon","coordinates":[[[-78.31838608540642,44.300343041918474],[-78.31832384609015,44.29994351807021],[-78.31835779899637,44.29999766081687],[-78.31841911383427,44.30039508418331],[-78.31838608540642,44.300343041918474]]]},"properties":{"id":"district-road-surface-11-5266","semantic_type":"paved_area","source_id":"city-of-peterborough-11/5266","confidence":0.98,"review_status":"source-aligned","render_in_semantic_layer":false,"source_role":"authoritative-road-surface","facility_id":"20208"}},{"type":"Feature","id":"district-road-surface-11-5269","geometry":{"type":"Polygon","coordinates":[[[-78.31833902094709,44.29967499022579],[-78.31836619451613,44.29956925801287],[-78.31839608609498,44.29956766003036],[-78.31836543251315,44.29966822122192],[-78.31833902094709,44.29967499022579]]]},"properties":{"id":"district-road-surface-11-5269","semantic_type":"paved_area","source_id":"city-of-peterborough-11/5269","confidence":0.98,"review_status":"source-aligned","render_in_semantic_layer":false,"source_role":"authoritative-road-surface","facility_id":"20215"}},{"type":"Feature","id":"district-road-surface-11-5465","geometry":{"type":"Polygon","coordinates":[[[-78.32206700938457,44.30253943334028],[-78.32205975903989,44.30237233367366],[-78.32206808398375,44.30233177788878],[-78.32204565327325,44.30205698461454],[-78.32215252260384,44.30205511011037],[-78.32218902141142,44.30253352699811],[-78.32206700938457,44.30253943334028]]]},"properties":{"id":"district-road-surface-11-5465","semantic_type":"paved_area","source_id":"city-of-peterborough-11/5465","confidence":0.98,"review_status":"source-aligned","render_in_semantic_layer":false,"source_role":"authoritative-road-surface","facility_id":"20573"}},{"type":"Feature","id":"district-road-surface-11-5466","geometry":{"type":"Polygon","coordinates":[[[-78.32305399483613,44.30336168792524],[-78.32137571180728,44.303435792688724],[-78.32135489211947,44.303444062029634],[-78.32105886833715,44.303458249926756],[-78.32104874858032,44.3034577315379],[-78.32102765282221,44.30345115775852],[-78.32002369535243,44.30349542072133],[-78.32001088081414,44.30349769825457],[-78.31999487553574,44.30350427532338],[-78.31998235277953,44.30337419363412],[-78.31999786867183,44.303378089714236],[-78.32001576404514,44.303379919703126],[-78.32005824017396,44.30337830075283],[-78.32258558795607,44.30326424297031],[-78.32304181989264,44.3032465251234],[-78.32305399483613,44.30336168792524]]]},"properties":{"id":"district-road-surface-11-5466","semantic_type":"paved_area","source_id":"city-of-peterborough-11/5466","confidence":0.98,"review_status":"source-aligned","render_in_semantic_layer":false,"source_role":"authoritative-road-surface","facility_id":"20574"}},{"type":"Feature","id":"district-road-surface-11-5691","geometry":{"type":"Polygon","coordinates":[[[-78.31878573282893,44.30120959118855],[-78.31874345283082,44.30105252493004],[-78.31885730739245,44.30103260766372],[-78.31886090809063,44.301044105965886],[-78.31886354540953,44.30104603869032],[-78.31886778800443,44.301046470544364],[-78.31887174401699,44.301044524334],[-78.31887420908845,44.301040302311435],[-78.31887397801948,44.30102968620456],[-78.31891788286929,44.30102201085246],[-78.31897828304797,44.301252104681005],[-78.3189000754204,44.30130668550173],[-78.31880137857725,44.30126655288067],[-78.31878573282893,44.30120959118855]]]},"properties":{"id":"district-road-surface-11-5691","semantic_type":"paved_area","source_id":"city-of-peterborough-11/5691","confidence":0.98,"review_status":"source-aligned","render_in_semantic_layer":false,"source_role":"authoritative-road-surface","facility_id":"21387"}},{"type":"Feature","id":"district-road-surface-11-5693","geometry":{"type":"Polygon","coordinates":[[[-78.31963949372536,44.30121438857565],[-78.3196569328165,44.30119211105893],[-78.31966166934554,44.30117800508493],[-78.31966551026908,44.300913433271354],[-78.31978441930133,44.300910135864086],[-78.31980575402095,44.301220964524724],[-78.31972393364626,44.30124218770098],[-78.31964045029808,44.301227438063606],[-78.31963949372536,44.30121438857565]]]},"properties":{"id":"district-road-surface-11-5693","semantic_type":"paved_area","source_id":"city-of-peterborough-11/5693","confidence":0.98,"review_status":"source-aligned","render_in_semantic_layer":false,"source_role":"authoritative-road-surface","facility_id":"21386"}},{"type":"Feature","id":"district-road-surface-11-5695","geometry":{"type":"Polygon","coordinates":[[[-78.31953609859487,44.300860699984405],[-78.31903311861326,44.30088471966247],[-78.31902803674846,44.30085919625309],[-78.31941801131984,44.30084019776785],[-78.31942086545794,44.300837589165795],[-78.31941926534677,44.300835976102654],[-78.31938886198218,44.30082985865257],[-78.31935744055241,44.30082762629444],[-78.3190248544604,44.3008435196885],[-78.31900676608704,44.300754554278626],[-78.31931967259918,44.3007390477392],[-78.31933516408134,44.30074032532752],[-78.31934938872205,44.300743407930305],[-78.31938733130715,44.300758030014414],[-78.31941047644253,44.30076023455946],[-78.319484694196,44.3007551227106],[-78.31951156101509,44.300748384839586],[-78.31953717633542,44.30073752580917],[-78.31954501341076,44.30086033224711],[-78.31953609859487,44.300860699984405]]]},"properties":{"id":"district-road-surface-11-5695","semantic_type":"paved_area","source_id":"city-of-peterborough-11/5695","confidence":0.98,"review_status":"source-aligned","render_in_semantic_layer":false,"source_role":"authoritative-road-surface","facility_id":"21284"}},{"type":"Feature","id":"district-road-surface-11-5696","geometry":{"type":"Polygon","coordinates":[[[-78.31881267268264,44.30072146200925],[-78.31883243193573,44.3007400415277],[-78.31884610392996,44.3007499182165],[-78.31885779518328,44.30075591499438],[-78.31887143093621,44.300759596014025],[-78.31888810772675,44.30076052878869],[-78.31900676608704,44.300754554278626],[-78.3190248544604,44.3008435196885],[-78.31899992482096,44.300844741924465],[-78.31898364411757,44.30084714049596],[-78.31896771483764,44.30085054842862],[-78.31893739815469,44.300860283193394],[-78.31892324105517,44.300866535310476],[-78.31889746529912,44.30088157402732],[-78.31888152418209,44.30089416000683],[-78.31888051763046,44.30089726843284],[-78.31888269688346,44.30090012038519],[-78.3188952257562,44.300902534819926],[-78.31890775605882,44.30090012829674],[-78.31894759606841,44.300875178348214],[-78.31897626505204,44.30086347198326],[-78.31898612264145,44.300861341181125],[-78.31902803674846,44.30085919625309],[-78.31903311861326,44.30088471966247],[-78.31900383962675,44.30089041406064],[-78.31897363108581,44.300901875407796],[-78.31895258943149,44.30091459097606],[-78.3189321772391,44.30093344141663],[-78.31891821524042,44.300955310741124],[-78.3189120496818,44.300975797602156],[-78.31891158111073,44.30099552789804],[-78.31891788286929,44.30102201085246],[-78.31887397801948,44.30102968620456],[-78.31886672219335,44.300999654448376],[-78.31886652085001,44.30097597150075],[-78.31887020677202,44.30095815514327],[-78.3188804467691,44.30093361730399],[-78.31887798126458,44.30093025177141],[-78.3188690910543,44.300926060125015],[-78.31886485041659,44.30092561301228],[-78.31886034825855,44.300928265716706],[-78.3188504545748,44.300950208984105],[-78.31884601692595,44.3009730528434],[-78.31884717095741,44.30099610366599],[-78.31885730739245,44.30103260766372],[-78.31874345283082,44.30105252493004],[-78.31872228562976,44.3009733659115],[-78.31869329440649,44.300846735087376],[-78.31867899787197,44.30081118397861],[-78.31865118156111,44.300763818733074],[-78.31880751185535,44.300713226579454],[-78.31881267268264,44.30072146200925]]]},"properties":{"id":"district-road-surface-11-5696","semantic_type":"paved_area","source_id":"city-of-peterborough-11/5696","confidence":0.98,"review_status":"source-aligned","render_in_semantic_layer":false,"source_role":"authoritative-road-surface","facility_id":"21282"}},{"type":"Feature","id":"district-road-surface-11-5737","geometry":{"type":"Polygon","coordinates":[[[-78.3189000754204,44.30130668550173],[-78.31897828304797,44.301252104681005],[-78.31902727153863,44.30144969868616],[-78.31907536016362,44.30161594004937],[-78.31911864819733,44.301782968019644],[-78.3191365721419,44.30184375803402],[-78.31914943088924,44.30190067942641],[-78.31897566348214,44.30192798461881],[-78.31896127243971,44.30186380788704],[-78.31893293930928,44.30175375771338],[-78.31887979559146,44.30156642197728],[-78.31883207671066,44.30137831245551],[-78.31880137857725,44.30126655288067],[-78.3189000754204,44.30130668550173]]]},"properties":{"id":"district-road-surface-11-5737","semantic_type":"paved_area","source_id":"city-of-peterborough-11/5737","confidence":0.98,"review_status":"source-aligned","render_in_semantic_layer":false,"source_role":"authoritative-road-surface","facility_id":"21080"}},{"type":"Feature","id":"district-road-surface-11-5738","geometry":{"type":"Polygon","coordinates":[[[-78.31868444860056,44.30335671695238],[-78.31878504634773,44.30293352213888],[-78.3188087130613,44.30284882171645],[-78.31886431415347,44.302556243644005],[-78.31894217081064,44.30219781346141],[-78.31894819181781,44.30215663841728],[-78.31911924556302,44.30217690685137],[-78.31884725308397,44.30337249499381],[-78.31868444860056,44.30335671695238]]]},"properties":{"id":"district-road-surface-11-5738","semantic_type":"paved_area","source_id":"city-of-peterborough-11/5738","confidence":0.98,"review_status":"source-aligned","render_in_semantic_layer":false,"source_role":"authoritative-road-surface","facility_id":"21081"}},{"type":"Feature","id":"district-road-surface-11-5739","geometry":{"type":"Polygon","coordinates":[[[-78.31914943088924,44.30190067942641],[-78.31915877086837,44.30195886409185],[-78.31916391826574,44.30197037079987],[-78.31917253773528,44.30197869464297],[-78.31918422483857,44.30198478851925],[-78.31919791424794,44.301988096244024],[-78.31921280111845,44.301988315326945],[-78.31921788698472,44.30210938983762],[-78.31916734083863,44.3021115328671],[-78.31915318641718,44.30211535252274],[-78.31914203509754,44.302121277335765],[-78.31913344506488,44.30212909886939],[-78.31912836879671,44.30213739184691],[-78.31911924556302,44.30217690685137],[-78.31894819181781,44.30215663841728],[-78.31894389780564,44.30214142369216],[-78.3189323907475,44.302129890038444],[-78.31892379798852,44.30212513640746],[-78.31891257436887,44.30212155526375],[-78.31889089896387,44.30212040245279],[-78.31888295691269,44.30201495899178],[-78.31890283752111,44.3020110650019],[-78.31892228184184,44.30200425376302],[-78.31893879170437,44.301995399287314],[-78.31895278305491,44.30198453475278],[-78.31896420752093,44.301971428553024],[-78.31897164785254,44.30195777413482],[-78.31897553779267,44.30194337912374],[-78.31897566348214,44.30192798461881],[-78.31914943088924,44.30190067942641]]]},"properties":{"id":"district-road-surface-11-5739","semantic_type":"paved_area","source_id":"city-of-peterborough-11/5739","confidence":0.98,"review_status":"source-aligned","render_in_semantic_layer":false,"source_role":"authoritative-road-surface","facility_id":"21082"}},{"type":"Feature","id":"district-road-surface-11-5959","geometry":{"type":"Polygon","coordinates":[[[-78.32509172856254,44.29925483539189],[-78.3251083188493,44.29924273819798],[-78.32512144959966,44.29922861983262],[-78.32513057189416,44.299213166950516],[-78.3251355738731,44.2991965515854],[-78.32523558554993,44.299191815350895],[-78.32523903871989,44.29920534462853],[-78.32524528643556,44.29921925268567],[-78.32525467224303,44.29923317935792],[-78.32526418493899,44.29924293351057],[-78.3252771848128,44.29925020988209],[-78.32529280636243,44.29925562738871],[-78.32531558178356,44.29925978107776],[-78.3253343175879,44.29926066482536],[-78.3253382217122,44.299348593785474],[-78.32531546465783,44.29935250612715],[-78.32530905853868,44.299354942521106],[-78.32529291173726,44.29936298987938],[-78.32527895427236,44.299372927805095],[-78.32526821073355,44.29938372608106],[-78.32526020316116,44.299395392414475],[-78.32525487169413,44.29940792000151],[-78.32525241506649,44.29942101820798],[-78.32514991786678,44.29942460777627],[-78.32513752729507,44.29940198871652],[-78.32512143918287,44.29938369077337],[-78.3251089755756,44.29937628200598],[-78.32509582819429,44.29937076220337],[-78.32506191590753,44.2993629966538],[-78.32505672719192,44.29926974484402],[-78.32507506790925,44.2992633217176],[-78.32509172856254,44.29925483539189]]]},"properties":{"id":"district-road-surface-11-5959","semantic_type":"paved_area","source_id":"city-of-peterborough-11/5959","confidence":0.98,"review_status":"source-aligned","render_in_semantic_layer":false,"source_role":"authoritative-road-surface","facility_id":"11412"}},{"type":"Feature","id":"district-road-surface-11-6196","geometry":{"type":"Polygon","coordinates":[[[-78.32397967505206,44.30066495774276],[-78.32320057524669,44.30070384898051],[-78.32319418934266,44.300607436063395],[-78.32360859937857,44.300581139522706],[-78.32401089827658,44.30056233955857],[-78.32401999187078,44.30066294818657],[-78.32397967505206,44.30066495774276]]]},"properties":{"id":"district-road-surface-11-6196","semantic_type":"paved_area","source_id":"city-of-peterborough-11/6196","confidence":0.98,"review_status":"source-aligned","render_in_semantic_layer":false,"source_role":"authoritative-road-surface","facility_id":"22005"}},{"type":"Feature","id":"district-road-surface-11-6197","geometry":{"type":"Polygon","coordinates":[[[-78.32286812175842,44.30071904188042],[-78.3228528459917,44.300719194071846],[-78.32284632783728,44.30062495760836],[-78.32286211707441,44.30062142521142],[-78.32287791178061,44.30061589792364],[-78.32289151701032,44.300609145320976],[-78.32290431436995,44.300600475082696],[-78.3229150784381,44.300590480561915],[-78.32292311671978,44.30058008270814],[-78.32292923391957,44.30056823626533],[-78.32293265029736,44.300556209444686],[-78.32307585574017,44.30055161393751],[-78.32308305079698,44.30056406066779],[-78.32309354917057,44.3005759816779],[-78.32310676912522,44.30058641353091],[-78.32312144092545,44.30059463593577],[-78.32313768371867,44.300600978487175],[-78.32315606794758,44.300605495074244],[-78.32317525904239,44.30060767815229],[-78.32319418934266,44.300607436063395],[-78.32320057524669,44.30070384898051],[-78.32317888606637,44.30070753025688],[-78.32316528626538,44.300712068336296],[-78.3231527225834,44.300718439371046],[-78.32314140577293,44.30072677794386],[-78.32313173650626,44.30073748057088],[-78.32312574742342,44.30074830191087],[-78.32312268397669,44.300759735627665],[-78.32312271216412,44.30077323146133],[-78.32295066929198,44.30078312676926],[-78.3229497642235,44.30077014153483],[-78.32294465982275,44.30075844694501],[-78.32293780049325,44.30074901050835],[-78.32292752723681,44.3007394444903],[-78.32291648829523,44.30073224355072],[-78.32290247576489,44.30072589835703],[-78.32288276716022,44.300720677260266],[-78.32286812175842,44.30071904188042]]]},"properties":{"id":"district-road-surface-11-6197","semantic_type":"paved_area","source_id":"city-of-peterborough-11/6197","confidence":0.98,"review_status":"source-aligned","render_in_semantic_layer":false,"source_role":"authoritative-road-surface","facility_id":"22006"}},{"type":"Feature","id":"district-road-surface-11-6198","geometry":{"type":"Polygon","coordinates":[[[-78.31986197382912,44.30074061587184],[-78.32282669229237,44.300626952146004],[-78.32284632783728,44.30062495760836],[-78.3228528459917,44.300719194071846],[-78.31986894017184,44.300837899660685],[-78.31986197382912,44.30074061587184]]]},"properties":{"id":"district-road-surface-11-6198","semantic_type":"paved_area","source_id":"city-of-peterborough-11/6198","confidence":0.98,"review_status":"source-aligned","render_in_semantic_layer":false,"source_role":"authoritative-road-surface","facility_id":"22010"}},{"type":"Feature","id":"district-road-surface-11-6288","geometry":{"type":"Polygon","coordinates":[[[-78.32544077009014,44.300591405724525],[-78.32543387156528,44.3004938060526],[-78.32624116818005,44.30046065199136],[-78.32624779944577,44.30055582990922],[-78.32544077009014,44.300591405724525]]]},"properties":{"id":"district-road-surface-11-6288","semantic_type":"paved_area","source_id":"city-of-peterborough-11/6288","confidence":0.98,"review_status":"source-aligned","render_in_semantic_layer":false,"source_role":"authoritative-road-surface","facility_id":"22136"}},{"type":"Feature","id":"district-road-surface-11-6289","geometry":{"type":"Polygon","coordinates":[[[-78.32439411884114,44.30064103677277],[-78.32430517740484,44.30064781971119],[-78.32430195154883,44.300544146358284],[-78.32512116406957,44.30050767213167],[-78.32512818053041,44.30060641703867],[-78.32439411884114,44.30064103677277]]]},"properties":{"id":"district-road-surface-11-6289","semantic_type":"paved_area","source_id":"city-of-peterborough-11/6289","confidence":0.98,"review_status":"source-aligned","render_in_semantic_layer":false,"source_role":"authoritative-road-surface","facility_id":"22137"}},{"type":"Feature","id":"district-road-surface-11-6290","geometry":{"type":"Polygon","coordinates":[[[-78.32635923445315,44.30061183016902],[-78.32635505352438,44.30059858457457],[-78.32634745918128,44.30058685432213],[-78.32633591151553,44.30057585792715],[-78.32632076966244,44.300566465366835],[-78.3263048661087,44.30056015372161],[-78.32628753996285,44.30055621069541],[-78.3262713575046,44.30055496378118],[-78.32624779944577,44.30055582990922],[-78.32624116818005,44.30046065199136],[-78.32626237905959,44.300459077283556],[-78.32628186042747,44.300454732416796],[-78.32630053162418,44.30044702763661],[-78.32631552078999,44.30043722988876],[-78.32632882947829,44.30042344415608],[-78.32633610406255,44.300410526298805],[-78.32633960964131,44.30039707182203],[-78.32633948612228,44.30038240159209],[-78.32647796083265,44.30037698338372],[-78.32648118060918,44.3003905251611],[-78.3264864682311,44.30040085006025],[-78.32649849595352,44.300414884420015],[-78.326508949256,44.300422926561595],[-78.32653294223722,44.30043329613804],[-78.32654735717182,44.30043669469648],[-78.32656555443802,44.300438514522476],[-78.32657329233878,44.30054061177263],[-78.326558658384,44.30054189763832],[-78.32653929633419,44.30054689984933],[-78.32652651400069,44.30055287721529],[-78.32651554555991,44.30056059498846],[-78.32650619154361,44.300570691296436],[-78.3264997559418,44.30058299501836],[-78.32649767330965,44.30059274847209],[-78.32649795497578,44.30060562094836],[-78.32635923445315,44.30061183016902]]]},"properties":{"id":"district-road-surface-11-6290","semantic_type":"paved_area","source_id":"city-of-peterborough-11/6290","confidence":0.98,"review_status":"source-aligned","render_in_semantic_layer":false,"source_role":"authoritative-road-surface","facility_id":"22138"}},{"type":"Feature","id":"district-road-surface-11-6291","geometry":{"type":"Polygon","coordinates":[[[-78.3251629885646,44.3006047749423],[-78.32512818053041,44.30060641703867],[-78.32512116406957,44.30050767213167],[-78.32515154061916,44.30050630521105],[-78.32516472906545,44.30050367034664],[-78.32518358087377,44.3004965740688],[-78.32519447288662,44.300490017792725],[-78.325204917544,44.300480891541284],[-78.32521436027103,44.30046719180382],[-78.32521862969037,44.30045221668484],[-78.32521834013832,44.30043927559956],[-78.32532403499533,44.300436944764904],[-78.32532672758221,44.300449778306266],[-78.32533347375869,44.30046251326969],[-78.32534327095946,44.30047392879248],[-78.32535820108002,44.30048425281094],[-78.32537747065882,44.30049207670142],[-78.32539184842392,44.30049458145879],[-78.32543387156528,44.3004938060526],[-78.32544077009014,44.300591405724525],[-78.32540346352673,44.300593050581824],[-78.32538480927617,44.30059828164664],[-78.32537312185522,44.300603830797705],[-78.32535992086162,44.300613253491484],[-78.325349783645,44.300624607947604],[-78.32534358284548,44.3006373393362],[-78.32534208656887,44.30065032410271],[-78.32523478686106,44.300654169428064],[-78.32522680882481,44.300637010434386],[-78.3252103494038,44.300621303809855],[-78.32519042021809,44.300611056190036],[-78.3251629885646,44.3006047749423]]]},"properties":{"id":"district-road-surface-11-6291","semantic_type":"paved_area","source_id":"city-of-peterborough-11/6291","confidence":0.98,"review_status":"source-aligned","render_in_semantic_layer":false,"source_role":"authoritative-road-surface","facility_id":"22139"}},{"type":"Feature","id":"district-road-surface-11-6498","geometry":{"type":"Polygon","coordinates":[[[-78.32419476299438,44.29939927127977],[-78.32417217177138,44.299406648851345],[-78.3241471691651,44.29942126934942],[-78.32413512524472,44.29943367194065],[-78.32413079526063,44.29944051518557],[-78.32412536015447,44.299457634411276],[-78.32414412283259,44.299727559119646],[-78.32414294726902,44.299754554321815],[-78.3241394288095,44.29977457055972],[-78.32413376720498,44.299794052207886],[-78.324110975551,44.29985051635442],[-78.32410642164398,44.29987781317743],[-78.32412102289875,44.30010296310174],[-78.32412271597205,44.30011566160653],[-78.32413180705917,44.30014445406064],[-78.32416181087277,44.30019654440271],[-78.32416999898663,44.30021434129188],[-78.32418046820499,44.30024974438221],[-78.32419858668067,44.30048414877148],[-78.32420310707673,44.30050249167617],[-78.32421348754639,44.3005175355863],[-78.32422053598316,44.300524028868125],[-78.32424022945669,44.30053578990172],[-78.32425858949094,44.30054180560774],[-78.32427546195393,44.300544612059184],[-78.32430195154883,44.300544146358284],[-78.32401089827658,44.30056233955857],[-78.3240415346781,44.30055881475628],[-78.32406326318274,44.30055241809747],[-78.32407620651506,44.30054624131938],[-78.32409026694162,44.30053608989002],[-78.32410117418603,44.30052114798228],[-78.32410562789562,44.30051191560027],[-78.3241063084344,44.30047490670364],[-78.32408656272744,44.300265609830696],[-78.32407940362157,44.30023968143583],[-78.32404292665271,44.30016929871249],[-78.32403606345778,44.30015230531303],[-78.3240291390892,44.30012863221345],[-78.32402538416976,44.30010233077896],[-78.324011305136,44.2998974988666],[-78.32401150553726,44.29987019901837],[-78.32401742811395,44.29983689611716],[-78.3240274099523,44.29980902252689],[-78.3240398095681,44.29978176378803],[-78.32404665317571,44.29975790028991],[-78.32404887816539,44.299738707196354],[-78.32402999864303,44.299467749815406],[-78.32402529691065,44.299452047668694],[-78.32401758507919,44.29944043334236],[-78.3239945643799,44.299422536293676],[-78.32397457112245,44.29941473211478],[-78.32393414716896,44.299408637538],[-78.32421661188243,44.299394298051666],[-78.32419476299438,44.29939927127977]]]},"properties":{"id":"district-road-surface-11-6498","semantic_type":"paved_area","source_id":"city-of-peterborough-11/6498","confidence":0.98,"review_status":"source-aligned","render_in_semantic_layer":false,"source_role":"authoritative-road-surface","facility_id":"22510"}},{"type":"Feature","id":"district-road-surface-11-6499","geometry":{"type":"Polygon","coordinates":[[[-78.32414278218577,44.30180486784051],[-78.32416410261203,44.30179416547008],[-78.32418034653331,44.301780855724786],[-78.32418831031632,44.30176947563402],[-78.32419297887209,44.30175667688276],[-78.32419355327634,44.301739957775965],[-78.32412099432955,44.30072966424855],[-78.32411641989874,44.30070655310043],[-78.32410955841416,44.30069528461696],[-78.32409409731686,44.30068092554419],[-78.32408104973592,44.300673509277736],[-78.3240563082764,44.300665658624006],[-78.32401999187078,44.30066294818657],[-78.32430517740484,44.30064781971119],[-78.32428905121705,44.30064974821615],[-78.32426518958653,44.300655526839826],[-78.32425060601237,44.30066168769725],[-78.32423502795567,44.300672187089745],[-78.32422307954391,44.30068576498944],[-78.32421834523777,44.30069493768183],[-78.32421510386311,44.30071015292808],[-78.32421572750336,44.30072257878494],[-78.32428787940226,44.301725700999846],[-78.32429136066216,44.301750856253044],[-78.32429749179941,44.301762806220246],[-78.32430993895738,44.301776267259555],[-78.32432936119933,44.30178815786045],[-78.32435498740857,44.301795860840954],[-78.32438444687246,44.301798799366466],[-78.32413189706905,44.30180789958674],[-78.32414278218577,44.30180486784051]]]},"properties":{"id":"district-road-surface-11-6499","semantic_type":"paved_area","source_id":"city-of-peterborough-11/6499","confidence":0.98,"review_status":"source-aligned","render_in_semantic_layer":false,"source_role":"authoritative-road-surface","facility_id":"22511"}},{"type":"Feature","id":"district-road-surface-11-6500","geometry":{"type":"Polygon","coordinates":[[[-78.32437439036258,44.30189955595639],[-78.32434637120646,44.301907403212496],[-78.32432669791604,44.30191901839654],[-78.32431296671598,44.301932869611115],[-78.3243072189278,44.30194254881287],[-78.32430372526318,44.301952280852326],[-78.32430276158483,44.30196473972059],[-78.32430598816396,44.302042166358866],[-78.32434453323529,44.30251434210083],[-78.32435898793345,44.30278198880988],[-78.32436762092067,44.302898815897585],[-78.32436850858231,44.30292242399117],[-78.32436057800392,44.302988288802055],[-78.32437636381188,44.303201442251385],[-78.32430957308725,44.30320474896249],[-78.32430412580457,44.303106564786084],[-78.32429909821647,44.30310406480034],[-78.32429861842117,44.30310185057311],[-78.32429954668574,44.303090557637155],[-78.324304705245,44.30308835583959],[-78.32429444263862,44.30298010621243],[-78.32428890559542,44.30295596600282],[-78.32428154224452,44.302878617058454],[-78.32421453457722,44.30196364839252],[-78.32420490483062,44.30194198433183],[-78.3241947126589,44.30193269401442],[-78.32416227320878,44.3019165460226],[-78.32413643790467,44.3019106845679],[-78.32407667626694,44.301907128349114],[-78.3244177452874,44.30189545590592],[-78.32437439036258,44.30189955595639]]]},"properties":{"id":"district-road-surface-11-6500","semantic_type":"paved_area","source_id":"city-of-peterborough-11/6500","confidence":0.98,"review_status":"source-aligned","render_in_semantic_layer":false,"source_role":"authoritative-road-surface","facility_id":"22512"}},{"type":"Feature","id":"district-road-surface-11-6501","geometry":{"type":"Polygon","coordinates":[[[-78.32439294885701,44.303370617837636],[-78.32441133664109,44.303613355978996],[-78.32441858006104,44.30362560749354],[-78.32442171979295,44.30363968941383],[-78.3244725032978,44.304348022899056],[-78.32447901614155,44.30436708229161],[-78.32448505801163,44.30437551366681],[-78.32449735647847,44.3043867421082],[-78.32451323332045,44.30439581092857],[-78.32452329613193,44.30439965510247],[-78.32453856707257,44.30440340888124],[-78.32456066146554,44.30440512861164],[-78.32430278073215,44.30441685729523],[-78.32433034645268,44.30441098633867],[-78.32434590678287,44.304402884864615],[-78.32435896197389,44.30439139724027],[-78.32437024164611,44.30437784777248],[-78.32437506956579,44.30436747720255],[-78.32437731852677,44.304356172011744],[-78.32432622341236,44.30363767424528],[-78.32433383407975,44.30361211369356],[-78.32433076601806,44.303511616662135],[-78.32432727237902,44.30350118427305],[-78.32432721980932,44.30349158427629],[-78.3243309220395,44.30348857410159],[-78.32433090274716,44.30348535785621],[-78.32430992272721,44.303279523452055],[-78.32438610458875,44.30327555639672],[-78.32439294885701,44.303370617837636]]]},"properties":{"id":"district-road-surface-11-6501","semantic_type":"paved_area","source_id":"city-of-peterborough-11/6501","confidence":0.98,"review_status":"source-aligned","render_in_semantic_layer":false,"source_role":"authoritative-road-surface","facility_id":"22513"}},{"type":"Feature","id":"district-road-surface-11-6514","geometry":{"type":"Polygon","coordinates":[[[-78.32413466889052,44.29816576374497],[-78.32409062280179,44.29817212838143],[-78.32404731622901,44.29818238056585],[-78.32385496365032,44.2981928823682],[-78.32382772200569,44.29818577333709],[-78.32379968885505,44.298183167959685],[-78.32379273489464,44.2980963918112],[-78.32412432210141,44.298081751161256],[-78.32413466889052,44.29816576374497]]]},"properties":{"id":"district-road-surface-11-6514","semantic_type":"paved_area","source_id":"city-of-peterborough-11/6514","confidence":0.98,"review_status":"source-aligned","render_in_semantic_layer":false,"source_role":"authoritative-road-surface","facility_id":"22542"}},{"type":"Feature","id":"district-road-surface-11-6515","geometry":{"type":"Polygon","coordinates":[[[-78.32404731622901,44.29818238056585],[-78.32402684398666,44.298192250850974],[-78.32401115730447,44.298205650341416],[-78.32400175623326,44.29822161346374],[-78.32399816039184,44.29823978683268],[-78.32400316515543,44.2982908121064],[-78.32400909311836,44.298312457763885],[-78.32401790845802,44.298333096683876],[-78.32402944752226,44.29835234571574],[-78.32404063172845,44.29837649174063],[-78.32404751490951,44.298402196580724],[-78.32411043479367,44.29925497843249],[-78.32411316890364,44.29926287434981],[-78.32412199060985,44.29927701294899],[-78.324139914696,44.299291638839875],[-78.32415308507971,44.29929849662699],[-78.32416711238967,44.29930336723542],[-78.32418169868384,44.299306147212725],[-78.32394926882652,44.299316031083606],[-78.32396543562459,44.29931129831],[-78.32398589771455,44.299301450916516],[-78.32400171804086,44.299288380228646],[-78.32401264002155,44.29926824285246],[-78.32401435511387,44.29925299074894],[-78.32395431930952,44.29842693169611],[-78.3239504065327,44.29840464458329],[-78.32394320776274,44.298383192242376],[-78.3239276734508,44.29835435345253],[-78.32391489290539,44.29832419307612],[-78.32390717329787,44.298291801043845],[-78.32390318161848,44.29824500728805],[-78.32390016942568,44.29823167736673],[-78.32388629884346,44.298211529529816],[-78.32387698303853,44.298203534829234],[-78.32386643368301,44.2981972570464],[-78.32385496365032,44.2981928823682],[-78.32404731622901,44.29818238056585]]]},"properties":{"id":"district-road-surface-11-6515","semantic_type":"paved_area","source_id":"city-of-peterborough-11/6515","confidence":0.98,"review_status":"source-aligned","render_in_semantic_layer":false,"source_role":"authoritative-road-surface","facility_id":"22543"}},{"type":"Feature","id":"district-road-surface-11-6527","geometry":{"type":"Polygon","coordinates":[[[-78.32421661188243,44.299394298051666],[-78.32393414716896,44.299408637538],[-78.32392742659619,44.29931892747396],[-78.32394926882652,44.299316031083606],[-78.32418169868384,44.299306147212725],[-78.32420686051248,44.29930815678368],[-78.32421661188243,44.299394298051666]]]},"properties":{"id":"district-road-surface-11-6527","semantic_type":"paved_area","source_id":"city-of-peterborough-11/6527","confidence":0.98,"review_status":"source-aligned","render_in_semantic_layer":false,"source_role":"authoritative-road-surface","facility_id":"22578"}},{"type":"Feature","id":"district-road-surface-11-6528","geometry":{"type":"Polygon","coordinates":[[[-78.32430517740484,44.30064781971119],[-78.32401999187078,44.30066294818657],[-78.32401089827658,44.30056233955857],[-78.32430195154883,44.300544146358284],[-78.32430517740484,44.30064781971119]]]},"properties":{"id":"district-road-surface-11-6528","semantic_type":"paved_area","source_id":"city-of-peterborough-11/6528","confidence":0.98,"review_status":"source-aligned","render_in_semantic_layer":false,"source_role":"authoritative-road-surface","facility_id":"22579"}},{"type":"Feature","id":"district-road-surface-11-6529","geometry":{"type":"Polygon","coordinates":[[[-78.32443396129767,44.30179703226405],[-78.32444075254261,44.3018946123573],[-78.3240595537698,44.30190771815832],[-78.32404835831643,44.301810818938506],[-78.32443396129767,44.30179703226405]]]},"properties":{"id":"district-road-surface-11-6529","semantic_type":"paved_area","source_id":"city-of-peterborough-11/6529","confidence":0.98,"review_status":"source-aligned","render_in_semantic_layer":false,"source_role":"authoritative-road-surface","facility_id":"22580"}},{"type":"Feature","id":"district-road-surface-11-6530","geometry":{"type":"Polygon","coordinates":[[[-78.32425928426187,44.30320681295373],[-78.32437636381188,44.303201442251385],[-78.32448150211872,44.30319488945907],[-78.32448855215826,44.30326992543163],[-78.32430992272721,44.303279523452055],[-78.32421603946148,44.3032796247462],[-78.3242010133127,44.303286075012295],[-78.32419522402415,44.30320747106532],[-78.32420911395138,44.30320866903584],[-78.32425928426187,44.30320681295373]]]},"properties":{"id":"district-road-surface-11-6530","semantic_type":"paved_area","source_id":"city-of-peterborough-11/6530","confidence":0.98,"review_status":"source-aligned","render_in_semantic_layer":false,"source_role":"authoritative-road-surface","facility_id":"22581"}},{"type":"Feature","id":"district-road-surface-11-6531","geometry":{"type":"Polygon","coordinates":[[[-78.32433072922818,44.30451812748408],[-78.3243164475561,44.304518838837744],[-78.32431131748888,44.304416433509545],[-78.32466535996423,44.304399859044345],[-78.32467129838972,44.304503166476074],[-78.32439831687627,44.30451425606261],[-78.32433072922818,44.30451812748408]]]},"properties":{"id":"district-road-surface-11-6531","semantic_type":"paved_area","source_id":"city-of-peterborough-11/6531","confidence":0.98,"review_status":"source-aligned","render_in_semantic_layer":false,"source_role":"authoritative-road-surface","facility_id":"22582"}},{"type":"Feature","id":"district-road-surface-11-6541","geometry":{"type":"Polygon","coordinates":[[[-78.32327644249153,44.3046278274775],[-78.32322504664248,44.304630829248765],[-78.32322390043656,44.304616087328036],[-78.32322020554356,44.304606472141074],[-78.32321220879403,44.3045966192323],[-78.32320076899563,44.304588705805955],[-78.32318799977926,44.30458367090115],[-78.32317388024894,44.30458109179711],[-78.32313363110465,44.30458243553076],[-78.3231263217333,44.30446668644263],[-78.32314158860065,44.30446393940616],[-78.32315567214845,44.30445914889578],[-78.32316818602916,44.30445248500701],[-78.32317865760136,44.30444419593679],[-78.32318668092036,44.30443460706948],[-78.32319195376684,44.30442407863179],[-78.32319417072388,44.304415246677884],[-78.32319326163581,44.304401438503426],[-78.32337091368777,44.304393480333275],[-78.32337341303801,44.30440705571276],[-78.32337972950198,44.304419894143685],[-78.32339040958414,44.30443260442421],[-78.3234032841666,44.304442600507834],[-78.32342010693968,44.304451237920865],[-78.32343743770834,44.3044567542759],[-78.32345593075657,44.30445975909782],[-78.32347597530041,44.304460074254585],[-78.32348283574504,44.30455869130981],[-78.32344494484282,44.30456050277641],[-78.32343655095244,44.30456202998671],[-78.32341338327682,44.30456896985246],[-78.32339416939716,44.30457743296626],[-78.3233844639338,44.30458583004819],[-78.32337656001494,44.30459767332406],[-78.32337295122055,44.30460943365836],[-78.32337291886824,44.30462219343853],[-78.32327644249153,44.3046278274775]]]},"properties":{"id":"district-road-surface-11-6541","semantic_type":"paved_area","source_id":"city-of-peterborough-11/6541","confidence":0.98,"review_status":"source-aligned","render_in_semantic_layer":false,"source_role":"authoritative-road-surface","facility_id":"22594"}},{"type":"Feature","id":"district-road-surface-11-6542","geometry":{"type":"Polygon","coordinates":[[[-78.32321221700514,44.30440058931344],[-78.32319326163581,44.304401438503426],[-78.32312855082642,44.30341845595013],[-78.32329463983497,44.303411933656484],[-78.32337091368777,44.304393480333275],[-78.32321221700514,44.30440058931344]]]},"properties":{"id":"district-road-surface-11-6542","semantic_type":"paved_area","source_id":"city-of-peterborough-11/6542","confidence":0.98,"review_status":"source-aligned","render_in_semantic_layer":false,"source_role":"authoritative-road-surface","facility_id":"22595"}},{"type":"Feature","id":"district-road-surface-11-6543","geometry":{"type":"Polygon","coordinates":[[[-78.32309396494946,44.302838472584064],[-78.32303626316134,44.30200479152949],[-78.32320783559862,44.30200008237263],[-78.32328008410155,44.30316530776549],[-78.32311690758868,44.30317087472391],[-78.32309396494946,44.302838472584064]]]},"properties":{"id":"district-road-surface-11-6543","semantic_type":"paved_area","source_id":"city-of-peterborough-11/6543","confidence":0.98,"review_status":"source-aligned","render_in_semantic_layer":false,"source_role":"authoritative-road-surface","facility_id":"22596"}},{"type":"Feature","id":"district-road-surface-11-6544","geometry":{"type":"Polygon","coordinates":[[[-78.32307339053816,44.30200377254082],[-78.32303626316134,44.30200479152949],[-78.32303339316985,44.3019944079352],[-78.32302822056408,44.30198487241916],[-78.32301973396427,44.30197502060981],[-78.32300891447993,44.30196662745677],[-78.32299606761825,44.30195986667563],[-78.32298315978899,44.30195538396769],[-78.32296937184259,44.30195255693548],[-78.32295436508151,44.30195147306499],[-78.32294956996988,44.30184996947424],[-78.32296396226937,44.30184857577357],[-78.3229774557011,44.301845280309394],[-78.3229897180692,44.301840248144764],[-78.32300064531027,44.301833479540385],[-78.3230088438365,44.3018260950707],[-78.3230160394331,44.30181614739494],[-78.32302021255623,44.301805206951144],[-78.32302088637759,44.301795434028314],[-78.32319845519665,44.30179205567869],[-78.32320627985672,44.30181012409652],[-78.32322344043975,44.30182623096849],[-78.32324723382571,44.30183715742738],[-78.32325972632653,44.301840104394564],[-78.32327460148444,44.30184157315872],[-78.32327974224407,44.301938271954555],[-78.3232650778942,44.301940768458344],[-78.32325014651728,44.301945470682014],[-78.32323670295986,44.30195208037182],[-78.32322519849592,44.30196037763938],[-78.32321527884334,44.30197109600658],[-78.32320908017945,44.30198191963649],[-78.32320706204924,44.30198759447921],[-78.32320783559862,44.30200008237263],[-78.32307339053816,44.30200377254082]]]},"properties":{"id":"district-road-surface-11-6544","semantic_type":"paved_area","source_id":"city-of-peterborough-11/6544","confidence":0.98,"review_status":"source-aligned","render_in_semantic_layer":false,"source_role":"authoritative-road-surface","facility_id":"22597"}},{"type":"Feature","id":"district-road-surface-11-6545","geometry":{"type":"Polygon","coordinates":[[[-78.32319636255642,44.30176683662661],[-78.32319845519665,44.30179205567869],[-78.32302088637759,44.301795434028314],[-78.32295066929198,44.30078312676926],[-78.32312271216412,44.30077323146133],[-78.32316723577313,44.30141579229957],[-78.32319636255642,44.30176683662661]]]},"properties":{"id":"district-road-surface-11-6545","semantic_type":"paved_area","source_id":"city-of-peterborough-11/6545","confidence":0.98,"review_status":"source-aligned","render_in_semantic_layer":false,"source_role":"authoritative-road-surface","facility_id":"22598"}},{"type":"Feature","id":"district-road-surface-11-6652","geometry":{"type":"Polygon","coordinates":[[[-78.31981420541676,44.30330964074071],[-78.31978832994336,44.303242485532294],[-78.31975041181894,44.30270375830223],[-78.31970709377387,44.302137601490585],[-78.31986357480908,44.302131231302305],[-78.31995115619443,44.303250983760584],[-78.31993460359693,44.303291915183],[-78.31993119693169,44.3033087226125],[-78.31981497539128,44.30331263693932],[-78.31981420541676,44.30330964074071]]]},"properties":{"id":"district-road-surface-11-6652","semantic_type":"paved_area","source_id":"city-of-peterborough-11/6652","confidence":0.98,"review_status":"source-aligned","render_in_semantic_layer":false,"source_role":"authoritative-road-surface","facility_id":"22761"}},{"type":"Feature","id":"district-road-surface-11-6661","geometry":{"type":"Polygon","coordinates":[[[-78.3188998069439,44.30416373856684],[-78.3189381938366,44.304618848368165],[-78.31876720251991,44.30462504659374],[-78.31875598672765,44.30442991620891],[-78.31873407906882,44.304171770900545],[-78.3188998069439,44.30416373856684]]]},"properties":{"id":"district-road-surface-11-6661","semantic_type":"paved_area","source_id":"city-of-peterborough-11/6661","confidence":0.98,"review_status":"source-aligned","render_in_semantic_layer":false,"source_role":"authoritative-road-surface","facility_id":"22770"}},{"type":"Feature","id":"district-road-surface-11-6753","geometry":{"type":"Polygon","coordinates":[[[-78.32631244431543,44.29813377701343],[-78.32638388827472,44.29910050145671],[-78.3263869273502,44.29913212650444],[-78.32638991678441,44.299144472723135],[-78.32625709717223,44.29914804447839],[-78.32625743706801,44.29913208599856],[-78.32623757802381,44.29892241588137],[-78.3262131740856,44.29860870212259],[-78.3261725876816,44.2981404545583],[-78.32631244431543,44.29813377701343]]]},"properties":{"id":"district-road-surface-11-6753","semantic_type":"paved_area","source_id":"city-of-peterborough-11/6753","confidence":0.98,"review_status":"source-aligned","render_in_semantic_layer":false,"source_role":"authoritative-road-surface","facility_id":"22950"}},{"type":"Feature","id":"district-road-surface-11-6754","geometry":{"type":"Polygon","coordinates":[[[-78.32641154766475,44.299367863141214],[-78.32640937177942,44.29938966373949],[-78.32647796083265,44.30037698338372],[-78.32633948612228,44.30038240159209],[-78.32629248873631,44.29967014016915],[-78.32627719763268,44.29939628997608],[-78.32627208207455,44.29937469850852],[-78.32641154766475,44.299367863141214]]]},"properties":{"id":"district-road-surface-11-6754","semantic_type":"paved_area","source_id":"city-of-peterborough-11/6754","confidence":0.98,"review_status":"source-aligned","render_in_semantic_layer":false,"source_role":"authoritative-road-surface","facility_id":"22951"}},{"type":"Feature","id":"district-road-surface-11-6755","geometry":{"type":"Polygon","coordinates":[[[-78.32639940582322,44.30119057065923],[-78.32635926644986,44.30061231256745],[-78.32649795497578,44.30060562094836],[-78.32653284985655,44.30112032164731],[-78.3265724944629,44.30164420114516],[-78.32643008729437,44.30164944003105],[-78.32639940582322,44.30119057065923]]]},"properties":{"id":"district-road-surface-11-6755","semantic_type":"paved_area","source_id":"city-of-peterborough-11/6755","confidence":0.98,"review_status":"source-aligned","render_in_semantic_layer":false,"source_role":"authoritative-road-surface","facility_id":"22952"}},{"type":"Feature","id":"district-road-surface-11-6756","geometry":{"type":"Polygon","coordinates":[[[-78.32674587234804,44.30407410348545],[-78.32674242055327,44.30408653561123],[-78.32660411008565,44.30409286545454],[-78.32659193354489,44.3039098976573],[-78.32673240956926,44.30390277498347],[-78.32673507348478,44.30391268821288],[-78.32674077140285,44.30392284715033],[-78.32674821424492,44.303931132961075],[-78.32675875417414,44.303939048365606],[-78.32676994576653,44.30394476074539],[-78.32678382309805,44.30394930534104],[-78.32679868082909,44.303951778848045],[-78.32681260885845,44.303952142835996],[-78.3268178871115,44.30402763952266],[-78.32679303541877,44.3040337168849],[-78.32677224260132,44.30404405668353],[-78.32675617828056,44.30405788235805],[-78.32674587234804,44.30407410348545]]]},"properties":{"id":"district-road-surface-11-6756","semantic_type":"paved_area","source_id":"city-of-peterborough-11/6756","confidence":0.98,"review_status":"source-aligned","render_in_semantic_layer":false,"source_role":"authoritative-road-surface","facility_id":"22953"}},{"type":"Feature","id":"district-road-surface-11-6757","geometry":{"type":"Polygon","coordinates":[[[-78.32660411008565,44.30409286545454],[-78.32674242055327,44.30408653561123],[-78.32675220399891,44.3042368527794],[-78.32661402925655,44.304241925423575],[-78.32660411008565,44.30409286545454]]]},"properties":{"id":"district-road-surface-11-6757","semantic_type":"paved_area","source_id":"city-of-peterborough-11/6757","confidence":0.98,"review_status":"source-aligned","render_in_semantic_layer":false,"source_role":"authoritative-road-surface","facility_id":"22954"}},{"type":"Feature","id":"district-road-surface-11-6758","geometry":{"type":"Polygon","coordinates":[[[-78.32664132788139,44.304466352264285],[-78.32663857530854,44.304453698311455],[-78.32676771996576,44.30444551346711],[-78.3267799220917,44.30459935874055],[-78.32664998773247,44.30460388978091],[-78.32664132788139,44.304466352264285]]]},"properties":{"id":"district-road-surface-11-6758","semantic_type":"paved_area","source_id":"city-of-peterborough-11/6758","confidence":0.98,"review_status":"source-aligned","render_in_semantic_layer":false,"source_role":"authoritative-road-surface","facility_id":"22955"}},{"type":"Feature","id":"district-road-surface-11-6776","geometry":{"type":"Polygon","coordinates":[[[-78.32661118775773,44.30442238801772],[-78.3265863325499,44.30441178310118],[-78.32655801988243,44.30440757830367],[-78.32655097616703,44.30430504362457],[-78.32657748508757,44.304294693697635],[-78.32659848156278,44.304278713061564],[-78.32661145566416,44.30425881468284],[-78.32661443370601,44.30424800907157],[-78.32661402925655,44.304241925423575],[-78.32675220399891,44.3042368527794],[-78.32676771996576,44.30444551346711],[-78.32663857530854,44.304453698311455],[-78.32662771341478,44.304435976730346],[-78.32661118775773,44.30442238801772]]]},"properties":{"id":"district-road-surface-11-6776","semantic_type":"paved_area","source_id":"city-of-peterborough-11/6776","confidence":0.98,"review_status":"source-aligned","render_in_semantic_layer":false,"source_role":"authoritative-road-surface","facility_id":"22973"}},{"type":"Feature","id":"district-road-surface-11-6777","geometry":{"type":"Polygon","coordinates":[[[-78.32654779430914,44.30324658061737],[-78.32668662352539,44.30324195190995],[-78.32670976820023,44.30357667538004],[-78.32656815741935,44.30355259932187],[-78.32654779430914,44.30324658061737]]]},"properties":{"id":"district-road-surface-11-6777","semantic_type":"paved_area","source_id":"city-of-peterborough-11/6777","confidence":0.98,"review_status":"source-aligned","render_in_semantic_layer":false,"source_role":"authoritative-road-surface","facility_id":"22974"}},{"type":"Feature","id":"district-road-surface-11-6778","geometry":{"type":"Polygon","coordinates":[[[-78.32670976820023,44.30357667538004],[-78.32673240956926,44.30390277498347],[-78.32659193354489,44.3039098976573],[-78.32656815741935,44.30355259932187],[-78.32670976820023,44.30357667538004]]]},"properties":{"id":"district-road-surface-11-6778","semantic_type":"paved_area","source_id":"city-of-peterborough-11/6778","confidence":0.98,"review_status":"source-aligned","render_in_semantic_layer":false,"source_role":"authoritative-road-surface","facility_id":"22975"}},{"type":"Feature","id":"district-road-surface-11-6779","geometry":{"type":"Polygon","coordinates":[[[-78.326642255039,44.30269830705751],[-78.32666452580459,44.3030184228874],[-78.32653217382938,44.30302472744369],[-78.3265068290391,44.302679592882974],[-78.326642255039,44.30269830705751]]]},"properties":{"id":"district-road-surface-11-6779","semantic_type":"paved_area","source_id":"city-of-peterborough-11/6779","confidence":0.98,"review_status":"source-aligned","render_in_semantic_layer":false,"source_role":"authoritative-road-surface","facility_id":"22976"}},{"type":"Feature","id":"district-road-surface-11-6780","geometry":{"type":"Polygon","coordinates":[[[-78.32644806049494,44.30187769352615],[-78.32658465033035,44.30187349953843],[-78.326642255039,44.30269830705751],[-78.3265068290391,44.302679592882974],[-78.32644806049494,44.30187769352615]]]},"properties":{"id":"district-road-surface-11-6780","semantic_type":"paved_area","source_id":"city-of-peterborough-11/6780","confidence":0.98,"review_status":"source-aligned","render_in_semantic_layer":false,"source_role":"authoritative-road-surface","facility_id":"22977"}},{"type":"Feature","id":"district-road-surface-11-6781","geometry":{"type":"Polygon","coordinates":[[[-78.32643008729437,44.30164944003105],[-78.3265724944629,44.30164420114516],[-78.32657468529736,44.30165878744941],[-78.32657913387214,44.30166870917303],[-78.32658636764761,44.30167855568405],[-78.32659643181985,44.301687690643504],[-78.3266086995826,44.30169531342756],[-78.32662397755911,44.30170155006],[-78.32663879284415,44.301705138938935],[-78.3266547007624,44.30170672417807],[-78.32665963793367,44.3018070623884],[-78.32664375363426,44.30181078124256],[-78.32662815318395,44.30181666921074],[-78.32660235552038,44.3018331351977],[-78.32659438410387,44.30184165689529],[-78.32658807204292,44.30185212064362],[-78.32658465667814,44.30186325632074],[-78.32658465033035,44.30187349953843],[-78.32644806049494,44.30187769352615],[-78.32644431718023,44.30185522403242],[-78.32643857551066,44.30184586800135],[-78.3264300327433,44.301837516793725],[-78.32641891205535,44.30183061137088],[-78.32640414057313,44.30182517431775],[-78.32638869985377,44.30182263128705],[-78.32637397340883,44.30182257894911],[-78.32636948292395,44.30171904079727],[-78.32638457323783,44.30171502789913],[-78.32639754105638,44.30170938889809],[-78.32640846427698,44.301702423611545],[-78.32641803431738,44.301693592762774],[-78.32642494606633,44.30168389210109],[-78.32642926457463,44.301673462693685],[-78.32643091534302,44.30166264760257],[-78.32643008729437,44.30164944003105]]]},"properties":{"id":"district-road-surface-11-6781","semantic_type":"paved_area","source_id":"city-of-peterborough-11/6781","confidence":0.98,"review_status":"source-aligned","render_in_semantic_layer":false,"source_role":"authoritative-road-surface","facility_id":"22978"}},{"type":"Feature","id":"district-road-surface-11-6782","geometry":{"type":"Polygon","coordinates":[[[-78.3260932814888,44.29808126349891],[-78.32607950353197,44.29808182122418],[-78.32607331030823,44.297999252927184],[-78.32609864649467,44.29799404502867],[-78.32611123708047,44.297989352415556],[-78.32613331873671,44.297975125803966],[-78.32614864374507,44.29795562823501],[-78.32615388565212,44.29794503770585],[-78.32615677279675,44.297933991393805],[-78.3261555554549,44.297917874896825],[-78.32629487243291,44.29791255225504],[-78.32629816249343,44.29792644769722],[-78.32630329147433,44.29793722443326],[-78.32631514166066,44.29795200999193],[-78.32632553635226,44.29796061525449],[-78.32633764244478,44.29796797140249],[-78.32635838283305,44.29797629592369],[-78.32637344961633,44.29797984661485],[-78.32639563711528,44.29798192107827],[-78.32640187747364,44.29806509004816],[-78.32637868403751,44.29806940471016],[-78.32636424468437,44.298074341238994],[-78.32633931492745,44.29808862452322],[-78.32632151897866,44.2981076303067],[-78.32631387268631,44.29812393711303],[-78.32631244431543,44.29813377701343],[-78.3261725876816,44.2981404545583],[-78.32616978415155,44.29812534162903],[-78.32616577748307,44.29811662670679],[-78.32616076790072,44.29810945927831],[-78.32614926434624,44.298099627954976],[-78.3261383106206,44.29809292627495],[-78.32612566801241,44.29808799909422],[-78.32610699423849,44.29808291442881],[-78.3260932814888,44.29808126349891]]]},"properties":{"id":"district-road-surface-11-6782","semantic_type":"paved_area","source_id":"city-of-peterborough-11/6782","confidence":0.98,"review_status":"source-aligned","render_in_semantic_layer":false,"source_role":"authoritative-road-surface","facility_id":"22979"}},{"type":"Feature","id":"district-road-surface-11-6783","geometry":{"type":"Polygon","coordinates":[[[-78.32616083954389,44.299226489829046],[-78.32617926489642,44.2992223129018],[-78.3261965768519,44.299216153585995],[-78.32621234985136,44.299208163063795],[-78.32622620868399,44.29919854321219],[-78.32623787275173,44.2991874828197],[-78.32624712551221,44.2991751127569],[-78.32625358659607,44.29916185894939],[-78.32625709717223,44.29914804447839],[-78.32638991678441,44.299144472723135],[-78.32640313459014,44.29916801490336],[-78.32642495771033,44.299187950457046],[-78.32645359887843,44.29920269894233],[-78.32648675039061,44.29921112597005],[-78.32649325086997,44.29930019243679],[-78.32646380482772,44.29931086878411],[-78.3264398250118,44.299326223160996],[-78.32642207537312,44.29934544340722],[-78.32641154766475,44.299367863141214],[-78.32627201800614,44.29937470150924],[-78.32625728268205,44.29935180978129],[-78.32624794419397,44.299342935763086],[-78.32623579977613,44.29933470633891],[-78.32622196956171,44.29932798950614],[-78.32620074075383,44.29932047277394],[-78.32618369229307,44.29931652363231],[-78.32616615947101,44.29931440691292],[-78.32616083954389,44.299226489829046]]]},"properties":{"id":"district-road-surface-11-6783","semantic_type":"paved_area","source_id":"city-of-peterborough-11/6783","confidence":0.98,"review_status":"source-aligned","render_in_semantic_layer":false,"source_role":"authoritative-road-surface","facility_id":"22980"}}]}
